metric,metric_label,architecture,objective,system,n,mean,sd,median,min,max,ci95_t_low,ci95_t_high,ci95_seed_bootstrap_low,ci95_seed_bootstrap_high
legal_preferred_top1,Legal top-1 / best available head,transformer,ar,Transformer-AR,5,0.9971258788933322,0.00011444268315670972,0.9971298811861711,0.99696232757071,0.9972567335185242,0.9969837795337986,0.9972679782528657,0.997033486980677,0.9972101983848374
legal_preferred_top1,Legal top-1 / best available head,transformer,jepa,Transformer-JEPA,5,0.9941926730906857,0.00013553550192318771,0.994228897232652,0.9939762101000233,0.9943123348630232,0.9940243835374692,0.9943609626439022,0.9940792521817583,0.9942869643965526
legal_preferred_top1,Legal top-1 / best available head,mamba,ar,Mamba-AR,5,0.9983762223104083,0.0001367853552671943,0.9984143458455861,0.9981579277620061,0.998500157717472,0.9982063808592916,0.9985460637615251,0.998260494995438,0.9984711919709935
legal_preferred_top1,Legal top-1 / best available head,mamba,jepa,Mamba-JEPA,5,0.9972403173343374,4.421850432269081e-05,0.997221459073164,0.9971916114655515,0.997301504929943,0.9971854128094655,0.9972952218592093,0.9972080276497384,0.9972757918943395
legal_preferred_mass,Legal probability mass / best available head,transformer,ar,Transformer-AR,5,0.9844357006551899,0.0006046394307358222,0.9847464194773996,0.9834693940528386,0.9849647276268259,0.9836849416421508,0.985186459668229,0.9839206785650969,0.9848421665777073
legal_preferred_mass,Legal probability mass / best available head,transformer,jepa,Transformer-JEPA,5,0.9776357807086091,0.0007668706430804568,0.977626007208091,0.9765578643587439,0.9787266795226008,0.9766835850398168,0.9785879763774015,0.9769891957249888,0.9782864105967969
legal_preferred_mass,Legal probability mass / best available head,mamba,ar,Mamba-AR,5,0.9937460699070387,0.0005458712950247744,0.9937448117600715,0.9930032617188289,0.9942991976178632,0.9930682811723536,0.9944238586417239,0.9933278966267309,0.9941642431873465
legal_preferred_mass,Legal probability mass / best available head,mamba,jepa,Mamba-JEPA,5,0.9897540175418081,0.00046184627518390845,0.9897242323681572,0.9890389693560654,0.9902521298559394,0.9891805596492078,0.9903274754344085,0.989374332839415,0.9901022291393394
board_macro_mean,Mean board-state macro accuracy,transformer,ar,Transformer-AR,5,0.8913834081881362,0.0010225271917081134,0.8910597201503762,0.8902627214632177,0.892730347616282,0.8901137729870079,0.8926530433892645,0.8906066809653508,0.8922110589119301
board_macro_mean,Mean board-state macro accuracy,transformer,jepa,Transformer-JEPA,5,0.8914915041377457,0.0017316840794640782,0.8914575382677371,0.8896879621850098,0.8938398103152422,0.8893413343600125,0.8936416739154789,0.8901634597290714,0.8928195485464203
board_macro_mean,Mean board-state macro accuracy,mamba,ar,Mamba-AR,5,0.8835985945842214,0.005930246973113293,0.8855412365569085,0.8769964533255352,0.8904787435145792,0.8762352204172498,0.890961968751193,0.8790365085472791,0.8881606806211636
board_macro_mean,Mean board-state macro accuracy,mamba,jepa,Mamba-JEPA,5,0.8960162656573445,0.006153371545592562,0.8982613418466622,0.885205090795337,0.9005942037364518,0.8883758457416108,0.9036566855730782,0.890427591215867,0.8994991613684297
board_linear_absolute,Board Linear / absolute,transformer,ar,Transformer-AR,5,0.6890311912063982,0.00021054885494185442,0.6890129446098762,0.6887814109589239,0.6893578538129588,0.6887697602733539,0.6892926221394425,0.6888803555944919,0.6892154616178218
board_linear_absolute,Board Linear / absolute,transformer,jepa,Transformer-JEPA,5,0.6902121635167545,0.00040653347086108547,0.6902249284692461,0.6896645533411965,0.6907986819984816,0.6897073855419215,0.6907169414915876,0.6898913790726535,0.6905537399540587
board_linear_absolute,Board Linear / absolute,mamba,ar,Mamba-AR,5,0.6874545038648328,0.0005031772905411897,0.6874453659656226,0.6868176389349067,0.6880635646706684,0.686829726738454,0.6880792809912115,0.6870680797491777,0.6878409279804878
board_linear_absolute,Board Linear / absolute,mamba,jepa,Mamba-JEPA,5,0.6899116139471938,0.0007934189807836076,0.6895980728008763,0.689191469049239,0.6909400228147655,0.6889264541632633,0.6908967737311243,0.6893021341784474,0.690529714703077
board_linear_relative,Board Linear / relative,transformer,ar,Transformer-AR,5,0.969526990032372,0.0006603738333258522,0.9693618471684252,0.9688189262033445,0.9705337107388199,0.9687070276181754,0.9703469524465685,0.9690596632669386,0.970064965310662
board_linear_relative,Board Linear / relative,transformer,jepa,Transformer-JEPA,5,0.9661603762405017,0.0024149877655282896,0.9672444647505151,0.963415612224504,0.9689135927698734,0.9631617728759426,0.9691589796050607,0.9642950096262256,0.9679778950210688
board_linear_relative,Board Linear / relative,mamba,ar,Mamba-AR,5,0.9791686192837401,0.0014090023939205807,0.9796368705059605,0.9770557479313536,0.9805134504776989,0.977419111737826,0.9809181268296542,0.9780322612489467,0.9801953205045575
board_linear_relative,Board Linear / relative,mamba,jepa,Mamba-JEPA,5,0.9817472599505933,0.0007615578140892177,0.982072274343146,0.9804064036152611,0.9822475297626952,0.980801661030288,0.9826928588708986,0.981068599237388,0.9821670013550687
board_mlp_absolute,Board MLP / absolute,transformer,ar,Transformer-AR,5,0.9405517937167897,0.003192305788147826,0.9388431803455913,0.9373953920328991,0.9443442824989959,0.936588022548389,0.9445155648851903,0.9381452400820984,0.9429583473514809
board_mlp_absolute,Board MLP / absolute,transformer,jepa,Transformer-JEPA,5,0.9465225623421297,0.00292449007335479,0.9451978729148488,0.9439541752507221,0.9507710874786888,0.9428913283049408,0.9501537963793186,0.9443719814854304,0.9489160543495496
board_mlp_absolute,Board MLP / absolute,mamba,ar,Mamba-AR,5,0.8904779366109554,0.0230769804561438,0.8964348871087253,0.8655061601709436,0.9154409355349366,0.8618240807913098,0.9191317924306011,0.8723410292246712,0.9086148439972398
board_mlp_absolute,Board MLP / absolute,mamba,jepa,Mamba-JEPA,5,0.9325555407953102,0.022494719271300506,0.9412364105084349,0.8930618225170287,0.9493633775090528,0.904624657726436,0.9604864238641845,0.9123316577135911,0.9453679009716499
board_mlp_relative,Board MLP / relative,transformer,ar,Transformer-AR,5,0.9664236577969849,0.0009022927399691267,0.9661225838155802,0.9654787138036687,0.9677002560540361,0.9653033133859246,0.9675440022080453,0.9657525819109987,0.9671835006947497
board_mlp_relative,Board MLP / relative,transformer,jepa,Transformer-JEPA,5,0.9630709144515972,0.0022945086001921037,0.9641389403870383,0.9605833792663315,0.9655768315603201,0.9602219057291698,0.9659199231740246,0.9613313700749462,0.9648104588282485
board_mlp_relative,Board MLP / relative,mamba,ar,Mamba-AR,5,0.9772933185773571,0.0013508463061820918,0.9777133202795937,0.9756113155336804,0.9788307105904551,0.9756160213518643,0.9789706158028499,0.9762290386168194,0.9783262593411296
board_mlp_relative,Board MLP / relative,mamba,jepa,Mamba-JEPA,5,0.9798506479362808,0.0009767657835501335,0.9803159259087043,0.9781606679998195,0.9804718525386263,0.9786378330281693,0.9810634628443924,0.9789619598028085,0.9804314665005099
