board_size,seed,architecture,objective,system,source_kind,results_path,checkpoint_sha256,split_identity_sha256,data_manifest_sha256,raw_split_manifest_sha256,training_precision,legal_head,legal_preferred_top1,legal_preferred_mass,board_macro_mean,board_linear_absolute,board_linear_relative,board_mlp_absolute,board_mlp_relative,legal_linear_top1,legal_linear_mass,legal_mlp_top1,legal_mlp_mass
8,0,transformer,ar,Transformer-AR,additional_replication,/content/drive/MyDrive/Master_Thesis_Artifacts/runs/seeded_replications/Transformer-AR/transformer_ar_b8_bf16/seed_000/thesis_eval/final/results__unified_eval_v4.json,c38baa5b2c844b04ae3e53da49d3540136c531f1f0725f4659fca50224118770,7b95882e8f84aa12e078ef4723e59bb64fe29debf4a07f85d4102d991e875833,a0994e3e27b032e593894e0fc9f2626094b4b75e91179f4803fd0f23939b1325,a31db3fcea98fe257c40e6c83efdedcd707f96a0b36218fcecd525c892b061dc,bf16,Native AR head,0.9970766303407715,0.9842304830401427,0.8902627214632177,0.6893578538129588,0.9688189262033445,0.9373953920328991,0.9654787138036687,,,,
8,0,transformer,jepa,Transformer-JEPA,additional_replication,/content/drive/MyDrive/Master_Thesis_Artifacts/runs/seeded_replications/Transformer-JEPA/jepa_v5_infonce_b8_run_001_hd_allpos_bf16/seed_000/thesis_eval/final/results__unified_eval_v4.json,37d4dd61621ee4b0c1e8eace9422e22c26776978fc8279e8872e2f06f1a71351,7b95882e8f84aa12e078ef4723e59bb64fe29debf4a07f85d4102d991e875833,a0994e3e27b032e593894e0fc9f2626094b4b75e91179f4803fd0f23939b1325,4fd0bfa141d51f8ff969526a9b5128a1afb4b9e0afc730f547102bb2ad8f59fd,bf16,Frozen Linear,0.9939762101000233,0.9776463783406213,0.8938398103152422,0.6900977294520864,0.9689135927698734,0.9507710874786888,0.9655768315603201,0.9939762101000233,0.9776463783406213,0.9939165148847984,0.9757818315409801
8,0,mamba,ar,Mamba-AR,additional_replication,/content/drive/MyDrive/Master_Thesis_Artifacts/runs/seeded_replications/Mamba-AR/mamba_ar_8x8_bf16/seed_000/thesis_eval/final/results__unified_eval_v4.json,1d7e725418192720c9ecc3118869efa46170ed5f79ccc2139f9fffb17380cb2a,7b95882e8f84aa12e078ef4723e59bb64fe29debf4a07f85d4102d991e875833,a0994e3e27b032e593894e0fc9f2626094b4b75e91179f4803fd0f23939b1325,f2e3e25a0870aa50c586098aad5a4736d4a9d539f6eadaa5d4868ba790bb36a3,bf16,Native AR head,0.9981579277620061,0.9930032617188289,0.8778241997642082,0.6868176389349067,0.9796368705059605,0.8671289693363718,0.9777133202795937,,,,
8,0,mamba,jepa,Mamba-JEPA,additional_replication,/content/drive/MyDrive/Master_Thesis_Artifacts/runs/seeded_replications/Mamba-JEPA/mamba_jepa_v5_hd_infonce_allpos_b8/seed_000/thesis_eval/final/results__unified_eval_v4.json,c466a775c883a691b9d5f487cbe2a05013514d1631d9fb0bcaee895c28859729,7b95882e8f84aa12e078ef4723e59bb64fe29debf4a07f85d4102d991e875833,a0994e3e27b032e593894e0fc9f2626094b4b75e91179f4803fd0f23939b1325,fd4428a7030e5222cb9f11ad03f8ebec48d89803125937845e8601501923dadb,bf16,Frozen MLP,0.997221459073164,0.9900541198938471,0.8982613418466622,0.6892648299964413,0.982072274343146,0.9412364105084349,0.9804718525386263,0.9974578656925492,0.9856330964759273,0.997221459073164,0.9900541198938471
8,1,transformer,ar,Transformer-AR,additional_replication,/content/drive/MyDrive/Master_Thesis_Artifacts/runs/seeded_replications/Transformer-AR/transformer_ar_b8_bf16/seed_001/thesis_eval/final/results__unified_eval_v4.json,ba14a88df9f37c2f78cc2ba24b26b70b74081f2722fc71708fa42cc25481c930,7b95882e8f84aa12e078ef4723e59bb64fe29debf4a07f85d4102d991e875833,a0994e3e27b032e593894e0fc9f2626094b4b75e91179f4803fd0f23939b1325,ebe05316ed531b94bc2e33f685ae79d118b96870025ebd9a10028d58e573a192,bf16,Native AR head,0.9972038218504838,0.9834693940528386,0.8921401308358338,0.6890129446098762,0.9693618471684252,0.9443442824989959,0.9658414490660379,,,,
8,1,transformer,jepa,Transformer-JEPA,additional_replication,/content/drive/MyDrive/Master_Thesis_Artifacts/runs/seeded_replications/Transformer-JEPA/jepa_v5_infonce_b8_run_001_hd_allpos_bf16/seed_001/thesis_eval/final/results__unified_eval_v4.json,c75a1fc74eb33d49b0593af85c6407343bf71de7c5183d9a613e6e07bcd69043,7b95882e8f84aa12e078ef4723e59bb64fe29debf4a07f85d4102d991e875833,a0994e3e27b032e593894e0fc9f2626094b4b75e91179f4803fd0f23939b1325,e000730655e82dc7c298768a1973687b8c96f332b1979b66bb03447b3925c8dc,bf16,Frozen Linear,0.9942906275120323,0.9765578643587439,0.8899919180038001,0.6902749243227619,0.963819299050075,0.9451978729148488,0.9606755757275146,0.9942906275120323,0.9765578643587439,0.9941288399116782,0.9749985060854695
8,1,mamba,ar,Mamba-AR,additional_replication,/content/drive/MyDrive/Master_Thesis_Artifacts/runs/seeded_replications/Mamba-AR/mamba_ar_8x8_bf16/seed_001/thesis_eval/final/results__unified_eval_v4.json,5992d241b42782f4af086ed71dce537ba8ebc362bf31aecadfb04183e7b031b3,7b95882e8f84aa12e078ef4723e59bb64fe29debf4a07f85d4102d991e875833,a0994e3e27b032e593894e0fc9f2626094b4b75e91179f4803fd0f23939b1325,87a69e28ed5d98e370ecb47d758f65abb4c784a7b784c116f49613d49232def2,bf16,Native AR head,0.998500157717472,0.9942991976178632,0.8855412365569085,0.6874453659656226,0.9801564155307144,0.8964348871087253,0.9781282776225719,,,,
8,1,mamba,jepa,Mamba-JEPA,additional_replication,/content/drive/MyDrive/Master_Thesis_Artifacts/runs/seeded_replications/Mamba-JEPA/mamba_jepa_v5_hd_infonce_allpos_b8/seed_001/thesis_eval/final/results__unified_eval_v4.json,21fc832a9d851ed2d2951344f9d80e89610511cb77f065fde40b43805d24b26d,7b95882e8f84aa12e078ef4723e59bb64fe29debf4a07f85d4102d991e875833,a0994e3e27b032e593894e0fc9f2626094b4b75e91179f4803fd0f23939b1325,e7f5684124d57258e2e789b3efc86d5af6b40fb6c64f29d7bd03e63229dcb961,bf16,Frozen MLP,0.9972177281222124,0.9902521298559394,0.8974518537861309,0.6895980728008763,0.9822475297626952,0.9375129618226558,0.9804488507582962,0.9973829074961588,0.986627035352739,0.9972177281222124,0.9902521298559394
8,2,transformer,ar,Transformer-AR,additional_replication,/content/drive/MyDrive/Master_Thesis_Artifacts/runs/seeded_replications/Transformer-AR/transformer_ar_b8_bf16/seed_002/thesis_eval/final/results__unified_eval_v4.json,25965b0c96cdfb3b2784d51773c992df7cba26d9f0fc0cf2c878ae1f9ab9fcad,7b95882e8f84aa12e078ef4723e59bb64fe29debf4a07f85d4102d991e875833,a0994e3e27b032e593894e0fc9f2626094b4b75e91179f4803fd0f23939b1325,0d867d4a1947a87a16ab37e22e3f09aa99486de676109ed5776bf3ecae795513,bf16,Native AR head,0.99696232757071,0.9847464194773996,0.892730347616282,0.6890574279653618,0.9705337107388199,0.9436299957069104,0.9677002560540361,,,,
8,2,transformer,jepa,Transformer-JEPA,additional_replication,/content/drive/MyDrive/Master_Thesis_Artifacts/runs/seeded_replications/Transformer-JEPA/jepa_v5_infonce_b8_run_001_hd_allpos_bf16/seed_002/thesis_eval/final/results__unified_eval_v4.json,a7948e0bc69fdd42ab9944424a8037928d3c89a55de739f6d4a87428d3b310d1,7b95882e8f84aa12e078ef4723e59bb64fe29debf4a07f85d4102d991e875833,a0994e3e27b032e593894e0fc9f2626094b4b75e91179f4803fd0f23939b1325,11b5caa28bf97a4427edae226c56379272dbb54d28e97ec5afa6acc08e39f808,bf16,Frozen Linear,0.994228897232652,0.9776219741129883,0.8914575382677371,0.6896645533411965,0.9674089124075408,0.9443768420054296,0.9643798453167817,0.994228897232652,0.9776219741129883,0.9943184400554894,0.9754766423115417
8,2,mamba,ar,Mamba-AR,additional_replication,/content/drive/MyDrive/Master_Thesis_Artifacts/runs/seeded_replications/Mamba-AR/mamba_ar_8x8_bf16/seed_002/thesis_eval/final/results__unified_eval_v4.json,01c0e04cee8c0175e13d8bad97ae414b05eab5b6cdb642db10921a0f627c57ea,7b95882e8f84aa12e078ef4723e59bb64fe29debf4a07f85d4102d991e875833,a0994e3e27b032e593894e0fc9f2626094b4b75e91179f4803fd0f23939b1325,86fdcb66e63d50c6754ec12c7e31eb57749ac6d6e2768150e152fb906b48f5f7,bf16,Native AR head,0.9983380309397587,0.9942390044704672,0.8904787435145792,0.6871298774552265,0.9805134504776989,0.9154409355349366,0.9788307105904551,,,,
8,2,mamba,jepa,Mamba-JEPA,additional_replication,/content/drive/MyDrive/Master_Thesis_Artifacts/runs/seeded_replications/Mamba-JEPA/mamba_jepa_v5_hd_infonce_allpos_b8/seed_002/thesis_eval/final/results__unified_eval_v4.json,2d233f6c79f9a072f9e942a4ef8e831ec389ba3aed4236291a01efe0eac412c2,7b95882e8f84aa12e078ef4723e59bb64fe29debf4a07f85d4102d991e875833,a0994e3e27b032e593894e0fc9f2626094b4b75e91179f4803fd0f23939b1325,5a02b605879dcfdb5ad7c10ecf2440cb0363a46e15091410360ef59697de2900,bf16,Frozen MLP,0.9972692830808157,0.9897242323681572,0.8985688381221408,0.6909400228147655,0.9818762555784618,0.9416031316193784,0.9798559424759579,0.997354077420624,0.9852772069180942,0.9972692830808157,0.9897242323681572
8,3,transformer,ar,Transformer-AR,additional_replication,/content/drive/MyDrive/Master_Thesis_Artifacts/runs/seeded_replications/Transformer-AR/transformer_ar_b8_bf16/seed_003/thesis_eval/final/results__unified_eval_v4.json,8945cc94c8face57f7b2fe99ba886d0f5cfe3492db6dbddb4a01c7450c853c2a,7b95882e8f84aa12e078ef4723e59bb64fe29debf4a07f85d4102d991e875833,a0994e3e27b032e593894e0fc9f2626094b4b75e91179f4803fd0f23939b1325,f97acacc82699366dca6f035884fadd336a5a8df30a523c416b203681b685277,bf16,Native AR head,0.9971298811861711,0.9849647276268259,0.8910597201503762,0.6889463186848706,0.9697711576714808,0.9385461179995512,0.9669752862456019,,,,
8,3,transformer,jepa,Transformer-JEPA,additional_replication,/content/drive/MyDrive/Master_Thesis_Artifacts/runs/seeded_replications/Transformer-JEPA/jepa_v5_infonce_b8_run_001_hd_allpos_bf16/seed_003/thesis_eval/final/results__unified_eval_v4.json,4a3d91e22f2ab45bbc85b58d27a15a36eaffefbeb858b43adb7ee113e73ecf8e,7b95882e8f84aa12e078ef4723e59bb64fe29debf4a07f85d4102d991e875833,a0994e3e27b032e593894e0fc9f2626094b4b75e91179f4803fd0f23939b1325,d91e118d3ff06e35cfd95d14d8b453bc4f62a47281d19588fcf6c0db56982ef2,bf16,Frozen MLP,0.9943123348630232,0.9787266795226008,0.8896879621850098,0.6907986819984816,0.963415612224504,0.9439541752507221,0.9605833792663315,0.994164792711757,0.976851074576231,0.9943123348630232,0.9787266795226008
8,3,mamba,ar,Mamba-AR,additional_replication,/content/drive/MyDrive/Master_Thesis_Artifacts/runs/seeded_replications/Mamba-AR/mamba_ar_8x8_bf16/seed_003/thesis_eval/final/results__unified_eval_v4.json,fefed6e1bbe8a99dc13bcbde77acb4bb4cc631d4359f08dda325fbd25db3dc2c,7b95882e8f84aa12e078ef4723e59bb64fe29debf4a07f85d4102d991e875833,a0994e3e27b032e593894e0fc9f2626094b4b75e91179f4803fd0f23939b1325,97c9660b64fbe8f445a02068c91d5b9578b2a8604a7dffad2de0d562b542ecae,bf16,Native AR head,0.9984143458455861,0.9937448117600715,0.8871523397598757,0.6880635646706684,0.9770557479313536,0.9078787309038003,0.9756113155336804,,,,
8,3,mamba,jepa,Mamba-JEPA,additional_replication,/content/drive/MyDrive/Master_Thesis_Artifacts/runs/seeded_replications/Mamba-JEPA/mamba_jepa_v5_hd_infonce_allpos_b8/seed_003/thesis_eval/final/results__unified_eval_v4.json,efc79dc529c0351cac7dbf9fde3f7716493a16f5649f6adfdca647577c2fcd23,7b95882e8f84aa12e078ef4723e59bb64fe29debf4a07f85d4102d991e875833,a0994e3e27b032e593894e0fc9f2626094b4b75e91179f4803fd0f23939b1325,7cd5eadbc9d4d528b7de1f989a0fa8abc596b3801f3cca52299d290b833669de,bf16,Frozen MLP,0.997301504929943,0.9897006362350319,0.9005942037364518,0.6905636750746468,0.9821338364534032,0.9493633775090528,0.9803159259087043,0.9974127551037714,0.9858111916929393,0.997301504929943,0.9897006362350319
8,42,transformer,ar,Transformer-AR,original_reference,/content/drive/MyDrive/Master_Thesis_Artifacts/runs/Transformer-AR/transformer_ar_b8_bf16/thesis_eval/final/results__unified_eval_v4.json,a8372296a542876e0b4e5cee22a1e6940f9d3de6772e12835314e982a52b56d2,7b95882e8f84aa12e078ef4723e59bb64fe29debf4a07f85d4102d991e875833,a0994e3e27b032e593894e0fc9f2626094b4b75e91179f4803fd0f23939b1325,9b203eaa68ee72bda13dbeae13566df1869b618995743b21c52397aaf9b5146f,bf16,Native AR head,0.9972567335185242,0.9847674790787426,0.8907241208749712,0.6887814109589239,0.9691493083797895,0.9388431803455913,0.9661225838155802,,,,
8,42,transformer,jepa,Transformer-JEPA,original_reference,/content/drive/MyDrive/Master_Thesis_Artifacts/runs/Transformer-JEPA/jepa_v5_infonce_b8_run_001_hd_allpos_bf16/thesis_eval/final/results__unified_eval_v4.json,0c4eda770574ddd8577a7bf7ca0422a659e374232226e8b8ea7359c7d3447001,7b95882e8f84aa12e078ef4723e59bb64fe29debf4a07f85d4102d991e875833,a0994e3e27b032e593894e0fc9f2626094b4b75e91179f4803fd0f23939b1325,9b203eaa68ee72bda13dbeae13566df1869b618995743b21c52397aaf9b5146f,bf16,Frozen Linear,0.9941552957456984,0.977626007208091,0.8924802919169397,0.6902249284692461,0.9672444647505151,0.9483128340609593,0.9641389403870383,0.9941552957456984,0.977626007208091,0.9941773422740485,0.9758489279259562
8,42,mamba,ar,Mamba-AR,original_reference,/content/drive/MyDrive/Master_Thesis_Artifacts/runs/Mamba-AR/mamba_ar_8x8_bf16/thesis_eval/final/results__unified_eval_v4.json,84968ae53eb2344db59aa9f1ee647fbdffdce86bb3010e4a70c361b4104c2b4d,7b95882e8f84aa12e078ef4723e59bb64fe29debf4a07f85d4102d991e875833,a0994e3e27b032e593894e0fc9f2626094b4b75e91179f4803fd0f23939b1325,9b203eaa68ee72bda13dbeae13566df1869b618995743b21c52397aaf9b5146f,bf16,Native AR head,0.9984706492872187,0.9934440739679627,0.8769964533255352,0.6878160722977396,0.9784806119729735,0.8655061601709436,0.976182968860484,,,,
8,42,mamba,jepa,Mamba-JEPA,original_reference,/content/drive/MyDrive/Master_Thesis_Artifacts/runs/Mamba-JEPA/mamba_jepa_v5_hd_infonce_allpos_b8/thesis_eval/final/results__unified_eval_v4.json,6fb692303ad514c5122cb1e500f30b5f7576125ce81317e3a6f0a428612c351f,7b95882e8f84aa12e078ef4723e59bb64fe29debf4a07f85d4102d991e875833,a0994e3e27b032e593894e0fc9f2626094b4b75e91179f4803fd0f23939b1325,9b203eaa68ee72bda13dbeae13566df1869b618995743b21c52397aaf9b5146f,bf16,Frozen MLP,0.9971916114655515,0.9890389693560654,0.885205090795337,0.689191469049239,0.9804064036152611,0.8930618225170287,0.9781606679998195,0.9971936465297069,0.9861368729849315,0.9971916114655515,0.9890389693560654
