order,architecture,phase,version,objective,run_name,flag,status,top1_legal,top1_readout,board_relative_accuracy,board_probe,board_layer,games_seen,eval_games,protocol,source,note
1,Transformer,Κοινό ιστορικό (nested),v1,VICReg,jepa_linear_b8_run_001,,ok,0.2570884526764165,linear,0.6241118279480898,linear,0,19999840,5000,legacy evaluation,G:\My Drive\Master_Thesis_Artifacts\runs\jepa_linear_b8_run_001\eval_legal_moves__final.json; G:\My Drive\Master_Thesis_Artifacts\runs\jepa_linear_b8_run_001\eval_board_state_probes__final.json,
2,Transformer,Κοινό ιστορικό (nested),v2,"Smooth L1, EMA, K=4",jepa_transformer_b8_run_001,,ok,0.38603436369727673,linear,0.6199699563000728,linear,6,19999840,5000,legacy evaluation,G:\My Drive\Master_Thesis_Artifacts\runs\jepa_transformer_b8_run_001\eval_legal_moves__final.json; G:\My Drive\Master_Thesis_Artifacts\runs\jepa_transformer_b8_run_001\eval_board_state_probes__final.json,
3,Transformer,Κοινό ιστορικό (nested),v3,"Smooth L1, EMA, K=8 (collapse)",jepa_v3_mlp_k8_b8_run_001,collapse,ok,0.2724345168502451,linear,0.597277341422234,linear,0,19999840,5000,legacy evaluation,G:\My Drive\Master_Thesis_Artifacts\runs\jepa_v3_mlp_k8_b8_run_001\eval_legal_moves__final.json; G:\My Drive\Master_Thesis_Artifacts\runs\jepa_v3_mlp_k8_b8_run_001\eval_board_state_probes__final.json,
4,Transformer,Κοινό ιστορικό (nested),v4,"Smooth L1, multi-position K=4",jepa_v4_multi_pos_mlp_k4_b8_run_001,,ok,0.33551439569530767,linear,0.6267039247169437,linear,1,19999840,5000,legacy evaluation,G:\My Drive\Master_Thesis_Artifacts\runs\jepa_v4_multi_pos_mlp_k4_b8_run_001\eval_legal_moves__final.json; G:\My Drive\Master_Thesis_Artifacts\runs\jepa_v4_multi_pos_mlp_k4_b8_run_001\eval_board_state_probes__final.json,
5,Transformer,Κοινό ιστορικό (nested),v5,InfoNCE,jepa_v5_contrastive_prefix_mask,,ok,0.39582179558181035,linear,0.6301319481228895,linear,5,19999840,5000,legacy evaluation,G:\My Drive\Master_Thesis_Artifacts\runs\jepa_v5_contrastive_prefix_mask\eval_legal_moves__final.json; G:\My Drive\Master_Thesis_Artifacts\runs\jepa_v5_contrastive_prefix_mask\eval_board_state_probes__final.json; G:\My Drive\Master_Thesis_Artifacts\runs\jepa_v5_contrastive_prefix_mask\eval_board_mlp__final.json,
6,Transformer,v6 hard-disjoint δράση,v6,"Distance-margin, 10 modes",jepa_v6_hard_disjoint_action_run_001,,ok,0.6216217139655185,mlp,0.63055419921875,mlp,0,4999952,5000,development evaluation,G:\My Drive\Master_Thesis_Artifacts\runs\jepa_v6_hard_disjoint_action_run_001\chunks_10\evaluations__final_v6_hard_disjoint.json,
7,Mamba,v6 hard-disjoint δράση,v6,"Distance-margin, 10 modes",mamba_jepa_v6_hd_action,,ok,0.571062293602445,mlp,0.6170255909421969,mlp,0,19999840,5000,smoke evaluation,G:\My Drive\Master_Thesis_Artifacts\runs\Mamba-JEPA\mamba_jepa_v6_hd_action\smoke_eval\smoke_eval_results__final.json,
8,Transformer,Hard-disjoint,v1,VICReg,jepa_vicreg_b8_run_001_hard_disjoint_bf16,,ok,0.7911205464279121,mlp,0.7029258466860888,linear,5,19999840,5000,normalized_v2,G:\My Drive\Master_Thesis_Artifacts\runs\jepa_vicreg_b8_run_001_hard_disjoint_bf16\smoke_eval\smoke_eval_results_normalized_v2__final.json,
9,Transformer,Hard-disjoint,v2,"Smooth L1, EMA, K=4",jepa_transformer_b8_run_001_hard_disjoint,,ok,0.3783776393949129,mlp,0.6200927653399668,mlp,0,4999952,5000,smoke evaluation,G:\My Drive\Master_Thesis_Artifacts\runs\jepa_transformer_b8_run_001_hard_disjoint\smoke_eval\smoke_eval_results__final.json,
10,Transformer,Hard-disjoint,v4,"Smooth L1, multi-position K=4",jepa_v4_multi_pos_mlp_k4_b8_run_001_hard_disjoint_vicreg,,ok,0.25268809854196717,mlp,0.6045226990049751,mlp,0,4999956,5000,smoke evaluation,G:\My Drive\Master_Thesis_Artifacts\runs\jepa_v4_multi_pos_mlp_k4_b8_run_001_hard_disjoint_vicreg\smoke_eval\smoke_eval_results__final.json,
11,Transformer,Hard-disjoint,v5,InfoNCE,jepa_v5_contrastive_prefix_mask_hard_disjoint,,ok,0.6572723729821754,mlp,0.628936767578125,mlp,0,19999840,5000,development evaluation,G:\My Drive\Master_Thesis_Artifacts\runs\jepa_v5_contrastive_prefix_mask_hard_disjoint\chunks_200\evaluations__final_v5_hard_disjoint.json,
12,Mamba,Hard-disjoint,v1,VICReg,mamba_jepa_v1_hd_vicreg,,ok,0.9426325901312056,linear,0.8436703386744355,linear,7,19999840,5000,normalized_v2,G:\My Drive\Master_Thesis_Artifacts\runs\Mamba-JEPA\mamba_jepa_v1_hd_vicreg\smoke_eval\smoke_eval_results_normalized_v2__final.json,
13,Mamba,Hard-disjoint,v5,InfoNCE,mamba_jepa_v5_hd_infonce,,ok,0.5442206862871445,mlp,0.6520957946777344,mlp,0,19999840,5000,unified_eval_v2,G:\My Drive\Master_Thesis_Artifacts\runs\Mamba-JEPA\mamba_jepa_v5_hd_infonce\unified_eval\final\results__unified_eval_v2.json,
14,Transformer,Hard-disjoint + all-position,v1,VICReg,jepa_vicreg_b8_run_001_hard_disjoint_allpos_bf16,,ok,0.989869837415469,linear,0.9233264923095703,linear,2,19999840,5000,unified_eval_v2,G:\My Drive\Master_Thesis_Artifacts\runs\jepa_vicreg_b8_run_001_hard_disjoint_allpos_bf16\unified_eval\final\results__unified_eval_v2.json,
15,Transformer,Hard-disjoint + all-position,v2,"Smooth L1, EMA, K=4",jepa_v2_ema_b8_run_001_hd_allpos_bf16,,ok,0.9886726672138153,linear,0.9081153869628906,linear,2,19999840,5000,unified_eval_v2,G:\My Drive\Master_Thesis_Artifacts\runs\jepa_v2_ema_b8_run_001_hd_allpos_bf16\unified_eval\final\results__unified_eval_v2.json,
16,Transformer,Hard-disjoint + all-position,v4,"Smooth L1, multi-position K=4",jepa_v4_multi_pos_k4_hd_run_001_allpos_bf16,,ok,0.9767721849543176,mlp,0.9175758361816406,linear,3,19999840,5000,unified_eval_v2,G:\My Drive\Master_Thesis_Artifacts\runs\jepa_v4_multi_pos_k4_hd_run_001_allpos_bf16\unified_eval\final\results__unified_eval_v2.json,
17,Transformer,Hard-disjoint + all-position,v5,InfoNCE,jepa_v5_infonce_b8_run_001_hd_allpos_bf16,,ok,0.9941972855098317,linear,0.9704246520996094,linear,6,19999840,5000,unified_eval_v2,G:\My Drive\Master_Thesis_Artifacts\runs\Transformer-JEPA\jepa_v5_infonce_b8_run_001_hd_allpos_bf16\unified_eval\final\results__unified_eval_v2.json,
18,Mamba,Hard-disjoint + all-position,v1,VICReg,mamba_jepa_v1_hd_vicreg_allpos_b8,,ok,0.9947026066431076,linear,0.9607200622558594,linear,7,19999840,5000,unified_eval_v2,G:\My Drive\Master_Thesis_Artifacts\runs\Mamba-JEPA\mamba_jepa_v1_hd_vicreg_allpos_b8\unified_eval\final\results__unified_eval_v2.json,
19,Mamba,Hard-disjoint + all-position,v1e,VICReg + EMA,mamba_jepa_v1_hd_vicreg_ema_allpos_b8,,ok,0.9972054723904742,linear,0.9713096618652344,linear,7,19999840,5000,unified_eval_v2,G:\My Drive\Master_Thesis_Artifacts\runs\Mamba-JEPA\mamba_jepa_v1_hd_vicreg_ema_allpos_b8\unified_eval\final\results__unified_eval_v2.json,
20,Mamba,Hard-disjoint + all-position,v5,InfoNCE,mamba_jepa_v5_hd_infonce_allpos_b8,,ok,0.9972088638074761,linear,0.9817276000976562,linear,12,19999840,5000,unified_eval_v2,G:\My Drive\Master_Thesis_Artifacts\runs\Mamba-JEPA\mamba_jepa_v5_hd_infonce_allpos_b8\unified_eval\final\results__unified_eval_v2.json,
