time,pass,chunk_count,chunk_index_in_pass,step,games_seen,tokens_seen,chunk_games,chunk_tokens,train_loss,train_acc,val_loss,val_acc,val_games,val_tokens,lr,dt_seconds,chunk_file
2026-08-05 14:16:52,1,1,0,391,100000,5896443,100000,5896443,3.2501509704276605,0.10124544577128958,,,0,0,0.00011729999999999999,10.378050804138184,gen10e5__20220324_160403.pickle
2026-08-05 14:17:03,1,2,1,782,200000,11793325,100000,5896882,2.7790438279817717,0.13387057770530256,,,0,0,0.00023459999999999998,10.265756607055664,gen10e5__20220324_160048.pickle
2026-08-05 14:17:13,1,3,2,1173,299999,17690057,99999,5896732,2.628433327777182,0.1463247778600079,,,0,0,0.0002999966866426211,10.173136234283447,gen10e5__20220324_163810.pickle
2026-08-05 14:17:24,1,4,3,1564,399998,23586333,99999,5896276,2.530248316011821,0.1518624636974253,,,0,0,0.0002999645014249971,10.117530584335327,gen10e5__20220324_154738.pickle
2026-08-05 14:17:38,1,5,4,1955,499998,29483203,100000,5896870,2.4709054339523893,0.1545830245537039,2.4109588719756387,0.15869878419700295,99999,5897008,0.0002998980809749782,14.059247970581055,gen10e5__20220324_161838.pickle
2026-08-05 14:17:49,1,6,5,2346,599996,35379741,99998,5896538,2.4293561814863294,0.15663173882708803,,,0,0,0.000299797442140843,10.101255416870117,gen10e5__20220324_155718.pickle
2026-08-05 14:18:00,1,7,6,2737,699993,41276249,99997,5896508,2.395489557590173,0.15817836590741502,,,0,0,0.0002996626104507402,10.090670585632324,gen10e5__20220324_153929.pickle
2026-08-05 14:18:10,1,8,7,3128,799993,47172948,100000,5896699,2.368355617943912,0.15930116154818144,,,0,0,0.0002994936201062134,10.119741678237915,gen10e5__20220324_155203.pickle
2026-08-05 14:18:20,1,9,8,3519,899991,53069632,99998,5896684,2.344982950867937,0.15997465694278343,,,0,0,0.00029929051397352467,10.09114122390747,gen10e5__20220324_154447.pickle
2026-08-05 14:18:34,1,10,9,3910,999990,58966841,99999,5897209,2.32628800071679,0.16063514113201685,2.2892293693507386,0.16290752869929973,99999,5897008,0.00029905334357278174,14.023346900939941,gen10e5__20220324_154028.pickle
2026-08-05 14:18:46,1,11,10,4301,1099990,64863277,100000,5896436,2.309475521150992,0.1612597847241961,,,0,0,0.00029878216906486924,10.108005046844482,gen10e5__20220324_155439.pickle
2026-08-05 14:18:58,1,12,11,4692,1199990,70760061,100000,5896784,2.2953832628617556,0.16169339083812465,,,0,0,0.000298477059236188,11.869274139404297,gen10e5__20220324_155422.pickle
2026-08-05 14:19:08,1,13,12,5083,1299990,76656981,100000,5896920,2.28307496547872,0.16216041594595146,,,0,0,0.0002981380914812068,10.181775331497192,gen10e5__20220324_155823.pickle
2026-08-05 14:19:19,1,14,13,5474,1399989,82553518,99999,5896537,2.27197133394248,0.1625057215786147,,,0,0,0.00029776535178283037,10.148326396942139,gen10e5__20220324_164319.pickle
2026-08-05 14:19:33,1,15,14,5865,1499988,88450389,99999,5896871,2.2624381596060235,0.16285636908116186,2.23182065073396,0.16480086172513247,99999,5897008,0.0002973589346905889,14.029540777206421,gen10e5__20220324_154801.pickle
2026-08-05 14:19:45,1,16,15,6256,1599988,94347157,100000,5896768,2.254328497877251,0.16293824006642282,,,0,0,0.0002969189432966543,10.104407787322998,gen10e5__20220324_154144.pickle
2026-08-05 14:19:55,1,17,16,6647,1699987,100243420,99999,5896263,2.24594424121494,0.16336805193391135,,,0,0,0.0002964454892096902,10.104003667831421,gen10e5__20220324_154043.pickle
2026-08-05 14:20:05,1,18,17,7038,1799987,106140231,100000,5896811,2.238700327321775,0.16326621287336493,,,0,0,0.0002959386925265408,10.08074164390564,gen10e5__20220324_161941.pickle
2026-08-05 14:20:16,1,19,18,7429,1899987,112037138,100000,5896907,2.2324315377269515,0.1636106860766161,,,0,0,0.00029539868180176684,10.096554279327393,gen10e5__20220324_162650.pickle
2026-08-05 14:20:30,1,20,19,7820,1999987,117933994,100000,5896856,2.2252872456265544,0.16406301934454565,2.1974360528054264,0.1655527684547825,99999,5897008,0.000294825594015037,14.087700605392456,gen10e5__20220324_161410.pickle
2026-08-05 14:20:42,1,21,20,8211,2099985,123830494,99998,5896500,2.219211355569091,0.1644063427456966,,,0,0,0.0002942195745363807,10.144260883331299,gen10e5__20220324_155737.pickle
2026-08-05 14:20:52,1,22,21,8602,2199984,129726903,99999,5896409,2.213731704134335,0.16450487067637268,,,0,0,0.0002935807770893139,10.101772785186768,gen10e5__20220324_154838.pickle
2026-08-05 14:21:02,1,23,22,8993,2299984,135623747,100000,5896844,2.2083235492565265,0.1644081138995707,,,0,0,0.0002929093637118454,10.101097822189331,gen10e5__20220324_154919.pickle
2026-08-05 14:21:13,1,24,23,9384,2399981,141520318,99997,5896571,2.2034219257387337,0.16479357239995923,,,0,0,0.0002922055047153738,10.098172426223755,gen10e5__20220324_155446.pickle
2026-08-05 14:21:27,1,25,24,9775,2499980,147416867,99999,5896549,2.198697766766254,0.1651606727935272,2.1732247126627704,0.16614391569419612,99999,5897008,0.00029146937864148637,14.031607866287231,gen10e5__20220324_162622.pickle
2026-08-05 14:21:38,1,26,25,10166,2599979,153313179,99999,5896312,2.194013534054808,0.16503604286883056,,,0,0,0.00029070117221667016,10.099449872970581,gen10e5__20220324_154121.pickle
2026-08-05 14:21:49,1,27,26,10557,2699979,159209466,100000,5896287,2.1903096742939643,0.16533964510207866,,,0,0,0.00028990108030494646,10.093740701675415,gen10e5__20220324_155637.pickle
2026-08-05 14:21:59,1,28,27,10948,2799978,165105237,99999,5895771,2.1862174550001767,0.16531391738247636,,,0,0,0.0002890693058584414,10.091258764266968,gen10e5__20220324_164257.pickle
2026-08-05 14:22:09,1,29,28,11339,2899977,171002077,99999,5896840,2.1829841430632246,0.16572045366670962,,,0,0,0.00028820605986590536,10.074871301651001,gen10e5__20220324_162706.pickle
2026-08-05 14:22:24,1,30,29,11730,2999975,176898536,99998,5896459,2.1795728580254177,0.16537874680380207,2.1554461382461167,0.16677932266668113,99999,5897008,0.0002873115612991927,14.032700538635254,gen10e5__20220324_155730.pickle
2026-08-05 14:22:35,1,31,30,12121,3099973,182795120,99998,5896584,2.1760519765986825,0.16550565547781562,,,0,0,0.0002863860370577177,10.090582370758057,gen10e5__20220324_154813.pickle
2026-08-05 14:22:46,1,32,31,12512,3199970,188691437,99997,5896317,2.173305554143418,0.165511962806613,,,0,0,0.0002854297219108986,10.077570915222168,gen10e5__20220324_164426.pickle
2026-08-05 14:22:56,1,33,32,12903,3299970,194587775,100000,5896338,2.170119960365916,0.16591009538462687,,,0,0,0.0002844428584386062,10.081057786941528,gen10e5__20220324_155824.pickle
2026-08-05 14:23:06,1,34,33,13294,3399968,200484196,99998,5896421,2.1674919159890935,0.16584755396536305,,,0,0,0.00028342569696963014,10.097684144973755,gen10e5__20220324_160049.pickle
2026-08-05 14:23:20,1,35,34,13685,3499968,206380526,100000,5896330,2.164093887331049,0.166039044626064,2.1412686621740216,0.16727398029644863,99999,5897008,0.00028237849551818086,14.012129545211792,gen10e5__20220324_164314.pickle
2026-08-05 14:23:32,1,36,35,14076,3599966,212276768,99998,5896242,2.16217130210877,0.16616957038059157,,,0,0,0.00028130151971844143,10.17661452293396,gen10e5__20220324_161808.pickle
2026-08-05 14:23:42,1,37,36,14467,3699966,218173659,100000,5896891,2.159483175770821,0.1661833328782913,,,0,0,0.00028019504275718604,10.089842319488525,gen10e5__20220324_164334.pickle
2026-08-05 14:23:53,1,38,37,14858,3799965,224070702,99999,5897043,2.157748030872756,0.16623551837760042,,,0,0,0.0002790593453044836,10.10340929031372,gen10e5__20220324_154150.pickle
2026-08-05 14:24:03,1,39,38,15249,3899963,229966868,99998,5896166,2.155020191737055,0.16632231860500535,,,0,0,0.00027789471544250243,10.102659940719604,gen10e5__20220324_154403.pickle
2026-08-05 14:24:17,1,40,39,15640,3999961,235863361,99998,5896493,2.1526262901363413,0.16612196436084975,2.130272739524949,0.16764111563016362,99999,5897008,0.0002767014485924352,14.007795095443726,gen10e5__20220324_164351.pickle
2026-08-05 14:24:29,1,41,40,16031,4099959,241759660,99998,5896299,2.1502429977969535,0.16655837839973855,,,0,0,0.000275479847439562,10.160880088806152,gen10e5__20220324_155041.pickle
2026-08-05 14:24:39,1,42,41,16422,4199958,247656381,99999,5896721,2.1480347455237365,0.1665386576709327,,,0,0,0.0002742302218564711,10.119398593902588,gen10e5__20220324_155241.pickle
2026-08-05 14:24:49,1,43,42,16813,4299957,253553423,99999,5897042,2.1465973535450313,0.1664386992665136,,,0,0,0.00027295288882445596,10.107073783874512,gen10e5__20220324_155720.pickle
2026-08-05 14:25:00,1,44,43,17204,4399957,259449921,100000,5896498,2.1450728254294407,0.16665332541450875,,,0,0,0.0002716481723531097,10.099669456481934,gen10e5__20220324_162234.pickle
2026-08-05 14:25:14,1,45,44,17595,4499957,265346532,100000,5896611,2.1425242118297367,0.16672169827719685,2.1201635517246937,0.16763857196734344,99999,5897008,0.0002703164033981365,14.039836645126343,gen10e5__20220324_154351.pickle
2026-08-05 14:25:26,1,46,45,17986,4599956,271243078,99999,5896546,2.140847193673051,0.16667299805682853,,,0,0,0.00026895791977740095,10.09562349319458,gen10e5__20220324_154404.pickle
2026-08-05 14:25:36,1,47,46,18377,4699956,277139255,100000,5896177,2.1389248275560755,0.16661948920461514,,,0,0,0.000267573066085237,10.094565391540527,gen10e5__20220324_160111.pickle
2026-08-05 14:25:46,1,48,47,18768,4799956,283036578,100000,5897323,2.137271806565587,0.16667833862923906,,,0,0,0.0002661621936050375,10.09078335762024,gen10e5__20220324_162257.pickle
2026-08-05 14:25:56,1,49,48,19159,4899956,288933140,100000,5896562,2.135640550085154,0.16685824722948728,,,0,0,0.00026472566022014754,10.112540483474731,gen10e5__20220324_160029.pickle
2026-08-05 14:26:11,1,50,49,19550,4999956,294829574,100000,5896434,2.133840028921065,0.16705062754878627,2.1130833534831455,0.16806353323583756,99999,5897008,0.0002632638303230833,14.042876958847046,gen10e5__20220324_154533.pickle
2026-08-05 14:26:22,1,51,50,19941,5099955,300726500,99999,5896926,2.1321637827039353,0.16701684911765893,,,0,0,0.00026177707472310003,10.110761404037476,gen10e5__20220324_154428.pickle
2026-08-05 14:26:33,1,52,51,20332,5199953,306623002,99998,5896502,2.1311934170759694,0.16720014679889875,,,0,0,0.000260265770552132,10.086525201797485,gen10e5__20220324_155619.pickle
2026-08-05 14:26:43,1,53,52,20723,5299953,312520001,100000,5896999,2.1296717553152384,0.16711211923217217,,,0,0,0.00025873030116912885,10.07778263092041,gen10e5__20220324_154650.pickle
2026-08-05 14:26:53,1,54,53,21114,5399951,318416313,99998,5896312,2.1277742677545626,0.1674813001754317,,,0,0,0.00025717105606281254,10.080702066421509,gen10e5__20220324_162556.pickle
2026-08-05 14:27:08,1,55,54,21505,5499950,324313001,99999,5896688,2.1261248578100878,0.16740617784084896,2.1061131063156533,0.1678364689347547,99999,5897008,0.00025558843075287906,14.02170181274414,gen10e5__20220324_160218.pickle
2026-08-05 14:27:19,1,56,55,21896,5599949,330209503,99999,5896502,2.1253340790776796,0.16705209291881865,,,0,0,0.00025398282668967053,10.096433162689209,gen10e5__20220324_155938.pickle
2026-08-05 14:27:30,1,57,56,22287,5699948,336106128,99999,5896625,2.1236661505275114,0.16764301613210947,,,0,0,0.0002523546511523431,10.099802494049072,gen10e5__20220324_162104.pickle
2026-08-05 14:27:42,1,58,57,22678,5799946,342002377,99998,5896249,2.1230954045836765,0.16714066858438306,,,0,0,0.00025070431714555583,12.03049111366272,gen10e5__20220324_161450.pickle
2026-08-05 14:27:52,1,59,58,23069,5899946,347899256,100000,5896879,2.121462176769393,0.16717775623342448,,,0,0,0.0002490322432947076,10.092110395431519,gen10e5__20220324_162637.pickle
2026-08-05 14:28:06,1,60,59,23460,5999943,353795162,99997,5895906,2.1202624338175613,0.16735528008757264,2.099184881571114,0.1681261073412144,99999,5897008,0.0002473388537397484,14.014354228973389,gen10e5__20220324_154120.pickle
2026-08-05 14:28:18,1,61,60,23851,6099943,359691776,100000,5896614,2.119059508403444,0.16727752571221383,,,0,0,0.000245624578027591,10.083909273147583,gen10e5__20220324_154325.pickle
2026-08-05 14:28:31,1,62,61,24242,6199942,365588615,99999,5896839,2.118102897719748,0.16718838686285992,,,0,0,0.00024388985100315248,11.564314603805542,gen10e5__20220324_162533.pickle
2026-08-05 14:28:41,1,63,62,24633,6299942,371485348,100000,5896733,2.1170357302305067,0.16720835079356655,,,0,0,0.00024213511269905008,10.078410148620605,gen10e5__20220324_155447.pickle
2026-08-05 14:28:51,1,64,63,25024,6399940,377381960,99998,5896612,2.115399763026997,0.167127665852866,,,0,0,0.00024036080822398284,10.089246988296509,gen10e5__20220324_162151.pickle
2026-08-05 14:29:06,1,65,64,25415,6499940,383279186,100000,5897226,2.1149239605411427,0.16720013782751417,2.094444633903998,0.16834231868093108,99999,5897008,0.00023856738764982443,14.038578033447266,gen10e5__20220324_155047.pickle
2026-08-05 14:29:18,1,66,65,25806,6599940,389175954,100000,5896768,2.1133878795631196,0.16748378094576555,,,0,0,0.00023675530589745768,10.113978624343872,gen10e5__20220324_162524.pickle
2026-08-05 14:29:29,1,67,66,26197,6699939,395073087,99999,5897133,2.1127316315852314,0.16751377321827404,,,0,0,0.00023492502262137887,11.200993061065674,gen10e5__20220324_154217.pickle
2026-08-05 14:29:39,1,68,67,26588,6799939,400969280,100000,5896193,2.111287985336792,0.16767599025337196,,,0,0,0.00023307700209310118,10.076815128326416,gen10e5__20220324_155706.pickle
2026-08-05 14:29:50,1,69,68,26979,6899939,406866416,100000,5897136,2.1105431672720494,0.16744501059497355,,,0,0,0.0002312117130833872,10.091811180114746,gen10e5__20220324_155639.pickle
2026-08-05 14:30:04,1,70,69,27370,6999938,412762378,99999,5895962,2.109723802955069,0.16753432264319207,2.0901655985408483,0.16856700889671508,99999,5897008,0.00022932962874334004,14.025146245956421,gen10e5__20220324_154649.pickle
2026-08-05 14:30:16,1,71,70,27761,7099938,418659221,100000,5896843,2.1089265521758302,0.16757610809716317,,,0,0,0.00022743122648438338,10.105708122253418,gen10e5__20220324_162148.pickle
2026-08-05 14:30:26,1,72,71,28152,7199938,424555934,100000,5896713,2.107512498448551,0.16743836778218646,,,0,0,0.00022551698785716072,10.752853155136108,gen10e5__20220324_162312.pickle
2026-08-05 14:30:37,1,73,72,28543,7299938,430452646,100000,5896712,2.1065955996918015,0.16775840502300265,,,0,0,0.00022358739842938492,10.100596904754639,gen10e5__20220324_162745.pickle
2026-08-05 14:30:47,1,74,73,28934,7399935,436349074,99997,5896428,2.1055736330003967,0.16770051292070387,,,0,0,0.00022164294766266826,10.105806827545166,gen10e5__20220324_154720.pickle
2026-08-05 14:31:01,1,75,74,29325,7499935,442245798,100000,5896724,2.1048435471732176,0.167578472385684,2.0852178365565606,0.16863823145568058,99999,5897008,0.00021968412878836557,14.014138460159302,gen10e5__20220324_154356.pickle
2026-08-05 14:31:13,1,76,75,29716,7599935,448142431,100000,5896633,2.1040824868285593,0.16754086611800328,,,0,0,0.0002177114386824603,10.144864559173584,gen10e5__20220324_160052.pickle
2026-08-05 14:31:23,1,77,76,30107,7699934,454039370,99999,5896939,2.10316496625973,0.16775499967016785,,,0,0,0.0002157253777395267,10.106058835983276,gen10e5__20220324_155838.pickle
2026-08-05 14:31:34,1,78,77,30498,7799932,459936067,99998,5896697,2.102542634591935,0.1678431162394812,,,0,0,0.0002137264497457989,10.093369007110596,gen10e5__20220324_164312.pickle
2026-08-05 14:31:44,1,79,78,30889,7899929,465832606,99997,5896539,2.101501691270599,0.16783353760570396,,,0,0,0.00021171516175138045,10.089745998382568,gen10e5__20220324_154239.pickle
2026-08-05 14:31:58,1,80,79,31280,7999927,471728795,99998,5896189,2.100562502147051,0.1677971991739071,2.0810174945628654,0.16871386303020108,99999,5897008,0.000209692023941625,14.025041818618774,gen10e5__20220324_155732.pickle
2026-08-05 14:32:10,1,81,80,31671,8099927,477625543,100000,5896748,2.0998943765876046,0.16780842593239528,,,0,0,0.0002076575495077226,10.124950170516968,gen10e5__20220324_154048.pickle
2026-08-05 14:32:20,1,82,81,32062,8199926,483521887,99999,5896344,2.0986568017218774,0.16798256682445936,,,0,0,0.0002056122545165226,10.09677791595459,gen10e5__20220324_162048.pickle
2026-08-05 14:32:31,1,83,82,32453,8299926,489418743,100000,5896856,2.098082151280827,0.1679059146094122,,,0,0,0.00020355665777962818,10.08445119857788,gen10e5__20220324_154755.pickle
2026-08-05 14:32:41,1,84,83,32844,8399925,495315104,99999,5896361,2.097147747610799,0.16819017695829683,,,0,0,0.00020149128072179362,10.086374044418335,gen10e5__20220324_154154.pickle
2026-08-05 14:32:55,1,85,84,33235,8499922,501211644,99997,5896540,2.096654784337263,0.1678674273387444,2.0778587115216123,0.16878288108138906,99999,5897008,0.00019941664724865935,14.025611162185669,gen10e5__20220324_162712.pickle
2026-08-05 14:33:07,1,86,85,33626,8599921,507107754,99999,5896110,2.0957633713097614,0.16781946062743064,,,0,0,0.00019733328361385758,10.064758777618408,gen10e5__20220324_155812.pickle
2026-08-05 14:33:17,1,87,86,34017,8699920,513004172,99999,5896418,2.095708124937043,0.16828878142628287,,,0,0,0.00019524171828552215,10.087993860244751,gen10e5__20220324_155525.pickle
2026-08-05 14:33:28,1,88,87,34408,8799919,518900602,99999,5896430,2.0949483165516263,0.16792686422123218,,,0,0,0.00019314248181223672,10.100813150405884,gen10e5__20220324_154002.pickle
2026-08-05 14:33:38,1,89,88,34799,8899919,524796883,100000,5896281,2.0938280099658053,0.1682323145725246,,,0,0,0.00019103610668845547,10.077863216400146,gen10e5__20220324_155817.pickle
2026-08-05 14:33:52,1,90,89,35190,8999919,530693017,100000,5896134,2.0930347466981813,0.1680747079357423,2.0740862490847003,0.1687837289689958,99999,5897008,0.0001889231272194299,14.044291257858276,gen10e5__20220324_162529.pickle
2026-08-05 14:34:04,1,91,90,35581,9099919,536589394,100000,5896377,2.0919302354116334,0.1681841239120226,,,0,0,0.0001868040793856764,10.11860704421997,gen10e5__20220324_154422.pickle
2026-08-05 14:34:15,1,92,91,35972,9199919,542485817,100000,5896423,2.0916320339315324,0.1678080083467553,,,0,0,0.00018467950070701885,10.097745180130005,gen10e5__20220324_154058.pickle
2026-08-05 14:34:25,1,93,92,36363,9299919,548382379,100000,5896562,2.0907875549351704,0.1683535253254354,,,0,0,0.00018254993010624097,10.095268487930298,gen10e5__20220324_155545.pickle
2026-08-05 14:34:35,1,94,93,36754,9399919,554279247,100000,5896868,2.090573667026492,0.16833207051607735,,,0,0,0.00018041590777238245,10.096373081207275,gen10e5__20220324_155947.pickle
2026-08-05 14:34:49,1,95,94,37145,9499918,560175311,99999,5896064,2.089456207664321,0.16821883208866117,2.0711030827495045,0.1685564950903916,99999,5897008,0.00017827797502371418,14.02057957649231,gen10e5__20220324_163829.pickle
2026-08-05 14:35:01,1,96,95,37536,9599918,566072291,100000,5896980,2.089281745353902,0.16829071829987552,,,0,0,0.0001761366741704267,10.100623846054077,gen10e5__20220324_154021.pickle
2026-08-05 14:35:12,1,97,96,37927,9699918,571969295,100000,5897004,2.088123510325496,0.16829342493238938,,,0,0,0.00017399254837706756,10.088837623596191,gen10e5__20220324_154814.pickle
2026-08-05 14:35:22,1,98,97,38318,9799917,577865938,99999,5896643,2.0878222612769215,0.1680858074670622,,,0,0,0.00017184614152476133,10.085040092468262,gen10e5__20220324_162040.pickle
2026-08-05 14:35:32,1,99,98,38709,9899917,583762603,100000,5896665,2.086992281013985,0.1679771531874373,,,0,0,0.00016969799807324835,10.08516526222229,gen10e5__20220324_162153.pickle
2026-08-05 14:35:47,1,100,99,39100,9999917,589659379,100000,5896776,2.086573304952316,0.16803351526325572,2.067930427031944,0.16861296440499995,99999,5897008,0.00016754866292277657,14.03784465789795,gen10e5__20220324_162502.pickle
2026-08-05 14:35:59,1,101,100,39491,10099917,595555543,100000,5896164,2.0859883240034294,0.16816391131589964,,,0,0,0.00016539868127588136,10.111026525497437,gen10e5__20220324_163039.pickle
2026-08-05 14:36:09,1,102,101,39882,10199916,601452419,99999,5896876,2.0851465782942764,0.16833726875043667,,,0,0,0.00016324859849908913,10.166000604629517,gen10e5__20220324_154344.pickle
2026-08-05 14:36:20,1,103,102,40273,10299915,607349322,99999,5896903,2.0846712436572035,0.16856627962169293,,,0,0,0.00016109895998457903,10.098868370056152,gen10e5__20220324_162331.pickle
2026-08-05 14:36:30,1,104,103,40664,10399915,613246565,100000,5897243,2.0840782698016227,0.16809990702435018,,,0,0,0.00015895031101183802,10.112282991409302,gen10e5__20220324_162129.pickle
2026-08-05 14:36:44,1,105,104,41055,10499915,619143609,100000,5897044,2.083187621106225,0.16827956515162512,2.06535545727978,0.1689371966258143,99999,5897008,0.00015680319660934503,14.043110847473145,gen10e5__20220324_155711.pickle
2026-08-05 14:36:56,1,106,105,41446,10599915,625040347,100000,5896738,2.082973933858651,0.16824420552515645,,,0,0,0.0001546581614163183,10.114092350006104,gen10e5__20220324_162212.pickle
2026-08-05 14:37:07,1,107,106,41837,10699915,630936932,100000,5896585,2.0826871592298377,0.1682341558715765,,,0,0,0.00015251574954456177,10.103411436080933,gen10e5__20220324_154331.pickle
2026-08-05 14:37:17,1,108,107,42228,10799913,636833104,99998,5896172,2.0818722017366835,0.16820218270430373,,,0,0,0.0001503765044404449,10.160095930099487,gen10e5__20220324_155605.pickle
2026-08-05 14:37:28,1,109,108,42619,10899913,642729683,100000,5896579,2.0813651499077945,0.16857367636387133,,,0,0,0.0001482409687470518,10.144620180130005,gen10e5__20220324_154038.pickle
2026-08-05 14:37:42,1,110,109,43010,10999913,648626229,100000,5896546,2.0806099431000256,0.16855562561540263,2.062488623543423,0.1690094366499079,99999,5897008,0.00014610968416653355,14.008036375045776,gen10e5__20220324_155756.pickle
2026-08-05 14:37:54,1,111,110,43401,11099913,654522511,100000,5896282,2.0801888058027647,0.1682444971254767,,,0,0,0.00014398319132269974,10.10531759262085,gen10e5__20220324_154104.pickle
2026-08-05 14:38:04,1,112,111,43792,11199913,660419645,100000,5897134,2.0794292459461583,0.16835143986892617,,,0,0,0.00014186202962388313,10.098723888397217,gen10e5__20220324_161727.pickle
2026-08-05 14:38:16,1,113,112,44183,11299912,666316102,99999,5896457,2.0788364693485955,0.168750827827626,,,0,0,0.00013974673712611283,11.628353357315063,gen10e5__20220324_160046.pickle
2026-08-05 14:38:26,1,114,113,44574,11399912,672212800,100000,5896698,2.0787217430182316,0.16853567878158252,,,0,0,0.00013763785039663042,10.10817265510559,gen10e5__20220324_160152.pickle
2026-08-05 14:38:41,1,115,114,44965,11499910,678109011,99998,5896211,2.077619456942065,0.16843003074347238,2.060531298312922,0.16905454427058603,99999,5897008,0.00013553590437778384,14.030389308929443,gen10e5__20220324_160040.pickle
2026-08-05 14:38:53,1,116,115,45356,11599909,684005557,99999,5896546,2.07747806288786,0.16854307589561754,,,0,0,0.0001334414322513333,10.170381546020508,gen10e5__20220324_161539.pickle
2026-08-05 14:39:03,1,117,116,45747,11699908,689902474,99999,5896917,2.0770218658091455,0.1687090050614584,,,0,0,0.0001313549653032039,10.112617015838623,gen10e5__20220324_155255.pickle
2026-08-05 14:39:15,1,118,117,46138,11799908,695799362,100000,5896888,2.0763976357891596,0.16853465760245065,,,0,0,0.00012927703278871908,12.039221048355103,gen10e5__20220324_162412.pickle
2026-08-05 14:39:26,1,119,118,46529,11899906,701695902,99998,5896540,2.0764625631298443,0.16836432891153116,,,0,0,0.00012720816179834915,10.137899160385132,gen10e5__20220324_154806.pickle
2026-08-05 14:39:40,1,120,119,46920,11999905,707592158,99999,5896256,2.0757467462403696,0.16836311042125715,2.058309310615647,0.16891939098607295,99999,5897008,0.00012514887712400906,14.098331928253174,gen10e5__20220324_162422.pickle
2026-08-05 14:39:52,1,121,120,47311,12099905,713488678,100000,5896520,2.0749452598587603,0.16859333980042465,,,0,0,0.0001230997011259391,10.184371948242188,gen10e5__20220324_164213.pickle
2026-08-05 14:40:03,1,122,121,47702,12199899,719384796,99994,5896118,2.074735798013927,0.16866640050283932,,,0,0,0.00012106115360020245,10.097236633300781,gen10e5__20220324_154407.pickle
2026-08-05 14:40:14,1,123,122,48093,12299898,725281784,99999,5896988,2.0743314917137075,0.16854723123058754,,,0,0,0.00011903375164683323,11.352527379989624,gen10e5__20220324_162820.pickle
2026-08-05 14:40:25,1,124,123,48484,12399896,731177191,99998,5895407,2.07403536455997,0.1683507177706306,,,0,0,0.00011701800953866838,10.087180137634277,gen10e5__20220324_155353.pickle
2026-08-05 14:40:39,1,125,124,48875,12499893,737073576,99997,5896385,2.0734213833506945,0.16882768001071843,2.056352874225222,0.16894652338948837,99999,5897008,0.00011501443859089663,14.028897523880005,gen10e5__20220324_155404.pickle
2026-08-05 14:40:51,1,126,125,49266,12599892,742970300,99999,5896724,2.0732864345253126,0.16842148284369424,,,0,0,0.00011302354703135788,10.076837539672852,gen10e5__20220324_154248.pickle
2026-08-05 14:41:01,1,127,126,49657,12699891,748866759,99999,5896459,2.072610611063607,0.1685341999325358,,,0,0,0.00011104583987162547,10.094588279724121,gen10e5__20220324_155905.pickle
2026-08-05 14:41:12,1,128,127,50048,12799890,754763549,99999,5896790,2.072605289729102,0.16850388092504567,,,0,0,0.00010908181877890453,10.646323919296265,gen10e5__20220324_161911.pickle
2026-08-05 14:41:22,1,129,128,50439,12899890,760660488,100000,5896939,2.071801643177155,0.16859017873510307,,,0,0,0.00010713198194877857,10.08883547782898,gen10e5__20220324_164123.pickle
2026-08-05 14:41:37,1,130,129,50830,12999890,766557931,100000,5897443,2.0711277387492673,0.16864749688975375,2.0545548096328323,0.16905386596050065,99999,5897008,0.00010519682397883666,14.006877660751343,gen10e5__20220324_154729.pickle
2026-08-05 14:41:49,1,131,130,51221,13099890,772455005,100000,5897074,2.0705214232295384,0.1689230964373179,,,0,0,0.00010327683574321323,10.08607029914856,gen10e5__20220324_154425.pickle
2026-08-05 14:42:02,1,132,131,51612,13199890,778351581,100000,5896576,2.070691444834219,0.16857172704973192,,,0,0,0.0001013725042680726,11.99626350402832,gen10e5__20220324_155521.pickle
2026-08-05 14:42:13,1,133,132,52003,13299889,784248209,99999,5896628,2.070181300920191,0.16880308542441544,,,0,0,9.948431260806927e-05,10.12399935722351,gen10e5__20220324_155959.pickle
2026-08-05 14:42:23,1,134,133,52394,13399889,790144705,100000,5896496,2.0696859323611463,0.16859606111833197,,,0,0,9.761273972381588e-05,10.155448913574219,gen10e5__20220324_160115.pickle
2026-08-05 14:42:37,1,135,134,52785,13499888,796041764,99999,5897059,2.0694118987078802,0.16882788522210818,2.0528912757056874,0.16898450875426996,99999,5897008,9.575826036038953e-05,14.023475408554077,gen10e5__20220324_162202.pickle
2026-08-05 14:42:49,1,136,135,53176,13599888,801938556,100000,5896792,2.0692876969783587,0.16871902553117016,,,0,0,9.392134492690751e-05,10.112077236175537,gen10e5__20220324_155946.pickle
2026-08-05 14:43:00,1,137,136,53567,13699888,807835257,100000,5896701,2.068419492862766,0.16887137401065444,,,0,0,9.210245937720277e-05,10.17265772819519,gen10e5__20220324_161346.pickle
2026-08-05 14:43:12,1,138,137,53958,13799887,813731879,99999,5896622,2.0678385249031557,0.16850817298446466,,,0,0,9.030206509162974e-05,12.028812646865845,gen10e5__20220324_154210.pickle
2026-08-05 14:43:22,1,139,138,54349,13899886,819627848,99999,5895969,2.067881100351811,0.16852683587719,,,0,0,8.852061876002992e-05,10.106019258499146,gen10e5__20220324_154100.pickle
2026-08-05 14:43:36,1,140,139,54740,13999885,825524353,99999,5896505,2.0673928420215817,0.16882543133602024,2.0515381347337076,0.16903334708041773,99999,5897008,8.67585722658876e-05,14.020383834838867,gen10e5__20220324_162526.pickle
2026-08-05 14:43:48,1,141,140,55131,14099885,831421568,100000,5897215,2.067464552780749,0.1685690618368162,,,0,0,8.501637257170465e-05,10.10780930519104,gen10e5__20220324_155340.pickle
2026-08-05 14:44:00,1,142,141,55522,14199884,837318176,99999,5896608,2.0668926375972965,0.16885131248338028,,,0,0,8.32944616056235e-05,11.215403079986572,gen10e5__20220324_154829.pickle
2026-08-05 14:44:10,1,143,142,55913,14299883,843214771,99999,5896595,2.066562152669323,0.1686919315299762,,,0,0,8.159327614932723e-05,10.106390237808228,gen10e5__20220324_154505.pickle
2026-08-05 14:44:20,1,144,143,56304,14399882,849111662,99999,5896891,2.0660809464018803,0.16866582746738917,,,0,0,7.991324772724505e-05,10.109036445617676,gen10e5__20220324_155846.pickle
2026-08-05 14:44:35,1,145,144,56695,14499882,855008412,100000,5896750,2.065670934854298,0.1683891974392674,2.0495682336220393,0.169222426016719,99999,5897008,7.825480249709143e-05,14.06354832649231,gen10e5__20220324_155814.pickle
2026-08-05 14:44:47,1,146,145,57086,14599882,860904733,100000,5896321,2.0651398804411794,0.16894059872249154,,,0,0,7.661836114176645e-05,10.186181783676147,gen10e5__20220324_155245.pickle
2026-08-05 14:44:57,1,147,146,57477,14699882,866801458,100000,5896725,2.0651508751569887,0.16906401434694682,,,0,0,7.5004338762645e-05,10.276193618774414,gen10e5__20220324_155804.pickle
2026-08-05 14:45:07,1,148,147,57868,14799882,872698094,100000,5896636,2.0649223341026506,0.168802517231859,,,0,0,7.341314477428167e-05,10.112743377685547,gen10e5__20220324_155735.pickle
2026-08-05 14:45:18,1,149,148,58259,14899882,878594947,100000,5896853,2.064660222988357,0.16898267601379924,,,0,0,7.184518280055834e-05,10.102256536483765,gen10e5__20220324_162518.pickle
2026-08-05 14:45:32,1,150,149,58650,14999881,884491790,99999,5896843,2.0644284466162865,0.16865159883008587,2.0488047810744323,0.1694410114417345,99999,5897008,7.030085057230043e-05,14.029769659042358,gen10e5__20220324_160102.pickle
2026-08-05 14:45:44,1,151,150,59041,15099879,890388530,99998,5896740,2.063486742387262,0.16874459447084322,,,0,0,6.878053982638824e-05,10.178568840026855,gen10e5__20220324_162458.pickle
2026-08-05 14:45:55,1,152,151,59432,15199876,896285103,99997,5896573,2.0633342390144205,0.16912043656544234,,,0,0,6.728463620638827e-05,10.102229356765747,gen10e5__20220324_161847.pickle
2026-08-05 14:46:06,1,153,152,59823,15299876,902181826,100000,5896723,2.0632574260238625,0.16871319883942318,,,0,0,6.581351916473091e-05,11.26241421699524,gen10e5__20220324_162430.pickle
2026-08-05 14:46:17,1,154,153,60214,15399875,908078437,99999,5896611,2.063211905485608,0.16863890122648417,,,0,0,6.436756186645785e-05,10.081886529922485,gen10e5__20220324_153933.pickle
2026-08-05 14:46:31,1,155,154,60605,15499874,913975214,99999,5896777,2.0628071701990556,0.16903589876300223,2.0475030036577313,0.16930077083158104,99999,5897008,6.294713109456475e-05,14.013270854949951,gen10e5__20220324_155319.pickle
2026-08-05 14:46:43,1,156,155,60996,15599872,919872349,99998,5897135,2.0624903102147756,0.1689572987560909,,,0,0,6.155258715696267e-05,10.205554723739624,gen10e5__20220324_163802.pickle
2026-08-05 14:46:53,1,157,156,61387,15699872,925768965,100000,5896616,2.062188545193773,0.16901083604562345,,,0,0,6.0184283795082003e-05,10.186519145965576,gen10e5__20220324_162351.pickle
2026-08-05 14:47:04,1,158,157,61778,15799872,931665733,100000,5896768,2.06138691210646,0.16929579050761367,,,0,0,5.8842568094142126e-05,10.10281252861023,gen10e5__20220324_155240.pickle
2026-08-05 14:47:14,1,159,158,62169,15899872,937562429,100000,5896696,2.062068566775557,0.1688616811855317,,,0,0,5.752778039510931e-05,10.09054183959961,gen10e5__20220324_160016.pickle
2026-08-05 14:47:28,1,160,159,62560,15999872,943458503,100000,5896074,2.0616389067967926,0.16888746647345335,2.046147529506912,0.1694876452601048,99999,5897008,5.6240254208365557e-05,14.02587604522705,gen10e5__20220324_162251.pickle
2026-08-05 14:47:41,1,161,160,62951,16099872,949355617,100000,5897114,2.060998940593191,0.16889973637952396,,,0,0,5.498031612911e-05,10.142759323120117,gen10e5__20220324_154557.pickle
2026-08-05 14:47:51,1,162,161,63342,16199872,955252502,100000,5896885,2.0610696971443816,0.16873484899230695,,,0,0,5.3748285754514426e-05,10.143876552581787,gen10e5__20220324_155038.pickle
2026-08-05 14:48:01,1,163,162,63733,16299871,961149424,99999,5896922,2.060686448345643,0.16905582268173125,,,0,0,5.2544475602653916e-05,10.104077100753784,gen10e5__20220324_160053.pickle
2026-08-05 14:48:12,1,164,163,64124,16399870,967046502,99999,5897078,2.060580766093407,0.16915156964177852,,,0,0,5.1369191033233234e-05,10.124189138412476,gen10e5__20220324_155719.pickle
2026-08-05 14:48:26,1,165,164,64515,16499870,972942958,100000,5896456,2.0605794447652754,0.1689918486629935,2.045118977351305,0.1692071640397978,99999,5897008,5.022273017012898e-05,14.025834321975708,gen10e5__20220324_155508.pickle
2026-08-05 14:48:40,1,166,165,64906,16599870,978839686,100000,5896728,2.06010212831558,0.16894063962251607,,,0,0,4.9105383825767093e-05,10.10833215713501,gen10e5__20220324_162152.pickle
2026-08-05 14:48:51,1,167,166,65297,16699869,984736268,99999,5896582,2.0600282419364095,0.1689107350665182,,,0,0,4.801743542735521e-05,10.21477222442627,gen10e5__20220324_154223.pickle
2026-08-05 14:49:03,1,168,167,65688,16799869,990633561,100000,5897293,2.059197696358852,0.16916083362315557,,,0,0,4.695916094498811e-05,11.545326232910156,gen10e5__20220324_155642.pickle
2026-08-05 14:49:13,1,169,168,66079,16899868,996530462,99999,5896901,2.0590666359975067,0.16901708202325255,,,0,0,4.5930828821644965e-05,10.106073141098022,gen10e5__20220324_162246.pickle
2026-08-05 14:49:27,1,170,169,66470,16999865,1002426956,99997,5896494,2.0594060881375866,0.16894581763332583,2.044340108526703,0.16935350944071978,99999,5897008,4.493269990509573e-05,14.05321717262268,gen10e5__20220324_163753.pickle
2026-08-05 14:49:40,1,171,170,66861,17099864,1008323380,99999,5896424,2.0593877912679313,0.16930397135619826,,,0,0,4.396502738173431e-05,10.103797197341919,gen10e5__20220324_155351.pickle
2026-08-05 14:49:50,1,172,171,67252,17199863,1014219899,99999,5896519,2.059087779806309,0.16888947529890092,,,0,0,4.302805671235495e-05,10.122729539871216,gen10e5__20220324_154523.pickle
2026-08-05 14:50:01,1,173,172,67643,17299862,1020116375,99999,5896476,2.0585644063896686,0.16878725530299793,,,0,0,4.212202556988852e-05,10.307034015655518,gen10e5__20220324_154722.pickle
2026-08-05 14:50:11,1,174,173,68034,17399862,1026012985,100000,5896610,2.05865012499351,0.16909766798211176,,,0,0,4.124716377911407e-05,10.11893343925476,gen10e5__20220324_155230.pickle
2026-08-05 14:50:25,1,175,174,68425,17499860,1031909421,99998,5896436,2.0584510355113945,0.16904737030979392,2.043389961514105,0.1695264785124931,99999,5897008,4.0403693258361266e-05,14.065202236175537,gen10e5__20220324_155156.pickle
2026-08-05 14:50:37,1,176,175,68816,17599860,1037806179,100000,5896758,2.058110218884218,0.16902660750195278,,,0,0,3.959182796321835e-05,10.1605384349823,gen10e5__20220324_162320.pickle
2026-08-05 14:50:50,1,177,176,69207,17699859,1043702725,99999,5896546,2.0578394725299383,0.1690579535884228,,,0,0,3.8811773832259994e-05,10.987651348114014,gen10e5__20220324_154036.pickle
2026-08-05 14:51:01,1,178,177,69598,17799857,1049599464,99998,5896739,2.058151664972128,0.16887486456497397,,,0,0,3.806372873480866e-05,10.899797916412354,gen10e5__20220324_154803.pickle
2026-08-05 14:51:11,1,179,178,69989,17899857,1055496777,100000,5897313,2.0578189443531225,0.16908022348483115,,,0,0,3.73478824207429e-05,10.107476949691772,gen10e5__20220324_155158.pickle
2026-08-05 14:51:25,1,180,179,70380,17999857,1061393489,100000,5896712,2.057902601943862,0.16904132336800576,2.0427843035819144,0.16953461823351773,99999,5897008,3.666441647236518e-05,14.116170406341553,gen10e5__20220324_154321.pickle
2026-08-05 14:51:42,1,181,180,70771,18099857,1067290722,100000,5897233,2.0576765294065216,0.16892583352226376,,,0,0,3.601350425834156e-05,10.083181142807007,gen10e5__20220324_154545.pickle
2026-08-05 14:51:52,1,182,181,71162,18199857,1073187298,100000,5896576,2.056745780687415,0.1690557367529902,,,0,0,3.539531088972481e-05,10.095102787017822,gen10e5__20220324_155234.pickle
2026-08-05 14:52:03,1,183,182,71553,18299857,1079084043,100000,5896745,2.057256619365504,0.16887384480760148,,,0,0,3.480999317807213e-05,10.100339412689209,gen10e5__20220324_155621.pickle
2026-08-05 14:52:13,1,184,183,71944,18399856,1084980499,99999,5896456,2.0570967005464857,0.16888703994399348,,,0,0,3.4257699595668296e-05,10.08816146850586,gen10e5__20220324_160512.pickle
2026-08-05 14:52:27,1,185,184,72335,18499856,1090877275,100000,5896776,2.056819684828786,0.168949609074518,2.0421912969407616,0.1694796751166015,99999,5897008,3.373857023786386e-05,14.073245525360107,gen10e5__20220324_160129.pickle
2026-08-05 14:52:40,1,186,185,72726,18599851,1096773418,99995,5896143,2.0564920958058424,0.169019815157129,,,0,0,3.3252736787538545e-05,10.10273265838623,gen10e5__20220324_154811.pickle
2026-08-05 14:52:52,1,187,186,73117,18699848,1102670215,99997,5896797,2.0566630908847134,0.16907127716962275,,,0,0,3.280032248169839e-05,11.14491891860962,gen10e5__20220324_154128.pickle
2026-08-05 14:53:04,1,188,187,73508,18799847,1108566897,99999,5896682,2.057073812681711,0.16910323466654636,,,0,0,3.238144208021533e-05,11.640542984008789,gen10e5__20220324_155251.pickle
2026-08-05 14:53:14,1,189,188,73899,18899846,1114463917,99999,5897020,2.0564342858760214,0.16906590108224154,,,0,0,3.199620183671711e-05,10.083208084106445,gen10e5__20220324_161429.pickle
2026-08-05 14:53:28,1,190,189,74290,18999845,1120360310,99999,5896393,2.0560953662708656,0.16927518230212946,2.041573869790242,0.1692593939163725,99999,5897008,3.1644699471634826e-05,14.075873613357544,gen10e5__20220324_155726.pickle
2026-08-05 14:53:40,1,191,190,74681,19099844,1126257309,99999,5896999,2.0561442612336656,0.16908837868210594,,,0,0,3.132702414741511e-05,10.120577812194824,gen10e5__20220324_154032.pickle
2026-08-05 14:53:51,1,192,191,75072,19199844,1132154415,100000,5897106,2.0560495239872143,0.16912906093259983,,,0,0,3.104325644590308e-05,10.093445777893066,gen10e5__20220324_154148.pickle
2026-08-05 14:54:01,1,193,192,75463,19299843,1138051413,99999,5896998,2.0562856848308044,0.16892476477014237,,,0,0,3.0793468347901885e-05,10.498165845870972,gen10e5__20220324_154235.pickle
2026-08-05 14:54:12,1,194,193,75854,19399842,1143947935,99999,5896522,2.055693781602868,0.1690608463768981,,,0,0,3.057772321491396e-05,10.084435939788818,gen10e5__20220324_154434.pickle
2026-08-05 14:54:26,1,195,194,76245,19499842,1149844805,100000,5896870,2.0555201610321454,0.16910598334370608,2.0411841277937084,0.16954733654761872,99999,5897008,3.039607577306866e-05,14.01643443107605,gen10e5__20220324_160017.pickle
2026-08-05 14:54:38,1,196,195,76636,19599841,1155741406,99999,5896601,2.055990422748876,0.16919204809686123,,,0,0,3.024857209924043e-05,10.091392517089844,gen10e5__20220324_155722.pickle
2026-08-05 14:54:49,1,197,196,77027,19699841,1161638422,100000,5897016,2.0556326158542135,0.16918353282405882,,,0,0,3.013524960936085e-05,10.088199853897095,gen10e5__20220324_162758.pickle
2026-08-05 14:55:00,1,198,197,77418,19799841,1167535347,100000,5896925,2.0556642522073902,0.1689885830326823,,,0,0,3.0056137048927726e-05,11.004970073699951,gen10e5__20220324_154317.pickle
2026-08-05 14:55:10,1,199,198,77809,19899840,1173431670,99999,5896323,2.055476248385062,0.16911420897396565,,,0,0,3.0011254485713408e-05,10.092823028564453,gen10e5__20220324_155338.pickle
2026-08-05 14:55:24,1,200,199,78200,19999840,1179328592,100000,5896922,2.055538854962616,0.16892728104594226,2.0409563057759192,0.1696996171617878,99999,5897008,2.9999999999999997e-05,14.043218851089478,gen10e5__20220324_154830.pickle
