metric,metric_label,effect,effect_label,multiplicity_family,n,mean_difference,sd_difference,ci95_low,ci95_high,t_statistic,degrees_of_freedom,p_paired_t,p_exact_sign_flip,hedges_gz,wins_positive,ties,wins_negative,p_holm,significant_holm_0_05
legal_preferred_top1,Legal top-1 / best available head,architecture_main,Mamba - Transformer (main effect),primary_3_metrics_x_3_effects,5,0.004793251556000677,0.0006992752147581019,0.003924986696999335,0.005661516415002019,15.327350499876948,4,0.00010569589801656131,0.0625,5.483679621230439,5,0,0,0.0004938787986864195,True
legal_preferred_top1,Legal top-1 / best available head,objective_main,JEPA - AR (main effect),primary_3_metrics_x_3_effects,5,-0.010158372980069764,0.00045609265974434857,-0.010724686815519321,-0.009592059144620206,-49.80306531783549,4,9.726588891947918e-07,0.0625,-17.818086326166775,0,0,5,7.781271113558335e-06,True
legal_preferred_top1,Legal top-1 / best available head,interaction,Architecture x Objective interaction,primary_3_metrics_x_3_effects,5,0.008919728266524962,0.0014468918307135338,0.007123174771032828,0.010716281762017096,13.784802928177605,4,0.00016049587381748498,0.0625,4.931801024614924,5,0,0,0.0004938787986864195,True
legal_preferred_mass,Legal probability mass / best available head,architecture_main,Mamba - Transformer (main effect),primary_3_metrics_x_3_effects,5,0.02316578166983334,0.0024201018745867906,0.020160828300173475,0.026170735039493208,21.404166126068695,4,2.8175043017609664e-05,0.0625,7.657787273534071,5,0,0,0.00016905025810565798,True
legal_preferred_mass,Legal probability mass / best available head,objective_main,JEPA - AR (main effect),primary_3_metrics_x_3_effects,5,-0.0055884253917223735,0.0017121253614696967,-0.007714309813470906,-0.003462540969973841,-7.298588844189777,4,0.0018737355840425737,0.0625,-2.611222527268794,0,0,5,0.0037474711680851474,True
legal_preferred_mass,Legal probability mass / best available head,interaction,Architecture x Objective interaction,primary_3_metrics_x_3_effects,5,0.009766545110793001,0.003807896819871133,0.005038416720684402,0.014494673500901601,5.73509730071689,4,0.004578434981068013,0.0625,2.0518507875165635,5,0,0,0.004578434981068013,True
board_macro_mean,Mean board-state macro accuracy,architecture_main,Mamba - Transformer (main effect),primary_3_metrics_x_3_effects,5,0.013831848619510123,0.0003917315422701919,0.01334544966651239,0.014318247572507856,78.95446352997125,4,1.5423402571080666e-07,0.0625,28.247607612807,5,0,0,1.3881062313972599e-06,True
board_macro_mean,Mean board-state macro accuracy,objective_main,JEPA - AR (main effect),primary_3_metrics_x_3_effects,5,-0.013991223751397608,0.0012839447945128253,-0.015585451778425316,-0.0123969957243699,-24.366567418037196,4,1.683112145274741e-05,0.0625,-8.717648180010032,0,0,5,0.00011781785016923188,True
board_macro_mean,Mean board-state macro accuracy,interaction,Architecture x Objective interaction,primary_3_metrics_x_3_effects,5,0.024107100841603012,0.003457073620923605,0.019814576987362238,0.028399624695843787,15.592701265026932,4,9.87757597372839e-05,0.0625,5.57861439703155,5,0,0,0.0004938787986864195,True
board_linear_absolute,Board Linear / absolute,architecture_main,Mamba - Transformer (main effect),secondary_4_metrics_x_3_effects,5,-0.001076931635339884,0.0005199704727287633,-0.0017225602514561826,-0.00043130301922358525,-4.631209789860798,4,0.009798322793057673,0.0625,-1.6569119853106018,0,0,5,0.02939496837917302,True
board_linear_absolute,Board Linear / absolute,objective_main,JEPA - AR (main effect),secondary_4_metrics_x_3_effects,5,-0.004607229309365279,0.0005731515183662755,-0.005318890915236508,-0.00389556770349405,-17.974440603482055,4,5.6314589444503315e-05,0.0625,-6.430731367506914,0,0,5,0.0004505167155560265,True
board_linear_absolute,Board Linear / absolute,interaction,Architecture x Objective interaction,secondary_4_metrics_x_3_effects,5,0.0005178569611139494,0.0012518310435091053,-0.0010364965774451594,0.0020722104996730582,0.9250156989447064,4,0.4073116476935187,0.4375,0.33094367729517504,4,0,1,0.8146232953870374,False
board_linear_relative,Board Linear / relative,architecture_main,Mamba - Transformer (main effect),secondary_4_metrics_x_3_effects,5,0.03012596574998756,0.0009789655142882939,0.02891041951541275,0.03134151198456237,68.81111369257569,4,2.672425944281136e-07,0.0625,24.61861245185053,5,0,0,2.9396685387092495e-06,True
board_linear_relative,Board Linear / relative,objective_main,JEPA - AR (main effect),secondary_4_metrics_x_3_effects,5,-0.02082736317788365,0.0019079461940633132,-0.023196391277561963,-0.018458335078205337,-24.40917883467235,4,1.6714550123863987e-05,0.0625,-8.732893303884238,0,0,5,0.00016714550123863987,True
board_linear_relative,Board Linear / relative,interaction,Architecture x Objective interaction,secondary_4_metrics_x_3_effects,5,0.05089117897025708,0.006932323172570031,0.042283562862963156,0.059498795077551,16.41529582505236,4,8.062827257616872e-05,0.0625,5.872914773693693,5,0,0,0.0005643979080331811,True
board_mlp_absolute,Board MLP / absolute,architecture_main,Mamba - Transformer (main effect),secondary_4_metrics_x_3_effects,5,-0.0047659174529032676,0.0013253555830174976,-0.0064115637651544575,-0.0031202711406520776,-8.040797153908896,4,0.0012985236748208357,0.0625,-2.8767630447083405,0,0,5,0.0064926183741041785,True
board_mlp_absolute,Board MLP / absolute,objective_main,JEPA - AR (main effect),secondary_4_metrics_x_3_effects,5,-0.0069327862837942344,0.0021740472747562435,-0.009632222515252075,-0.004233350052336394,-7.130563159340763,4,0.0020452878605010053,0.0625,-2.5511078307426582,0,0,5,0.008181151442004021,True
board_mlp_absolute,Board MLP / absolute,interaction,Architecture x Objective interaction,secondary_4_metrics_x_3_effects,5,0.0010229869550005377,0.004732014784978169,-0.0048525854424747925,0.006898559352475868,0.4834026256085068,4,0.6540792404159042,0.6875,0.1729473810180003,3,0,2,0.8146232953870374,False
board_mlp_relative,Board MLP / relative,architecture_main,Mamba - Transformer (main effect),secondary_4_metrics_x_3_effects,5,0.031044277816296328,0.0007315669378457839,0.030135917487297045,0.03195263814529561,94.88826232912758,4,7.39570841321061e-08,0.0625,33.94825677356189,5,0,0,8.874850095852732e-07,True
board_mlp_relative,Board MLP / relative,objective_main,JEPA - AR (main effect),secondary_4_metrics_x_3_effects,5,-0.023597516234547356,0.0025007874505089535,-0.026702653979004107,-0.020492378490090606,-21.09961419946507,4,2.982480239557584e-05,0.0625,-7.548827463843792,0,0,5,0.0002684232215601826,True
board_mlp_relative,Board MLP / relative,interaction,Architecture x Objective interaction,secondary_4_metrics_x_3_effects,5,0.04399638048004064,0.0065828557122633875,0.03582268553675318,0.052170075423328105,14.944714242185634,4,0.00011677432969582075,0.0625,5.346783511973814,5,0,0,0.0007006459781749245,True
