metric,metric_label,contrast,contrast_label,positive_system,negative_system,n,mean_difference,sd_difference,ci95_low,ci95_high,t_statistic,degrees_of_freedom,p_paired_t,p_exact_sign_flip,hedges_gz,wins_positive,ties,wins_negative,p_holm_within_metric,significant_holm_0_05
legal_preferred_top1,Legal top-1 / best available head,architecture_ar,Mamba - Transformer | AR,Mamba-AR,Transformer-AR,5,0.000333387422738185,0.0004789321646308212,-0.00026128540366570496,0.0009280602491420749,1.5565397255385471,4,0.19456721075670205,0.25,0.5568845817572892,4,0,1,0.19456721075670205,False
legal_preferred_top1,Legal top-1 / best available head,architecture_jepa,Mamba - Transformer | JEPA,Mamba-JEPA,Transformer-JEPA,5,0.009253115689263148,0.0013399043318553603,0.007589404719361074,0.01091682665916522,15.441845505650416,4,0.00010263815940736193,0.0625,5.524642599789431,5,0,0,0.0003079144782220858,True
legal_preferred_top1,Legal top-1 / best available head,objective_transformer,JEPA - AR | Transformer,Transformer-JEPA,Transformer-AR,5,-0.014618237113332211,0.0007745467819486529,-0.015579963967402436,-0.013656510259261985,-42.201933644839634,4,1.8845078081934044e-06,0.0625,-15.0986227858875,0,0,5,1.1307046849160426e-05,True
legal_preferred_top1,Legal top-1 / best available head,objective_mamba,JEPA - AR | Mamba,Mamba-JEPA,Mamba-AR,5,-0.005698508846807249,0.000928905967259911,-0.0068518979440705275,-0.0045451197495439705,-13.717484439713605,4,0.00016361430632492568,0.0625,-4.907716429999238,0,0,5,0.00032722861264985136,True
legal_preferred_top1,Legal top-1 / best available head,diagonal_mj_ta,Mamba-JEPA - Transformer-AR,Mamba-JEPA,Transformer-AR,5,-0.005365121424069063,0.0006338470222182817,-0.0061521464519261665,-0.00457809639621196,-18.926926831293844,4,4.589776173436601e-05,0.0625,-6.771503199990038,0,0,5,0.00018359104693746405,True
legal_preferred_top1,Legal top-1 / best available head,diagonal_ma_tj,Mamba-AR - Transformer-JEPA,Mamba-AR,Transformer-JEPA,5,0.014951624536070397,0.0009961177806465781,0.013714780949870903,0.01618846812226989,33.56314834075742,4,4.700398070098678e-06,0.0625,12.00791699661486,5,0,0,2.3501990350493393e-05,True
legal_preferred_mass,Legal probability mass / best available head,architecture_ar,Mamba - Transformer | AR,Mamba-AR,Transformer-AR,5,0.01828250911443683,0.003164953849335414,0.014352699863740619,0.022212318365133044,12.916754911836875,4,0.0002071955344509396,0.0625,4.621238725051449,5,0,0,0.0006215866033528188,True
legal_preferred_mass,Legal probability mass / best available head,architecture_jepa,Mamba - Transformer | JEPA,Mamba-JEPA,Transformer-JEPA,5,0.02804905422522983,0.002991135636129865,0.024335068792103058,0.031763039658356605,20.96848808679986,4,3.0572170414056e-05,0.0625,7.50191435959664,5,0,0,0.00015286085207028,True
legal_preferred_mass,Legal probability mass / best available head,objective_transformer,JEPA - AR | Transformer,Transformer-JEPA,Transformer-AR,5,-0.010471697947118885,0.0018206018940099596,-0.012732273773972642,-0.008211122120265129,-12.86136663190505,4,0.0002107168088328371,0.0625,-4.6014224115979525,0,0,5,0.0006215866033528188,True
legal_preferred_mass,Legal probability mass / best available head,objective_mamba,JEPA - AR | Mamba,Mamba-JEPA,Mamba-AR,5,-0.0007051528363258841,0.00313020675765918,-0.00459181787424543,0.003181512201593662,-0.5037270054744224,4,0.6409304566984371,0.625,-0.18021885221491477,2,0,3,0.6409304566984371,False
legal_preferred_mass,Legal probability mass / best available head,diagonal_mj_ta,Mamba-JEPA - Transformer-AR,Mamba-JEPA,Transformer-AR,5,0.017577356278110946,0.0012192413070761952,0.016063468241991532,0.01909124431423036,32.23657472436054,4,5.520453112300662e-06,0.0625,11.533307591267473,5,0,0,3.312271867380397e-05,True
legal_preferred_mass,Legal probability mass / best available head,diagonal_ma_tj,Mamba-AR - Transformer-JEPA,Mamba-AR,Transformer-JEPA,5,0.028754207061555716,0.004011232143450608,0.02377360452059537,0.03373480960251606,16.029080175208453,4,8.857910944689952e-05,0.0625,5.734738062169655,5,0,0,0.0003543164377875981,True
board_macro_mean,Mean board-state macro accuracy,architecture_ar,Mamba - Transformer | AR,Mamba-AR,Transformer-AR,5,0.00177829819870865,0.0021199513634403326,-0.0008539690872181997,0.0044105654846355,1.875701360490145,4,0.13394509239924746,0.0625,0.6710713196071685,5,0,0,0.40183527719774237,False
board_macro_mean,Mean board-state macro accuracy,architecture_jepa,Mamba - Transformer | JEPA,Mamba-JEPA,Transformer-JEPA,5,0.025885399040311664,0.0013373079037039802,0.024224911961769083,0.027545886118854244,43.2821130560349,4,1.7036229566366953e-06,0.0625,15.485079520500031,5,0,0,8.518114783183477e-06,True
board_macro_mean,Mean board-state macro accuracy,objective_transformer,JEPA - AR | Transformer,Transformer-JEPA,Transformer-AR,5,-0.026044774172199126,0.0012331847802525666,-0.027575975316971563,-0.02451357302742669,-47.22559541785818,4,1.2026642632217748e-06,0.0625,-16.89594266115736,0,0,5,7.215985579330649e-06,True
board_macro_mean,Mean board-state macro accuracy,objective_mamba,JEPA - AR | Mamba,Mamba-JEPA,Mamba-AR,5,-0.0019376733305961126,0.0027842346845604097,-0.005394757300964993,0.0015194106397727683,-1.5561796243068542,4,0.19464989388766846,0.1875,-0.5567557480240336,1,0,4,0.40183527719774237,False
board_macro_mean,Mean board-state macro accuracy,diagonal_mj_ta,Mamba-JEPA - Transformer-AR,Mamba-JEPA,Transformer-AR,5,-0.00015937513188746255,0.0010475939493162455,-0.0014601348234895457,0.0011413845597146206,-0.3401829774369757,4,0.7508326974231717,0.75,-0.1217075619739768,2,0,3,0.7508326974231717,False
board_macro_mean,Mean board-state macro accuracy,diagonal_ma_tj,Mamba-AR - Transformer-JEPA,Mamba-AR,Transformer-JEPA,5,0.027823072370907774,0.0015831874779973425,0.025857285477071456,0.029788859264744092,39.29685020181196,4,2.5052306157226677e-06,0.0625,14.059268536460458,5,0,0,1.002092246289067e-05,True
board_linear_absolute,Board Linear / absolute,architecture_ar,Mamba - Transformer | AR,Mamba-AR,Transformer-AR,5,-0.0013358601158968586,0.0007117232870473296,-0.0022195812981067728,-0.0004521389336869443,-4.196959804376167,4,0.013729353971541703,0.0625,-1.5015499874270928,0,0,5,0.027458707943083405,True
board_linear_absolute,Board Linear / absolute,architecture_jepa,Mamba - Transformer | JEPA,Mamba-JEPA,Transformer-JEPA,5,-0.0008180031547829092,0.0009042837101488853,-0.00194081968183691,0.0003048133722710915,-2.022717692882817,4,0.11314691773355542,0.125,-0.7236694816924034,1,0,4,0.11314691773355542,False
board_linear_absolute,Board Linear / absolute,objective_transformer,JEPA - AR | Transformer,Transformer-JEPA,Transformer-AR,5,-0.004866157789922276,0.000424753297985595,-0.005393558668149306,-0.004338756911695246,-25.617363441579137,4,1.3791594529958737e-05,0.0625,-9.165146569550227,0,0,5,8.274956717975243e-05,True
board_linear_absolute,Board Linear / absolute,objective_mamba,JEPA - AR | Mamba,Mamba-JEPA,Mamba-AR,5,-0.004348300828808327,0.001122555318284115,-0.005742137353513883,-0.002954464304102771,-8.661574250698274,4,0.000977517626704928,0.0625,-3.0988590106757035,0,0,5,0.0029325528801147837,True
board_linear_absolute,Board Linear / absolute,diagonal_mj_ta,Mamba-JEPA - Transformer-AR,Mamba-JEPA,Transformer-AR,5,-0.005684160944705185,0.0008270602825335223,-0.006711091921871295,-0.0046572299675390755,-15.36788857575814,4,0.00010460045399236689,0.0625,-5.498182964166021,0,0,5,0.0005230022699618344,True
board_linear_absolute,Board Linear / absolute,diagonal_ma_tj,Mamba-AR - Transformer-JEPA,Mamba-AR,Transformer-JEPA,5,0.003530297674025418,0.0007167392832028628,0.0026403483099740497,0.004420247038076786,11.013747627526016,4,0.00038628833283468444,0.0625,3.9403981411480333,5,0,0,0.0015451533313387378,True
board_linear_relative,Board Linear / relative,architecture_ar,Mamba - Transformer | AR,Mamba-AR,Transformer-AR,5,0.004680376264858998,0.004082990384055276,-0.00038932590003460787,0.009750078429752604,2.563229031685027,4,0.06242431549877684,0.125,0.9170486970797891,4,0,1,0.12484863099755368,False
board_linear_relative,Board Linear / relative,architecture_jepa,Mamba - Transformer | JEPA,Mamba-JEPA,Transformer-JEPA,5,0.055571555235116074,0.003045404532163064,0.05179018606756261,0.05935292440266954,40.803043999164295,4,2.1559761947594244e-06,0.0625,14.598140811367399,5,0,0,1.1882443552296613e-05,True
board_linear_relative,Board Linear / relative,objective_transformer,JEPA - AR | Transformer,Transformer-JEPA,Transformer-AR,5,-0.046272952663012165,0.0033068270512810285,-0.050378920760874135,-0.042166984565150195,-31.2896520046436,4,6.2172283402952895e-06,0.0625,-11.194526219951307,0,0,5,2.4868913361181158e-05,True
board_linear_relative,Board Linear / relative,objective_mamba,JEPA - AR | Mamba,Mamba-JEPA,Mamba-AR,5,0.0046182263072449105,0.004513752817365301,-0.0009863380628684047,0.010222790677358226,2.2878230989408,4,0.08405844109961434,0.125,0.818516475156137,4,0,1,0.12484863099755368,False
board_linear_relative,Board Linear / relative,diagonal_mj_ta,Mamba-JEPA - Transformer-AR,Mamba-JEPA,Transformer-AR,5,0.009298602572103909,0.001313412807038969,0.0076677851748238705,0.010929419969383947,15.830748212250244,4,9.304221712281515e-05,0.0625,5.66378066196397,5,0,0,0.00027912665136844544,True
board_linear_relative,Board Linear / relative,diagonal_ma_tj,Mamba-AR - Transformer-JEPA,Mamba-AR,Transformer-JEPA,5,0.05095332892787117,0.0027335345458799213,0.047559197494405785,0.05434746036133655,41.68050750789061,4,1.980407258716102e-06,0.0625,14.912071699893401,5,0,0,1.1882443552296613e-05,True
board_mlp_absolute,Board MLP / absolute,architecture_ar,Mamba - Transformer | AR,Mamba-AR,Transformer-AR,5,-0.00527741093040357,0.001734021462875389,-0.007430482952968569,-0.0031243389078385703,-6.8053653534453495,4,0.0024360120996817195,0.0625,-2.4347615267241096,0,0,5,0.009744048398726878,True
board_mlp_absolute,Board MLP / absolute,architecture_jepa,Mamba - Transformer | JEPA,Mamba-JEPA,Transformer-JEPA,5,-0.004254423975403032,0.0034208604724228256,-0.008501983266888783,-6.86468391728097e-06,-2.780932251050964,4,0.04977103976418937,0.0625,-0.9949365686674346,0,0,5,0.09954207952837874,False
board_mlp_absolute,Board MLP / absolute,objective_transformer,JEPA - AR | Transformer,Transformer-JEPA,Transformer-AR,5,-0.0074442797612944474,0.004336883021215554,-0.012829231273158982,-0.0020593282494299125,-3.8382210237975767,4,0.018487629714018773,0.0625,-1.3732036995008352,0,0,5,0.05546288914205632,False
board_mlp_absolute,Board MLP / absolute,objective_mamba,JEPA - AR | Mamba,Mamba-JEPA,Mamba-AR,5,-0.00642129280629391,0.0013566100134778383,-0.008105746619632068,-0.0047368389929557525,-10.584064009297638,4,0.00045094946739254196,0.0625,-3.786669856479758,0,0,5,0.00225474733696271,True
board_mlp_absolute,Board MLP / absolute,diagonal_mj_ta,Mamba-JEPA - Transformer-AR,Mamba-JEPA,Transformer-AR,5,-0.01169870373669748,0.001371451921243424,-0.013401586212572827,-0.009995821260822133,-19.074016667073003,4,4.4510877581891975e-05,0.0625,-6.824127659446275,0,0,5,0.00026706526549135186,True
board_mlp_absolute,Board MLP / absolute,diagonal_ma_tj,Mamba-AR - Transformer-JEPA,Mamba-AR,Transformer-JEPA,5,0.002166868830890878,0.0033294470376234024,-0.0019671856896522817,0.006300923351434038,1.4552764916951815,4,0.21929065728623234,0.25,0.5206555458380534,3,0,2,0.21929065728623234,False
board_mlp_relative,Board MLP / relative,architecture_ar,Mamba - Transformer | AR,Mamba-AR,Transformer-AR,5,0.00904608757627603,0.0037776861104245763,0.004355470736447415,0.013736704416104644,5.35451230189586,4,0.005867858896997472,0.0625,1.9156885589436834,5,0,0,0.011735717793994944,True
board_mlp_relative,Board MLP / relative,architecture_jepa,Mamba - Transformer | JEPA,Mamba-JEPA,Transformer-JEPA,5,0.05304246805631667,0.002909718660702928,0.049429575150420166,0.05665536096221317,40.7622104054666,4,2.164610857144728e-06,0.0625,14.583531740763611,5,0,0,1.1483017726504506e-05,True
board_mlp_relative,Board MLP / relative,objective_transformer,JEPA - AR | Transformer,Transformer-JEPA,Transformer-AR,5,-0.04559570647456768,0.003452722763054313,-0.04988282802523085,-0.041308584923904504,-29.52889825103424,4,7.83157464204286e-06,0.0625,-10.564579806397955,0,0,5,3.132629856817144e-05,True
board_mlp_relative,Board MLP / relative,objective_mamba,JEPA - AR | Mamba,Mamba-JEPA,Mamba-AR,5,-0.0015993259945270345,0.004717369598724692,-0.007456713991484433,0.004258062002430365,-0.7580923154530244,4,0.490606024435725,0.5625,-0.2712233520917082,1,0,4,0.490606024435725,False
board_mlp_relative,Board MLP / relative,diagonal_mj_ta,Mamba-JEPA - Transformer-AR,Mamba-JEPA,Transformer-AR,5,0.007446761581748995,0.0022651742407754395,0.004634176277319582,0.010259346886178407,7.351074724973165,4,0.0018238218836521812,0.0625,2.630000446835291,5,0,0,0.005471465650956544,True
board_mlp_relative,Board MLP / relative,diagonal_ma_tj,Mamba-AR - Transformer-JEPA,Mamba-AR,Transformer-JEPA,5,0.054641794050843705,0.0029064139026077616,0.05103300454409674,0.05825058355759067,42.03901096144717,4,1.913836287750751e-06,0.0625,15.040333794664745,5,0,0,1.1483017726504506e-05,True
