time,pass,chunk_count,chunk_index_in_pass,step,games_seen,tokens_seen,chunk_games,chunk_tokens,train_seen_batches,train_skipped_batches,train_batch_skip_ratio,train_seen_samples,train_skipped_samples,train_sample_skip_ratio,train_loss,val_loss,val_games,val_tokens,val_seen_batches,val_skipped_batches,val_batch_skip_ratio,val_seen_samples,val_skipped_samples,val_sample_skip_ratio,lr,dt_seconds,chunk_file,infonce_loss,val_infonce_loss,positive_accuracy,val_positive_accuracy,positive_sim,val_positive_sim,negative_sim,val_negative_sim,z_pred_std,val_z_pred_std,z_tgt_std,val_z_tgt_std,z_std,val_z_std,c_std,val_c_std,p_std,val_p_std,cos_sim_offdiag,val_cos_sim_offdiag,positions_per_game,val_positions_per_game
2026-08-05 23:00:20,1,1,0,391,99999,5797219,99999,5797219,391,0,0.0,99999,0,0.0,5.386379622702653,,0,0,0,0,0.0,0,0,0.0,0.00011729999999999999,53.00271034240723,gen10e5__20220324_154738.pickle,5.386379622702653,,0.0108374376922491,,0.018690404976650775,,-0.012009483186922397,,0.8776631683736985,,0.730737909465504,,0.7306679483291983,,0.8294020866147831,,0.877604653626334,,0.4516935349566456,,57.97284507572187,
2026-08-05 23:01:14,1,2,1,782,199999,11595310,100000,5798091,391,0,0.0,100000,0,0.0,4.898949129503339,,0,0,0,0,0.0,0,0,0.0,0.00023459999999999998,53.08805179595947,gen10e5__20220324_155639.pickle,4.898949129503339,,0.02569276664129995,,0.13660466701112325,,0.02014485274349475,,1.0989494917897826,,0.7958553814685972,,0.7957908344023669,,0.9212211380740373,,1.09890279113557,,0.34615137409769275,,57.98096894426653,
2026-08-05 23:02:07,1,3,2,1173,299997,17392843,99998,5797533,391,0,0.0,99998,0,0.0,4.6171584768138665,,0,0,0,0,0.0,0,0,0.0,0.0002999966866426211,52.90709066390991,gen10e5__20220324_154806.pickle,4.6171584768138665,,0.03543403696392831,,0.19199109224718144,,0.022302624672687666,,1.3088872564405725,,0.9039744259789495,,0.903917977934571,,0.9520766160157368,,1.3088480521361865,,0.16314864013131866,,57.976569890670525,
2026-08-05 23:03:00,1,4,3,1564,399991,23189955,99994,5797112,391,0,0.0,99994,0,0.0,4.467271966080234,,0,0,0,0,0.0,0,0,0.0,0.0002999645014249971,52.923598289489746,gen10e5__20220324_154407.pickle,4.467271966080234,,0.04051241371605265,,0.20646027871255945,,0.010686029738329841,,1.4826392512045878,,0.942725482166864,,0.942671428212684,,0.9629040064790891,,1.4826046352407727,,0.0908664126191815,,57.974678237413734,
2026-08-05 23:04:15,1,5,4,1955,499989,28987619,99998,5797664,391,0,0.0,99998,0,0.0,4.386554655200388,4.33978387388808,99999,5797935,391,0,0.0,99999,0,0.0,0.0002998980809749782,74.22870254516602,gen10e5__20220324_162458.pickle,4.386554655200388,4.33978387388808,0.04316773084981586,0.04476955985065725,0.21681274782404303,0.22387863430238292,0.0072961992392670755,0.006462849737161829,1.6012654812892393,1.6748354275164148,0.9533885187808037,0.9540166589523261,0.953335142989375,0.9539633489246455,0.9645735849259004,0.9610441476132987,1.6012334177538028,1.674804527408189,0.06990246162743632,0.06814042853164594,57.9778687939013,57.97999519777839
2026-08-05 23:05:09,1,6,5,2346,599987,34784896,99998,5797277,391,0,0.0,99998,0,0.0,4.331741837846156,,0,0,0,0,0.0,0,0,0.0,0.000299797442140843,52.84253525733948,gen10e5__20220324_162556.pickle,4.331741837846156,,0.044717373117284034,,0.2249304671483413,,0.006136741649533102,,1.694355853100989,,0.952189282308158,,0.9521358685987037,,0.9626590891584698,,1.6943255142747908,,0.0707051249008509,,57.97401538620524,
2026-08-05 23:06:02,1,7,6,2737,699986,40582521,99999,5797625,391,0,0.0,99999,0,0.0,4.288892326544971,,0,0,0,0,0.0,0,0,0.0,0.0002996626104507402,52.570977210998535,gen10e5__20220324_154210.pickle,4.288892326544971,,0.04555434310981649,,0.2321631627879361,,0.0053621036355802135,,1.7729288810776163,,0.9468352898386568,,0.9467815551745065,,0.9595577928438185,,1.772899890917958,,0.07867805661097713,,57.97690836158664,
2026-08-05 23:06:55,1,8,7,3128,799986,46380245,100000,5797724,391,0,0.0,100000,0,0.0,4.25288813191992,,0,0,0,0,0.0,0,0,0.0,0.0002994936201062134,52.19625663757324,gen10e5__20220324_155447.pickle,4.25288813191992,,0.046414592799911975,,0.23943675134028625,,0.005433999453012526,,1.836674445800903,,0.9396415690252748,,0.9395874138995702,,0.9554587538402122,,1.8366464255642345,,0.09020644555718248,,57.97731088095949,
2026-08-05 23:07:47,1,9,8,3519,899986,52178606,100000,5798361,391,0,0.0,100000,0,0.0,4.22169147198118,,0,0,0,0,0.0,0,0,0.0,0.00029929051397352467,52.23246502876282,gen10e5__20220324_154729.pickle,4.22169147198118,,0.04717039841332656,,0.24626782421162707,,0.006162320234535841,,1.891222551864609,,0.9326039511108055,,0.9325494143743688,,0.9517277643100123,,1.8911952751681418,,0.10205134685522967,,57.98365582519246,
2026-08-05 23:09:03,1,10,9,3910,999986,57975943,100000,5797337,391,0,0.0,100000,0,0.0,4.196266414652463,4.172779402144696,99999,5797935,391,0,0.0,99999,0,0.0,0.00029905334357278174,75.20785808563232,gen10e5__20220324_154422.pickle,4.196266414652463,4.172779402144696,0.04777245121991597,0.04867267368721106,0.2524732831559785,0.25822225393602616,0.007297280262115875,0.008537266047289887,1.9402377906051698,1.9878785043472111,0.9264463854548822,0.9237049926146818,0.9263914888527515,0.9236499316795441,0.9485163795021608,0.9439434231591624,1.940211183324274,1.9878523078284331,0.11191676204831827,0.11615556445795189,57.97344656841473,57.97999519777839
2026-08-05 23:09:57,1,11,10,4301,1099985,63773761,99999,5797818,391,0,0.0,99999,0,0.0,4.17517736107612,,0,0,0,0,0.0,0,0,0.0,0.00029878216906486924,52.479958057403564,gen10e5__20220324_154344.pickle,4.17517736107612,,0.04830058463509817,,0.25868270902017076,,0.009231050996136698,,1.9849580705078747,,0.9201496431753681,,0.9200943723491983,,0.9450219954439127,,1.9849320530686794,,0.1221521720481826,,57.97882300828518,
2026-08-05 23:10:50,1,12,11,4692,1199984,69571469,99999,5797708,391,0,0.0,99999,0,0.0,4.161076014336704,,0,0,0,0,0.0,0,0,0.0,0.000298477059236188,52.94805979728699,gen10e5__20220324_155319.pickle,4.161076014336704,,0.04871476775821824,,0.26263252882305377,,0.011219993953394403,,2.0299137297472196,,0.912213215033938,,0.9121574605298258,,0.942045431512769,,2.029888244917882,,0.13540365125851464,,57.977729004882185,
2026-08-05 23:11:44,1,13,12,5083,1299983,75369394,99999,5797925,391,0,0.0,99999,0,0.0,4.147412601596894,,0,0,0,0,0.0,0,0,0.0,0.0002981380914812068,52.993810415267944,gen10e5__20220324_154032.pickle,4.147412601596894,,0.04901356927966766,,0.2655700092947719,,0.011704157197441464,,2.0733601363165572,,0.9093069766691184,,0.9092510752681269,,0.9400853270352242,,2.0733351408187084,,0.1394138500460484,,57.97988743346219,
2026-08-05 23:12:37,1,14,13,5474,1399983,81166827,100000,5797433,391,0,0.0,100000,0,0.0,4.133732967323175,,0,0,0,0,0.0,0,0,0.0,0.00029776535178283037,52.94457221031189,gen10e5__20220324_160403.pickle,4.133732967323175,,0.04947206790995878,,0.26859607226246146,,0.01190694185922797,,2.112508890468133,,0.9063227461457614,,0.9062666810212406,,0.9376935584919981,,2.1124843398569415,,0.14346069376038528,,57.9744103520418,
2026-08-05 23:13:51,1,15,14,5865,1499980,86964295,99997,5797468,391,0,0.0,99997,0,0.0,4.122723827822462,4.106271782529752,99999,5797935,391,0,0.0,99999,0,0.0,0.0002973589346905889,74.21419954299927,gen10e5__20220324_162712.pickle,4.122723827822462,4.106271782529752,0.04965891984767624,0.05029290571063376,0.2708108017415424,0.27419809625515673,0.012254140057554416,0.012583973195105297,2.1463710647713685,2.1968474443410138,0.9031309486707573,0.9016349272839027,0.9030746730292682,0.9015785465023259,0.9349410130954742,0.9324142250435787,2.1463468850138847,2.196823654586988,0.14745294538425358,0.1491189491891583,57.97649190614334,57.97999519777839
2026-08-05 23:14:46,1,16,15,6256,1599980,92762045,100000,5797750,391,0,0.0,100000,0,0.0,4.111465850215871,,0,0,0,0,0.0,0,0,0.0,0.0002969189432966543,53.01174807548523,gen10e5__20220324_155422.pickle,4.111465850215871,,0.05015721590355502,,0.27269592840772494,,0.012185930599868496,,2.1779663517110475,,0.9020503937168379,,0.9019940258649809,,0.9328851130083027,,2.1779424848321707,,0.1471884163507648,,57.97756599946651,
2026-08-05 23:15:40,1,17,16,6647,1699979,98559777,99999,5797732,391,0,0.0,99999,0,0.0,4.102195108038095,,0,0,0,0,0.0,0,0,0.0,0.0002964454892096902,52.84313106536865,gen10e5__20220324_154248.pickle,4.102195108038095,,0.05023395324932782,,0.2743229676259532,,0.012340585429877066,,2.2071182640260134,,0.9008648658197341,,0.9008083964048708,,0.9303440429260496,,2.2070946688905546,,0.1473557409114642,,57.977973781924554,
2026-08-05 23:16:33,1,18,17,7038,1799979,104357464,100000,5797687,391,0,0.0,100000,0,0.0,4.092675739698002,,0,0,0,0,0.0,0,0,0.0,0.0002959386925265408,52.89937210083008,gen10e5__20220324_162430.pickle,4.092675739698002,,0.05054032728831386,,0.2757257578128381,,0.01184522652264967,,2.236025825168462,,0.9007316749915878,,0.9006752129282822,,0.9285347826129218,,2.236002473801879,,0.14619758418914736,,57.976941187521206,
2026-08-05 23:17:26,1,19,18,7429,1899979,110155059,100000,5797595,391,0,0.0,100000,0,0.0,4.086200991909102,,0,0,0,0,0.0,0,0,0.0,0.00029539868180176684,52.83327007293701,gen10e5__20220324_162351.pickle,4.086200991909102,,0.05070913001133468,,0.27628116730466534,,0.011647800459087284,,2.2617816751675406,,0.8972416430348444,,0.8971849762204588,,0.9267325740373865,,2.2617585986362734,,0.15083421058670501,,57.97602010847278,
2026-08-05 23:18:41,1,20,19,7820,1999978,115952576,99999,5797517,391,0,0.0,99999,0,0.0,4.078977392328159,4.0645707682865435,99999,5797935,391,0,0.0,99999,0,0.0,0.000294825594015037,74.41455030441284,gen10e5__20220324_162622.pickle,4.078977392328159,4.0645707682865435,0.05092024709416821,0.051281361058516356,0.2779726317183317,0.28149778356413335,0.01185012718205834,0.012362189486997997,2.287225281769286,2.3364627280605297,0.8971039087599145,0.8962567403942782,0.8970472296178185,0.8962000017316798,0.9251368330042224,0.9222016426962123,2.287202455594533,2.3364402727633693,0.14937220113876712,0.14993965723589722,57.97582208806481,57.97999519777839
2026-08-05 23:19:35,1,21,20,8211,2099977,121750216,99999,5797640,391,0,0.0,99999,0,0.0,4.073770440385157,,0,0,0,0,0.0,0,0,0.0,0.0002942195745363807,52.46949219703674,gen10e5__20220324_155251.pickle,4.073770440385157,,0.0509412448253534,,0.2782039066127462,,0.011568247376826938,,2.314639305102679,,0.8955817945606617,,0.8955249786870331,,0.9237506093349225,,2.3146167228688004,,0.15007700719401273,,57.97706126167285,
2026-08-05 23:20:28,1,22,21,8602,2199976,127548006,99999,5797790,391,0,0.0,99999,0,0.0,4.071812345402765,,0,0,0,0,0.0,0,0,0.0,0.0002935807770893139,52.19577097892761,gen10e5__20220324_154801.pickle,4.071812345402765,,0.051093088666704756,,0.27800793964391535,,0.012182776678750461,,2.33859014773037,,0.8919499716370077,,0.891892865136486,,0.9227051600266605,,2.338567761413405,,0.15428250103838043,,57.97854250283297,
2026-08-05 23:21:20,1,23,22,8993,2299976,133345638,100000,5797632,391,0,0.0,100000,0,0.0,4.068418499298471,,0,0,0,0,0.0,0,0,0.0,0.0002929093637118454,52.23423647880554,gen10e5__20220324_154356.pickle,4.068418499298471,,0.05118365545709851,,0.27873239358656166,,0.012302000001529026,,2.3579651908737644,,0.888994377126774,,0.8889370669834346,,0.921121038158912,,2.3579429668964194,,0.15790200130025023,,57.976387641432744,
2026-08-05 23:22:13,1,24,23,9384,2399976,139143591,100000,5797953,391,0,0.0,100000,0,0.0,4.066886971115764,,0,0,0,0,0.0,0,0,0.0,0.0002922055047153738,52.72833847999573,gen10e5__20220324_162758.pickle,4.066886971115764,,0.05120134608813475,,0.27844417998125426,,0.011752808850947427,,2.3753196669457854,,0.8873759012190308,,0.8873184904845847,,0.9193368494120853,,2.3752976256353038,,0.15882137410107727,,57.97959285897432,
2026-08-05 23:23:27,1,25,24,9775,2499975,144941474,99999,5797883,391,0,0.0,99999,0,0.0,4.062069008212365,4.048712422623232,99999,5797935,391,0,0.0,99999,0,0.0,0.00029146937864148637,73.41212439537048,gen10e5__20220324_162246.pickle,4.062069008212365,4.048712422623232,0.05118230186297178,0.05162562153991348,0.2780280502180085,0.28034780296951584,0.011135858225432439,0.010630817458175129,2.397471512233211,2.445105571523628,0.8838997011773692,0.8842159698596553,0.8838420421869482,0.8841583393542575,0.9181696395851721,0.9145418018725505,2.397449697971689,2.445083886043169,0.16330259165072827,0.1615903400579824,57.979477445285845,57.97999519777839
2026-08-05 23:24:22,1,26,25,10166,2599975,150739244,100000,5797770,391,0,0.0,100000,0,0.0,4.056727971565989,,0,0,0,0,0.0,0,0,0.0,0.00029070117221667016,52.39371132850647,gen10e5__20220324_162637.pickle,4.056727971565989,,0.051184506872348094,,0.278251349958276,,0.01031151359594094,,2.4206520398327487,,0.8837476238115122,,0.8836899719484017,,0.917127193256249,,2.42063040111208,,0.16169547467775292,,57.97776869382538,
2026-08-05 23:25:15,1,27,26,10557,2699975,156536913,100000,5797669,391,0,0.0,100000,0,0.0,4.054160339515898,,0,0,0,0,0.0,0,0,0.0,0.00028990108030494646,52.93503427505493,gen10e5__20220324_161346.pickle,4.054160339515898,,0.05142239036837493,,0.2784166307796843,,0.010274794085560018,,2.4449765721163286,,0.8829088676384582,,0.8828511238260787,,0.9158229723513213,,2.4449551718151565,,0.16120536469890065,,57.97676397442554,
2026-08-05 23:26:08,1,28,27,10948,2799974,162334876,99999,5797963,391,0,0.0,99999,0,0.0,4.053574921034241,,0,0,0,0,0.0,0,0,0.0,0.0002890693058584414,52.89752197265625,gen10e5__20220324_161429.pickle,4.053574921034241,,0.05136165894824368,,0.277723878196791,,0.009616674890300362,,2.465248077247966,,0.8830037009994767,,0.8829459742508443,,0.9146320667295684,,2.4652268484763322,,0.15894040570993467,,57.980265941703365,
2026-08-05 23:27:02,1,29,28,11339,2899974,168132570,100000,5797694,391,0,0.0,100000,0,0.0,4.050586564754439,,0,0,0,0,0.0,0,0,0.0,0.00028820605986590536,52.87615251541138,gen10e5__20220324_154321.pickle,4.050586564754439,,0.05156394904484817,,0.2786008554769864,,0.009206645451618825,,2.479409599922426,,0.8860383248175173,,0.8859807886016726,,0.9129936802871572,,2.4793884425246655,,0.15107806943153737,,57.97701698969668,
2026-08-05 23:28:16,1,30,29,11730,2999974,173929808,100000,5797238,391,0,0.0,100000,0,0.0,4.050915662669153,4.040920919191117,99999,5797935,391,0,0.0,99999,0,0.0,0.0002873115612991927,74.16393089294434,gen10e5__20220324_154104.pickle,4.050915662669153,4.040920919191117,0.05145760765549798,0.05148643416925577,0.2789215752992218,0.28116907760212634,0.009327072492186044,0.009444935896439882,2.4953503822979117,2.5497721137772036,0.8852975653193452,0.8844646135870582,0.8852399949359298,0.8844069930636895,0.9118443634063012,0.9100968149948856,2.4953293524151436,2.5497513890694594,0.15044726305990025,0.15077649666796772,57.97246840731526,57.97999519777839
2026-08-05 23:29:11,1,31,30,12121,3099971,179727220,99997,5797412,391,0,0.0,99997,0,0.0,4.050515283622929,,0,0,0,0,0.0,0,0,0.0,0.0002863860370577177,52.63685941696167,gen10e5__20220324_154720.pickle,4.050515283622929,,0.051342046915537856,,0.27815320535305854,,0.008944098466100517,,2.5104993464027268,,0.8822112018092674,,0.8821534051658951,,0.910665256083377,,2.510478424996108,,0.15396392517477997,,57.975922867878374,
2026-08-05 23:30:04,1,32,31,12512,3199969,185524713,99998,5797493,391,0,0.0,99998,0,0.0,4.048644660742665,,0,0,0,0,0.0,0,0,0.0,0.0002854297219108986,52.92852187156677,gen10e5__20220324_154813.pickle,4.048644660742665,,0.05155435267460736,,0.27817109617433816,,0.009160436487411446,,2.528702689026722,,0.8790651969517219,,0.8790071825127662,,0.9099716213409231,,2.5286819244161447,,0.15834510225715984,,57.976167988824,
2026-08-05 23:30:57,1,33,32,12903,3299969,191322495,100000,5797782,391,0,0.0,100000,0,0.0,4.051641484554268,,0,0,0,0,0.0,0,0,0.0,0.0002844428584386062,52.378965854644775,gen10e5__20220324_161838.pickle,4.051641484554268,,0.051125412670500324,,0.2771074781752633,,0.009149841620782634,,2.5501863874735085,,0.8776405265731503,,0.877582403762612,,0.9079993858027816,,2.5501657811435745,,0.15911838204436163,,57.97788491438407,
2026-08-05 23:31:49,1,34,33,13294,3399969,197120073,100000,5797578,391,0,0.0,100000,0,0.0,4.049596877632214,,0,0,0,0,0.0,0,0,0.0,0.00028342569696963014,52.09574627876282,gen10e5__20220324_154325.pickle,4.049596877632214,,0.05138611309307653,,0.2772447656378678,,0.009175393613685913,,2.5690124541310797,,0.876806019857395,,0.8767478414118397,,0.9069567955634282,,2.5689919861466435,,0.1583112560317275,,57.97584924822271,
2026-08-05 23:33:03,1,35,34,13685,3499968,202917375,99999,5797302,391,0,0.0,99999,0,0.0,4.0580317043076075,4.063430562534964,99999,5797935,391,0,0.0,99999,0,0.0,0.00028237849551818086,73.38037705421448,gen10e5__20220324_154154.pickle,4.0580317043076075,4.063430562534964,0.05116776704767532,0.05142917227051859,0.2763754295647193,0.2757151617805544,0.011090252573460106,0.01347334549542198,2.5815538012675288,2.639655300737666,0.8725984191383305,0.8683052921609086,0.8725398996312356,0.868246419880857,0.9053901863048542,0.9027502275498244,2.581533409361623,2.639635104138382,0.16349683977772791,0.16985798472098915,57.97368733916103,57.97999519777839
2026-08-05 23:33:59,1,36,35,14076,3599968,208715671,100000,5798296,391,0,0.0,100000,0,0.0,4.075443415775358,,0,0,0,0,0.0,0,0,0.0,0.00028130151971844143,52.901495695114136,gen10e5__20220324_162257.pickle,4.075443415775358,,0.0509970512928931,,0.27231963248981206,,0.013348969032394627,,2.604279557973343,,0.8673385217095184,,0.8672795442184984,,0.9044433948356546,,2.604259368686555,,0.17021582084078715,,57.98301314784982,
2026-08-05 23:34:52,1,37,36,14467,3699968,214512815,100000,5797144,391,0,0.0,100000,0,0.0,4.1059350933770355,,0,0,0,0,0.0,0,0,0.0,0.00028019504275718604,52.88823437690735,gen10e5__20220324_162529.pickle,4.1059350933770355,,0.05036135017095715,,0.2665415827520619,,0.015799389568554513,,2.6259154085742717,,0.8615546182346387,,0.8614951144176585,,0.9035851506036291,,2.625895429417524,,0.177113188289743,,57.97151538919423,
2026-08-05 23:35:45,1,38,37,14858,3799968,220310476,100000,5797661,391,0,0.0,100000,0,0.0,4.123225859142905,,0,0,0,0,0.0,0,0,0.0,0.0002790593453044836,52.8718740940094,gen10e5__20220324_160016.pickle,4.123225859142905,,0.05011503759712653,,0.2635700974436461,,0.01742647529254736,,2.6406576193043256,,0.8520247154349055,,0.8519644454741725,,0.9025517863482986,,2.6406377054383183,,0.192117528312178,,57.976677750545655,
2026-08-05 23:36:38,1,39,38,15249,3899967,226108471,99999,5797995,391,0,0.0,99999,0,0.0,4.133070588002928,,0,0,0,0,0.0,0,0,0.0,0.00027789471544250243,52.89129686355591,gen10e5__20220324_154150.pickle,4.133070588002928,,0.05002815615505571,,0.2629613794725049,,0.018883625397341397,,2.6585253258150354,,0.8466632897655182,,0.8466025950312822,,0.9019110211367016,,2.6585055651393596,,0.1998496428169927,,57.980589133749035,
2026-08-05 23:37:53,1,40,39,15640,3999966,231906149,99999,5797678,391,0,0.0,99999,0,0.0,4.133886300370304,4.117355498662914,99999,5797935,391,0,0.0,99999,0,0.0,0.0002767014485924352,74.14067244529724,gen10e5__20220324_155241.pickle,4.133886300370304,4.117355498662914,0.04999587742593319,0.05022098353294005,0.2649658625895718,0.26733657316303394,0.019230481115637247,0.018123773787919354,2.6671101182238326,2.715018936033573,0.8509119550706215,0.8549591754272362,0.8508514895668422,0.8548989809170161,0.9013396999989068,0.898063251753386,2.6670904366653008,2.7149993875466873,0.18899157687138196,0.18085266263159006,57.97742978493455,57.97999519777839
2026-08-05 23:38:47,1,41,40,16031,4099965,237703677,99999,5797528,391,0,0.0,99999,0,0.0,4.135579572427724,,0,0,0,0,0.0,0,0,0.0,0.000275479847439562,52.44194793701172,gen10e5__20220324_155722.pickle,4.135579572427724,,0.04989471344684338,,0.2634770275472252,,0.019398793080481067,,2.675247588374811,,0.8471715540282607,,0.8471107863311382,,0.9004898139150949,,2.6752279434460142,,0.19368567717117113,,57.97593771997522,
2026-08-05 23:39:40,1,42,41,16422,4199965,243501272,100000,5797595,391,0,0.0,100000,0,0.0,4.132464358758535,,0,0,0,0,0.0,0,0,0.0,0.0002742302218564711,52.21413588523865,gen10e5__20220324_155230.pickle,4.132464358758535,,0.050030055327272706,,0.26341229106528735,,0.019143126345267786,,2.68836541855687,,0.8457068216698302,,0.8456460264389215,,0.8988800905409069,,2.6883458850832045,,0.19647190968380826,,57.976016673589434,
2026-08-05 23:40:33,1,43,42,16813,4299964,249298678,99999,5797406,391,0,0.0,99999,0,0.0,4.15200345859483,,0,0,0,0,0.0,0,0,0.0,0.00027295288882445596,52.61075520515442,gen10e5__20220324_154722.pickle,4.15200345859483,,0.04942210332926779,,0.26133638411583193,,0.021087940531251105,,2.69964589602237,,0.8433079094042945,,0.8432467788407071,,0.8973142571822955,,2.699626453504939,,0.19746852017862138,,57.97472309841031,
2026-08-05 23:41:25,1,44,43,17204,4399963,255096530,99999,5797852,391,0,0.0,99999,0,0.0,4.142053354322065,,0,0,0,0,0.0,0,0,0.0,0.0002716481723531097,52.17797565460205,gen10e5__20220324_155846.pickle,4.142053354322065,,0.049730313587038055,,0.26305927678229224,,0.020460826265168725,,2.714042722163729,,0.845450170620142,,0.8453891462627036,,0.8967171350368087,,2.7140233398385054,,0.190485924598006,,57.979173241272015,
2026-08-05 23:42:39,1,45,44,17595,4499962,260894334,99999,5797804,391,0,0.0,99999,0,0.0,4.108458259180787,4.090985883390609,99999,5797935,391,0,0.0,99999,0,0.0,0.0002703164033981365,73.57387590408325,gen10e5__20220324_162706.pickle,4.108458259180787,4.090985883390609,0.050262650933629485,0.05062992222660009,0.2678432290083122,0.27114330993492564,0.017062112948727566,0.01752595652647999,2.732113151494635,2.7929439209594307,0.8543881687267654,0.8545169262373277,0.8543280221670352,0.8544568128807694,0.8972658862989954,0.8948856480113572,2.732093896726998,2.792924845044479,0.1751150873315562,0.17497824757070532,57.97868699915304,57.97999519777839
2026-08-05 23:43:34,1,46,45,17986,4599959,266692115,99997,5797781,391,0,0.0,99997,0,0.0,4.110782326560854,,0,0,0,0,0.0,0,0,0.0,0.00026895791977740095,52.36474585533142,gen10e5__20220324_154128.pickle,4.110782326560854,,0.05020955401703709,,0.2670609371720547,,0.01864581473249157,,2.7524048089688082,,0.8510812483414611,,0.8510208956765138,,0.8972766715467463,,2.7523856655314125,,0.1809367530434728,,57.97962659321191,
2026-08-05 23:44:27,1,47,46,18377,4699958,272488854,99999,5796739,391,0,0.0,99999,0,0.0,4.117390798150339,,0,0,0,0,0.0,0,0,0.0,0.000267573066085237,52.20098519325256,gen10e5__20220324_164257.pickle,4.117390798150339,,0.0501040325163728,,0.2660118400355639,,0.019625992264504146,,2.760723794214583,,0.8459079907332513,,0.8458473335346809,,0.8969417206800031,,2.7607047030368164,,0.1898768074931654,,57.968072254315096,
2026-08-05 23:45:19,1,48,47,18768,4799958,278286875,100000,5798021,391,0,0.0,100000,0,0.0,4.110319605802567,,0,0,0,0,0.0,0,0,0.0,0.0002661621936050375,52.097264766693115,gen10e5__20220324_154425.pickle,4.110319605802567,,0.05029647174350175,,0.2675873440384663,,0.019364930148852974,,2.7701451685739826,,0.8443242887600418,,0.8442634899108034,,0.896087593457117,,2.770126180332186,,0.19206642406482868,,57.980272301117246,
2026-08-05 23:46:12,1,49,48,19159,4899958,284084079,100000,5797204,391,0,0.0,100000,0,0.0,4.094948733730024,,0,0,0,0,0.0,0,0,0.0,0.00026472566022014754,52.29946184158325,gen10e5__20220324_155817.pickle,4.094948733730024,,0.05057472499282967,,0.26983995784053727,,0.017332982571583253,,2.774108671812836,,0.8490821177944866,,0.8490217147819591,,0.8952204548412666,,2.774089733434718,,0.1816443897474881,,57.9721312285845,
2026-08-05 23:47:26,1,50,49,19550,4999955,289881516,99997,5797437,391,0,0.0,99997,0,0.0,4.108206278811154,4.121596462379219,99999,5797935,391,0,0.0,99999,0,0.0,0.0002632638303230833,74.33752775192261,gen10e5__20220324_153929.pickle,4.108206278811154,4.121596462379219,0.05042469593548783,0.050238403623339006,0.2666849563347243,0.2669405881592669,0.017173502935903064,0.021764341176571122,2.786087279188668,2.8396944129564994,0.8468470584842572,0.8395546499871304,0.8467863998400458,0.8394933409918595,0.8941019516871157,0.8896417506171226,2.786068369278262,2.8396755504253197,0.18263451970614691,0.19350571350485432,57.976179207644904,57.97999519777839
2026-08-05 23:48:22,1,51,50,19941,5099955,295679205,100000,5797689,391,0,0.0,100000,0,0.0,4.131671431723196,,0,0,0,0,0.0,0,0,0.0,0.00026177707472310003,52.21793293952942,gen10e5__20220324_162212.pickle,4.131671431723196,,0.050047872335685965,,0.2641569326486881,,0.020914688732769766,,2.801193196389404,,0.839604065436259,,0.8395427760031018,,0.8926921474953443,,2.801174439458921,,0.19317936157507037,,57.976964246547304,
2026-08-05 23:49:14,1,52,51,20332,5199953,301476284,99998,5797079,391,0,0.0,99998,0,0.0,4.125002247618841,,0,0,0,0,0.0,0,0,0.0,0.000260265770552132,52.16211557388306,gen10e5__20220324_154403.pickle,4.125002247618841,,0.050107476325903726,,0.2647650103053379,,0.019775139948646814,,2.81143913083663,,0.844749398400977,,0.8446885007514061,,0.892760156279926,,2.811420465445415,,0.18257287983785644,,57.97202942425981,
2026-08-05 23:50:07,1,53,52,20723,5299952,307273252,99999,5796968,391,0,0.0,99999,0,0.0,4.117872447017887,,0,0,0,0,0.0,0,0,0.0,0.00025873030116912885,52.25242471694946,gen10e5__20220324_154100.pickle,4.117872447017887,,0.05030164009608811,,0.26500502095776246,,0.018962814336300315,,2.8385632584761002,,0.8442389678558052,,0.844178060256821,,0.893012346432303,,2.838544750101475,,0.18155371589973868,,57.97036061701781,
2026-08-05 23:50:59,1,54,53,21114,5399952,313071241,100000,5797989,391,0,0.0,100000,0,0.0,4.135429319527245,,0,0,0,0,0.0,0,0,0.0,0.00025717105606281254,52.232147216796875,gen10e5__20220324_154650.pickle,4.135429319527245,,0.04988781428033891,,0.2637345431465263,,0.021800532596164917,,2.848748126784465,,0.832538564214602,,0.8324767448845157,,0.892741026022111,,2.8487296521982324,,0.20026516075786405,,57.97995512498493,
2026-08-05 23:52:13,1,55,54,21505,5499950,318867565,99998,5796324,391,0,0.0,99998,0,0.0,4.137171151778983,4.130345294033269,99999,5797935,391,0,0.0,99999,0,0.0,0.00025558843075287906,73.45622205734253,gen10e5__20220324_155353.pickle,4.137171151778983,4.130345294033269,0.0497705095474608,0.05001987748476631,0.26291078742618745,0.2644122122338591,0.0216048655801578,0.0211732306543616,2.8605703194946073,2.9172722389124948,0.8265006764089694,0.8273210822329574,0.8264382447500255,0.8272586800579986,0.8916163221761295,0.8886443751184072,2.860551895344347,2.917253954528014,0.20789570850345918,0.2053415885441528,57.96451844684234,57.97999519777839
2026-08-05 23:53:13,1,56,55,21896,5599950,324665333,100000,5797768,391,0,0.0,100000,0,0.0,4.137916199911821,,0,0,0,0,0.0,0,0,0.0,0.00025398282668967053,52.59901428222656,gen10e5__20220324_160048.pickle,4.137916199911821,,0.0497946794878956,,0.2627967064348473,,0.020442465797326722,,2.8593134697473896,,0.8265248513457858,,0.8264624383622249,,0.8905845169372911,,2.859295098466951,,0.20652802660040936,,57.977750866799084,
2026-08-05 23:54:06,1,57,56,22287,5699950,330463009,100000,5797676,391,0,0.0,100000,0,0.0,4.120664162898264,,0,0,0,0,0.0,0,0,0.0,0.0002523546511523431,52.254337787628174,gen10e5__20220324_162745.pickle,4.120664162898264,,0.05007644425778857,,0.26654412890879675,,0.020584526268980483,,2.855506661977043,,0.8266313973230252,,0.8265691905814598,,0.8899428514673812,,2.855488174965302,,0.20721944401695572,,57.97682444763212,
2026-08-05 23:54:58,1,58,57,22678,5799950,336260755,100000,5797746,391,0,0.0,100000,0,0.0,4.10432797104811,,0,0,0,0,0.0,0,0,0.0,0.00025070431714555583,52.023924589157104,gen10e5__20220324_154144.pickle,4.10432797104811,,0.05049652012633501,,0.26716551198017036,,0.01805328576871187,,2.86175412420252,,0.8300929736456283,,0.830031151609447,,0.8908688681457368,,2.861735752310456,,0.20048273594087054,,57.97752353484656,
2026-08-05 23:55:50,1,59,58,23069,5899948,342058219,99998,5797464,391,0,0.0,99998,0,0.0,4.107042443597858,,0,0,0,0,0.0,0,0,0.0,0.0002490322432947076,52.10468935966492,gen10e5__20220324_164351.pickle,4.107042443597858,,0.050638520411614,,0.266114161162198,,0.01757245217180494,,2.867386800554463,,0.8313554338740987,,0.8312935762964893,,0.8904509189083591,,2.8673684972629685,,0.19508443786455704,,57.975873786958836,
2026-08-05 23:57:04,1,60,59,23460,5999946,347855722,99998,5797503,391,0,0.0,99998,0,0.0,4.115850374799226,4.113155273495113,99999,5797935,391,0,0.0,99999,0,0.0,0.0002473388537397484,73.47825384140015,gen10e5__20220324_155619.pickle,4.115850374799226,4.113155273495113,0.05044620054740779,0.05051953809446015,0.26486040228374425,0.2652313550819671,0.0186763400203281,0.018469810655184715,2.872205031438914,2.934901528483439,0.8276602989221367,0.8224167849252472,0.8275979673150844,0.8223540945908802,0.889229915299318,0.8869008087822856,2.872186720809149,2.9348833545909248,0.1990103161435445,0.20859028061798862,57.9762600711731,57.97999519777839
2026-08-05 23:58:03,1,61,60,23851,6099946,353653720,100000,5797998,391,0,0.0,100000,0,0.0,4.121785332858518,,0,0,0,0,0.0,0,0,0.0,0.000245624578027591,52.88731360435486,gen10e5__20220324_154814.pickle,4.121785332858518,,0.050331165862382406,,0.2630275362588784,,0.018934493061983318,,2.885590352261519,,0.8179509792926961,,0.8178880342219446,,0.8884921127450345,,2.8855720859611838,,0.21811830919319958,,57.98003536091251,
2026-08-05 23:58:57,1,62,61,24242,6199946,359451216,100000,5797496,391,0,0.0,100000,0,0.0,4.109652467794576,,0,0,0,0,0.0,0,0,0.0,0.00024388985100315248,54.046791076660156,gen10e5__20220324_155234.pickle,4.109652467794576,,0.05073673156547586,,0.2648185975583656,,0.018065951999098724,,2.883613908906676,,0.821917296291889,,0.8218548094818502,,0.8873931358884385,,2.883595632459328,,0.21202012107908413,,57.975042245070114,
2026-08-05 23:59:51,1,63,62,24633,6299945,365248555,99999,5797339,391,0,0.0,99999,0,0.0,4.106597121507088,,0,0,0,0,0.0,0,0,0.0,0.00024213511269905008,52.95610785484314,gen10e5__20220324_154002.pickle,4.106597121507088,,0.0508181424707565,,0.26632722524794106,,0.01884845855684077,,2.89057240078272,,0.8247463495289354,,0.8246841574889924,,0.88718180585514,,2.890554156689223,,0.20613289859394845,,57.974055580041764,
2026-08-06 00:00:44,1,64,63,25024,6399945,371046871,100000,5798316,391,0,0.0,100000,0,0.0,4.105043906343596,,0,0,0,0,0.0,0,0,0.0,0.00024036080822398284,52.91478896141052,gen10e5__20220324_155158.pickle,4.105043906343596,,0.05092719997201053,,0.2669967854088529,,0.01861347484695716,,2.906991500020719,,0.825907853302631,,0.8258457497670698,,0.8872462086589556,,2.906973405243679,,0.20148677432832007,,57.983205968498005,
2026-08-06 00:01:58,1,65,64,25415,6499944,376844041,99999,5797170,391,0,0.0,99999,0,0.0,4.0964286774514775,4.0815833895662035,99999,5797935,391,0,0.0,99999,0,0.0,0.00023856738764982443,74.25940895080566,gen10e5__20220324_154043.pickle,4.0964286774514775,4.0815833895662035,0.05101420157676983,0.05156197820363775,0.2688520581764945,0.27175792123236353,0.01847475385756458,0.018718712806263152,2.9211721718447747,2.9782099422750488,0.8265216087766484,0.8275249999826507,0.8264595514478049,0.8274630494678146,0.8868131036723913,0.8839985749493853,2.9211542068356646,2.978192167475572,0.19858456521138892,0.19604405605394698,57.972361122161765,57.97999519777839
2026-08-06 00:02:59,1,66,65,25806,6599941,382641332,99997,5797291,391,0,0.0,99997,0,0.0,4.089018662502969,,0,0,0,0,0.0,0,0,0.0,0.00023675530589745768,52.545406103134155,gen10e5__20220324_164426.pickle,4.089018662502969,,0.05115578962113593,,0.2690470025518762,,0.01755230055271957,,2.9220172539236073,,0.827744268986728,,0.827682295680413,,0.8866067131698495,,2.9219993200373735,,0.19504631664566136,,57.97473853318408,
2026-08-06 00:03:52,1,67,66,26197,6699941,388438688,100000,5797356,391,0,0.0,100000,0,0.0,4.099172035114538,,0,0,0,0,0.0,0,0,0.0,0.00023492502262137887,52.891215085983276,gen10e5__20220324_154058.pickle,4.099172035114538,,0.051007907512116646,,0.2667144690595717,,0.018068463880381174,,2.9177138357076084,,0.8197073446511876,,0.8196446936715099,,0.8853991100297974,,2.917695807447726,,0.20881678008677218,,57.97363939618552,
2026-08-06 00:04:45,1,68,67,26588,6799941,394236587,100000,5797899,391,0,0.0,100000,0,0.0,4.114556282621588,,0,0,0,0,0.0,0,0,0.0,0.00023307700209310118,52.83919858932495,gen10e5__20220324_154021.pickle,4.114556282621588,,0.050772529619358284,,0.2642239697980042,,0.019922678011901854,,2.9172573197822476,,0.8066022688020615,,0.8065385259846147,,0.8842782896186654,,2.917239277488054,,0.23094908476177256,,57.9790539082832,
2026-08-06 00:05:38,1,69,68,26979,6899940,400033871,99999,5797284,391,0,0.0,99999,0,0.0,4.1066617723990575,,0,0,0,0,0.0,0,0,0.0,0.0002312117130833872,52.946887731552124,gen10e5__20220324_155338.pickle,4.1066617723990575,,0.05099715634962874,,0.2653419765415746,,0.019036892654538243,,2.9316020786498087,,0.8059762714964146,,0.8059124666452868,,0.8845808136288491,,2.9315841661283395,,0.23086823527897188,,57.97350342472872,
2026-08-06 00:06:53,1,70,69,27370,6999939,405831420,99999,5797549,391,0,0.0,99999,0,0.0,4.102367203384893,4.097413299050416,99999,5797935,391,0,0.0,99999,0,0.0,0.00022932962874334004,74.18043327331543,gen10e5__20220324_154223.pickle,4.102367203384893,4.097413299050416,0.05099741269263381,0.05129567646810388,0.2653264234610175,0.26665770980959097,0.01797366994769481,0.0189212128956508,2.9372135579175334,2.9951265673487804,0.8055332405359552,0.8012113738901565,0.8054694803309863,0.8011472861916334,0.88363200125338,0.8800956666976445,2.93719568691676,2.9951087716529017,0.23217640666721592,0.23983002699484504,57.97613860117332,57.97999519777839
2026-08-06 00:07:53,1,71,70,27761,7099938,411628618,99999,5797198,391,0,0.0,99999,0,0.0,4.111044233332184,,0,0,0,0,0.0,0,0,0.0,0.00022743122648438338,52.90239667892456,gen10e5__20220324_162422.pickle,4.111044233332184,,0.05079057133824845,,0.26324274473525916,,0.018479840024109878,,2.9463205427860872,,0.8013927963354155,,0.8013286436061781,,0.8833940134502206,,2.946302732807129,,0.2379122909625875,,57.97264123801744,
2026-08-06 00:08:46,1,72,71,28152,7199938,417425773,100000,5797155,391,0,0.0,100000,0,0.0,4.122176400352288,,0,0,0,0,0.0,0,0,0.0,0.00022551698785716072,52.903963804244995,gen10e5__20220324_155706.pickle,4.122176400352288,,0.05052426551303929,,0.2637307832008334,,0.02146077085159718,,2.956343354643082,,0.7990499154855926,,0.7989855010175905,,0.8821623098492025,,2.9563255672334514,,0.24031075490664341,,57.97163151647769,
2026-08-06 00:09:39,1,73,72,28543,7299938,423223208,100000,5797435,391,0,0.0,100000,0,0.0,4.126164440308057,,0,0,0,0,0.0,0,0,0.0,0.00022358739842938492,52.878005266189575,gen10e5__20220324_155508.pickle,4.126164440308057,,0.05052803494590194,,0.2640538827850754,,0.02251956360407564,,2.966625383879632,,0.7959742163434248,,0.7959096113984196,,0.8814208391823238,,2.9666076664237067,,0.2461059644230285,,57.97442321138033,
2026-08-06 00:10:33,1,74,73,28934,7399937,429021356,99999,5798148,391,0,0.0,99999,0,0.0,4.127963542904185,,0,0,0,0,0.0,0,0,0.0,0.00022164294766266826,52.84195613861084,gen10e5__20220324_154028.pickle,4.127963542904185,,0.05032451723577067,,0.2625544576365642,,0.02179507287864484,,2.9715404834356622,,0.790935854511733,,0.790870795362117,,0.879852819570206,,2.9715227454806104,,0.25415072355908286,,57.982111630461574,
2026-08-06 00:11:47,1,75,74,29325,7499936,434819000,99999,5797644,391,0,0.0,99999,0,0.0,4.118024629109065,4.108335215275504,99999,5797935,391,0,0.0,99999,0,0.0,0.00021968412878836557,74.11581754684448,gen10e5__20220324_163810.pickle,4.118024629109065,4.108335215275504,0.05068800347428761,0.050947621505138686,0.26326590889894597,0.264967898535733,0.019636510743655033,0.019779942760951453,2.9806765831659034,3.045954826372222,0.7997845294989107,0.8011996721929043,0.7997202054167563,0.801135478009726,0.8795145145226277,0.876111981508032,2.9806589411840556,3.0459373062261332,0.2365763150953877,0.2330448618793121,57.97708626340286,57.97999519777839
2026-08-06 00:12:47,1,76,75,29716,7599935,440616367,99999,5797367,391,0,0.0,99999,0,0.0,4.117481214666038,,0,0,0,0,0.0,0,0,0.0,0.0002177114386824603,52.892996072769165,gen10e5__20220324_155525.pickle,4.117481214666038,,0.05080426995303636,,0.26223090637959545,,0.01920030451970952,,2.9862404622738405,,0.8021762983024974,,0.8021121757928389,,0.87879297515983,,2.986222873851643,,0.23047407155190217,,57.97433781482719,
2026-08-06 00:13:40,1,77,76,30107,7699934,446414390,99999,5798023,391,0,0.0,99999,0,0.0,4.113425199005817,,0,0,0,0,0.0,0,0,0.0,0.0002157253777395267,52.98665642738342,gen10e5__20220324_155719.pickle,4.113425199005817,,0.05060069594399993,,0.26151472330177683,,0.0173260991247873,,2.9754732364215517,,0.8005571941948191,,0.8004929809376335,,0.879018022109203,,2.9754556035848756,,0.2326155494018747,,57.98086619285466,
2026-08-06 00:14:34,1,78,77,30498,7799934,452212010,100000,5797620,391,0,0.0,100000,0,0.0,4.107296347072394,,0,0,0,0,0.0,0,0,0.0,0.0002137264497457989,52.91562080383301,gen10e5__20220324_154351.pickle,4.107296347072394,,0.05057161367945457,,0.2620857996411236,,0.016759913456706892,,2.9655665358869903,,0.8045966559042271,,0.8045327249751648,,0.8793011229616008,,2.9655488563038093,,0.22329379022889412,,57.976261519813306,
2026-08-06 00:15:28,1,79,78,30889,7899931,458009495,99997,5797485,391,0,0.0,99997,0,0.0,4.106856836259209,,0,0,0,0,0.0,0,0,0.0,0.00021171516175138045,53.973949909210205,gen10e5__20220324_155446.pickle,4.106856836259209,,0.050547262907003475,,0.2615673725432866,,0.016557671847834843,,2.9610196366660744,,0.806335969695432,,0.8062721923123549,,0.8785968428657727,,2.9610018974802848,,0.21935591762345957,,57.97666609489395,
2026-08-06 00:16:42,1,80,79,31280,7999931,463807513,100000,5798018,391,0,0.0,100000,0,0.0,4.110722177643145,4.097970373415025,99999,5797935,391,0,0.0,99999,0,0.0,0.000209692023941625,74.23225474357605,gen10e5__20220324_154148.pickle,4.110722177643145,4.097970373415025,0.05041671116263998,0.05092175024170359,0.26183692118651436,0.26525349410689103,0.0178174498596832,0.01872727695170801,2.9634300973086902,3.020561903257161,0.8023447737264757,0.8010712413396379,0.8022806199244036,0.801007016397291,0.8772680908180787,0.8739703753052894,2.9634123688633442,3.0205442544169308,0.22520072562287444,0.22723684951237913,57.980241856732334,57.97999519777839
2026-08-06 00:17:42,1,81,80,31671,8099931,469604989,100000,5797476,391,0,0.0,100000,0,0.0,4.1040960201456915,,0,0,0,0,0.0,0,0,0.0,0.0002076575495077226,52.1705048084259,gen10e5__20220324_155756.pickle,4.1040960201456915,,0.05086127112756892,,0.26281865985963826,,0.01751168831556134,,2.9635324331760007,,0.8002095512650114,,0.8001452922801059,,0.8773423811469137,,2.96351467668222,,0.22834540129555186,,57.97483325071117,
2026-08-06 00:18:35,1,82,81,32062,8199931,475402496,100000,5797507,391,0,0.0,100000,0,0.0,4.099768741274763,,0,0,0,0,0.0,0,0,0.0,0.0002056122545165226,52.15252733230591,gen10e5__20220324_160029.pickle,4.099768741274763,,0.05091602296891944,,0.2649787688824236,,0.018365629048629557,,2.9656543694832185,,0.7985662465891805,,0.798501958870344,,0.8775597989831098,,2.96563659246004,,0.23152996471895027,,57.975146167217865,
2026-08-06 00:19:27,1,83,82,32453,8299931,481200062,100000,5797566,391,0,0.0,100000,0,0.0,4.0935095834115645,,0,0,0,0,0.0,0,0,0.0,0.00020355665777962818,52.10386657714844,gen10e5__20220324_154331.pickle,4.0935095834115645,,0.05086531111638307,,0.26492252272312944,,0.016695124705531948,,2.9634243844076518,,0.8032895665565146,,0.803225663582124,,0.8779222807415755,,2.9634066342486745,,0.22272453169327078,,57.975731033074915,
2026-08-06 00:20:20,1,84,83,32844,8399929,486997507,99998,5797445,391,0,0.0,99998,0,0.0,4.092921796395787,,0,0,0,0,0.0,0,0,0.0,0.00020149128072179362,52.13587164878845,gen10e5__20220324_155730.pickle,4.092921796395787,,0.05094623557331669,,0.2652860598801956,,0.01681111537542523,,2.9558212553825522,,0.8007167493480731,,0.8006526772406235,,0.8772952127742317,,2.9558034494425405,,0.22804002397281065,,57.9756915512728,
2026-08-06 00:21:33,1,85,84,33235,8499928,492794952,99999,5797445,391,0,0.0,99999,0,0.0,4.087696114377288,4.0771702905104945,99999,5797935,391,0,0.0,99999,0,0.0,0.00019941664724865935,73.39762806892395,gen10e5__20220324_155938.pickle,4.087696114377288,4.0771702905104945,0.05113752666380041,0.051494885301441765,0.26611404319046567,0.26738404630925905,0.016058083672174754,0.015229738387997047,2.9558897454022044,3.008290422142469,0.7991553871832223,0.7979818304475286,0.7990911788950522,0.7979174572963343,0.8766338429322627,0.8721523662752738,2.9558719148995203,3.008272601789976,0.2303561980922845,0.23163844334827963,57.97510105812237,57.97999519777839
2026-08-06 00:22:33,1,86,85,33626,8599928,498592005,100000,5797053,391,0,0.0,100000,0,0.0,4.089284298101256,,0,0,0,0,0.0,0,0,0.0,0.00019733328361385758,52.877577781677246,gen10e5__20220324_162251.pickle,4.089284298101256,,0.051038691388064925,,0.26428019449712076,,0.015062759687708724,,2.95236311637976,,0.7963207660699358,,0.7962561310844498,,0.8752693106111259,,2.952345270398545,,0.232735278442492,,57.9706202816709,
2026-08-06 00:23:26,1,87,86,34017,8699928,504389547,100000,5797542,391,0,0.0,100000,0,0.0,4.092694875012276,,0,0,0,0,0.0,0,0,0.0,0.00019524171828552215,52.20824098587036,gen10e5__20220324_155735.pickle,4.092694875012276,,0.05107871546351043,,0.26446000253760843,,0.016153085091559716,,2.961838086165002,,0.792061607464645,,0.7919965624830259,,0.8748312404854869,,2.961820322951441,,0.2386053971118327,,57.97549582219499,
2026-08-06 00:24:18,1,88,87,34408,8799928,510186813,100000,5797266,391,0,0.0,100000,0,0.0,4.09632301220727,,0,0,0,0,0.0,0,0,0.0,0.00019314248181223672,52.17728924751282,gen10e5__20220324_155245.pickle,4.09632301220727,,0.05118447185938758,,0.26429907791815743,,0.01690667704957002,,2.9736152412564407,,0.7901181119426022,,0.790053046130989,,0.8744056441521436,,2.9735976086615525,,0.24187745451502507,,57.972740597410485,
2026-08-06 00:25:11,1,89,88,34799,8899928,515984531,100000,5797718,391,0,0.0,100000,0,0.0,4.1177580795575075,,0,0,0,0,0.0,0,0,0.0,0.00019103610668845547,52.1838538646698,gen10e5__20220324_162524.pickle,4.1177580795575075,,0.050995063567631234,,0.26106216199861393,,0.019768595263536245,,2.9796771693891895,,0.7751646990285461,,0.7750983837281789,,0.8736042321305029,,2.9796595435039976,,0.26856877550103714,,57.97724664444485,
2026-08-06 00:26:25,1,90,89,35190,8999925,521781396,99997,5796865,391,0,0.0,99997,0,0.0,4.1194576154955245,4.107165705138319,99999,5797935,391,0,0.0,99999,0,0.0,0.0001889231272194299,73.56077098846436,gen10e5__20220324_154120.pickle,4.1194576154955245,4.107165705138319,0.050873704782914225,0.05103558384840898,0.26310900733104586,0.26451771957865067,0.02223065767944554,0.021550865709192558,2.9820117975882603,3.04263498970931,0.7693510312479261,0.7687618541741812,0.7692842140683819,0.7686950317068262,0.8735450536704823,0.8700817812959161,2.981994160716933,3.042617356877599,0.2782474352243554,0.2800835549869376,57.970474013081855,57.97999519777839
2026-08-06 00:27:24,1,91,90,35581,9099922,527578855,99997,5797459,391,0,0.0,99997,0,0.0,4.1220630208255225,,0,0,0,0,0.0,0,0,0.0,0.0001868040793856764,52.17229676246643,gen10e5__20220324_154239.pickle,4.1220630208255225,,0.050877634190870685,,0.26100187519422013,,0.021514897133543077,,2.9886241799953925,,0.7688363616205384,,0.7687695390253967,,0.8724082556863197,,2.9886066206320483,,0.28004928737105433,,57.97640660667566,
2026-08-06 00:28:17,1,92,91,35972,9199921,533376417,99999,5797562,391,0,0.0,99999,0,0.0,4.114548435913352,,0,0,0,0,0.0,0,0,0.0,0.00018467950070701885,52.865954637527466,gen10e5__20220324_153933.pickle,4.114548435913352,,0.05093296098852931,,0.2617113467378602,,0.020588530262500803,,2.9885295522667934,,0.7757095033681792,,0.7756433406460884,,0.8720410207251212,,2.9885120469938826,,0.26737505273908113,,57.97627413121024,
2026-08-06 00:29:10,1,93,92,36363,9299921,539173750,100000,5797333,391,0,0.0,100000,0,0.0,4.118681065624372,,0,0,0,0,0.0,0,0,0.0,0.00018254993010624097,52.84495234489441,gen10e5__20220324_164314.pickle,4.118681065624372,,0.05100776474848582,,0.2602849938383494,,0.020341233195017995,,2.9789372811304906,,0.7736917808272168,,0.7736253267015957,,0.8710925996330999,,2.9789196582988966,,0.26840058727813165,,57.973425294360574,
2026-08-06 00:30:03,1,94,93,36754,9399920,544971676,99999,5797926,391,0,0.0,99999,0,0.0,4.116364701439201,,0,0,0,0,0.0,0,0,0.0,0.00018041590777238245,52.24695372581482,gen10e5__20220324_162820.pickle,4.116364701439201,,0.05075728768518992,,0.26031900593542473,,0.01902304899735958,,2.9751893828825597,,0.7812062991239662,,0.781140492610693,,0.8711393834156709,,2.975171727931605,,0.25291523040508357,,57.97989784706819,
2026-08-06 00:31:17,1,95,94,37145,9499919,550769049,99999,5797373,391,0,0.0,99999,0,0.0,4.111944808125904,4.103401209867549,99999,5797935,391,0,0.0,99999,0,0.0,0.00017827797502371418,73.5457558631897,gen10e5__20220324_155351.pickle,4.111944808125904,4.103401209867549,0.05085044522127534,0.05118218778419241,0.2610981315615343,0.26213743146384394,0.018183180847294887,0.017363932705895122,2.9700337730238635,3.032398900419708,0.7840777278562509,0.7830787929832664,0.7840121412758602,0.7830131144781645,0.8712500329084261,0.8682553232276485,2.970016071451945,3.032381161623937,0.24726986455283623,0.2491984820880477,57.97439553723837,57.97999519777839
2026-08-06 00:32:16,1,96,95,37536,9599919,556566649,100000,5797600,391,0,0.0,100000,0,0.0,4.116113950628256,,0,0,0,0,0.0,0,0,0.0,0.0001761366741704267,52.927310943603516,gen10e5__20220324_155521.pickle,4.116113950628256,,0.05095660245049618,,0.26202876682565845,,0.020991027833728693,,2.969001840833583,,0.7769896007308252,,0.776923419225067,,0.8695807440057798,,2.9689840973646984,,0.2599337916831805,,57.97607253836717,
2026-08-06 00:33:09,1,97,96,37927,9699918,562364217,99999,5797568,391,0,0.0,99999,0,0.0,4.103676649157365,,0,0,0,0,0.0,0,0,0.0,0.00017399254837706756,52.86885118484497,gen10e5__20220324_162104.pickle,4.103676649157365,,0.05116196973679228,,0.26428990540698344,,0.02059953177032559,,2.9658070244674763,,0.7764694431988575,,0.7764033607320134,,0.8691627761406532,,2.9657892938354364,,0.2616920463068409,,57.976337579449265,
2026-08-06 00:34:02,1,98,97,38318,9799918,568162364,100000,5798147,391,0,0.0,100000,0,0.0,4.089951077456468,,0,0,0,0,0.0,0,0,0.0,0.00017184614152476133,52.89292526245117,gen10e5__20220324_155047.pickle,4.089951077456468,,0.05119014721217874,,0.2664935779593271,,0.018397623950394217,,2.9576982796186586,,0.7855840444350133,,0.7855187203895035,,0.8683274795858612,,2.9576805190849202,,0.2448949880941325,,57.98152077926254,
2026-08-06 00:34:56,1,99,98,38709,9899918,573960148,100000,5797784,391,0,0.0,100000,0,0.0,4.085945170531616,,0,0,0,0,0.0,0,0,0.0,0.00016969799807324835,52.90559387207031,gen10e5__20220324_154919.pickle,4.085945170531616,,0.051252167744873796,,0.26764659508519234,,0.018352645970372894,,2.9561578077908446,,0.7886576279118218,,0.7885924759452679,,0.8680731034811339,,2.9561400521425667,,0.23830117369417786,,57.977907939966805,
2026-08-06 00:36:10,1,100,99,39100,9999918,579757982,100000,5797834,391,0,0.0,100000,0,0.0,4.1085047539860895,4.10209988039384,99999,5797935,391,0,0.0,99999,0,0.0,0.00016754866292277657,74.40060234069824,gen10e5__20220324_154317.pickle,4.1085047539860895,4.10209988039384,0.05113202596125243,0.051461597599445214,0.2642274094426994,0.2622398528218295,0.021999906926214702,0.01947977220429018,2.9590917884466728,3.021665020048072,0.7770665100472409,0.7734385799565504,0.7770002593832381,0.7733719996554972,0.8670197991337425,0.8642720360637911,2.959074044757523,3.021647314565318,0.25842400497974816,0.26416199712953364,57.97840472084058,57.97999519777839
2026-08-06 00:37:11,1,101,100,39491,10099917,585555715,99999,5797733,391,0,0.0,99999,0,0.0,4.1165698428762845,,0,0,0,0,0.0,0,0,0.0,0.00016539868127588136,52.214163064956665,gen10e5__20220324_161911.pickle,4.1165698428762845,,0.05103236017855223,,0.2632727406188325,,0.02392501769608977,,2.963730770290914,,0.7660661608127551,,0.7659989014075228,,0.8666319982337473,,2.9637130418824893,,0.2769110626342321,,57.97798108989863,
2026-08-06 00:38:04,1,102,101,39882,10199915,591352904,99998,5797189,391,0,0.0,99998,0,0.0,4.117822333538085,,0,0,0,0,0.0,0,0,0.0,0.00016324859849908913,52.198444843292236,gen10e5__20220324_161808.pickle,4.117822333538085,,0.05087638136316432,,0.2619538336081675,,0.022267810070763606,,2.971941767735991,,0.767125439082155,,0.7670583302981159,,0.8671058363700079,,2.9719240533350777,,0.2751627500365198,,57.97313242771087,
2026-08-06 00:38:56,1,103,102,40273,10299915,597150703,100000,5797799,391,0,0.0,100000,0,0.0,4.115260756544801,,0,0,0,0,0.0,0,0,0.0,0.00016109895998457903,52.13145041465759,gen10e5__20220324_154755.pickle,4.115260756544801,,0.05099504111537088,,0.26210868176183966,,0.022001588863844887,,2.969478798716118,,0.7651916826372348,,0.7651244862885326,,0.8666605455926139,,2.9694610571086275,,0.2792832454157192,,57.978059182994826,
2026-08-06 00:39:49,1,104,103,40664,10399914,602948537,99999,5797834,391,0,0.0,99999,0,0.0,4.108427044382901,,0,0,0,0,0.0,0,0,0.0,0.00015895031101183802,52.176183462142944,gen10e5__20220324_155255.pickle,4.108427044382901,,0.050978865287388854,,0.26184528839794485,,0.019811544251317512,,2.9585470161139007,,0.7708094385502536,,0.7707427988801925,,0.8673865676371129,,2.958529211628658,,0.26803674860177246,,57.97898484319748,
2026-08-06 00:41:03,1,105,104,41055,10499914,608745681,100000,5797144,391,0,0.0,100000,0,0.0,4.102406383915204,4.089283044962569,99999,5797935,391,0,0.0,99999,0,0.0,0.00015680319660934503,73.46947956085205,gen10e5__20220324_163039.pickle,4.102406383915204,4.089283044962569,0.05082968417269146,0.05144176299817843,0.26346672382082625,0.26438144475405984,0.018976137320619955,0.016672044212247644,2.9480008580170614,3.008673004949708,0.7744354272913578,0.7783096576151564,0.7743690339921592,0.7782435543091465,0.8670072617709214,0.8634176514098785,2.9479830199554273,3.008655106462195,0.2594599523148762,0.2511717652848561,57.97152501543217,57.97999519777839
2026-08-06 00:42:04,1,106,105,41446,10599914,614543143,100000,5797462,391,0,0.0,100000,0,0.0,4.102815481463035,,0,0,0,0,0.0,0,0,0.0,0.0001546581614163183,52.42519021034241,gen10e5__20220324_162234.pickle,4.102815481463035,,0.051082525187720385,,0.26162467246211724,,0.01679271149433941,,2.948287230338947,,0.7785121035944073,,0.7784459807570078,,0.8658534351268582,,2.9482693497736,,0.2504786306782284,,57.97469436437229,
2026-08-06 00:42:56,1,107,106,41837,10699913,620340244,99999,5797101,391,0,0.0,99999,0,0.0,4.106694657234169,,0,0,0,0,0.0,0,0,0.0,0.00015251574954456177,52.185346603393555,gen10e5__20220324_155812.pickle,4.106694657234169,,0.05094235874101644,,0.2617987214161476,,0.018251082333149104,,2.951685505159093,,0.7774911844661331,,0.7774249597400452,,0.8648444677682766,,2.951667644292826,,0.2519982866432732,,57.97168164513931,
2026-08-06 00:43:49,1,108,107,42228,10799911,626137589,99998,5797345,391,0,0.0,99998,0,0.0,4.10372582504864,,0,0,0,0,0.0,0,0,0.0,0.0001503765044404449,52.186622858047485,gen10e5__20220324_155156.pickle,4.10372582504864,,0.05096263861541236,,0.263799246465404,,0.019794968771755975,,2.9518418977696825,,0.7775966541006334,,0.777530422740299,,0.8645436729684082,,2.95182404506929,,0.25048020368199186,,57.97468475534382,
2026-08-06 00:44:41,1,109,108,42619,10899910,631935005,99999,5797416,391,0,0.0,99999,0,0.0,4.104045574409095,,0,0,0,0,0.0,0,0,0.0,0.0001482409687470518,52.13129377365112,gen10e5__20220324_160512.pickle,4.104045574409095,,0.0510268710428977,,0.2647887559240397,,0.019648402724587517,,2.9564198505206596,,0.7784551393229221,,0.7783890135079571,,0.8636948389700766,,2.9564020002642195,,0.24764698869481916,,57.974826909954366,
2026-08-06 00:45:55,1,110,109,43010,10999910,637732896,100000,5797891,391,0,0.0,100000,0,0.0,4.098424867338779,4.090227423362001,99999,5797935,391,0,0.0,99999,0,0.0,0.00014610968416653355,73.48939490318298,gen10e5__20220324_164123.pickle,4.098424867338779,4.090227423362001,0.050925586340902725,0.05134465941516661,0.26582761839510316,0.266686345202199,0.018861265480940706,0.017762589797912794,2.954021618944913,3.011960972548192,0.7809343615184335,0.7796376212900726,0.7808684258423375,0.7795715572370605,0.8638705984002145,0.8614703888420899,2.954003775379779,3.011943023637093,0.24236778848064194,0.24483250040691576,57.978981847531934,57.97999519777839
2026-08-06 00:46:57,1,111,110,43401,11099910,643530677,100000,5797781,391,0,0.0,100000,0,0.0,4.100435241423163,,0,0,0,0,0.0,0,0,0.0,0.00014398319132269974,52.793824672698975,gen10e5__20220324_160017.pickle,4.100435241423163,,0.05113801275896439,,0.2645698792698645,,0.017831671007946262,,2.945579736585774,,0.777461053308669,,0.7773948509328155,,0.8631693066337649,,2.9455618304026987,,0.24880427434084376,,57.9778801458157,
2026-08-06 00:47:50,1,112,111,43792,11199910,649328378,100000,5797701,391,0,0.0,100000,0,0.0,4.099344606036689,,0,0,0,0,0.0,0,0,0.0,0.00014186202962388313,52.16897678375244,gen10e5__20220324_160129.pickle,4.099344606036689,,0.05132361915534261,,0.26568899916721656,,0.01912668106463809,,2.9437318337689593,,0.7737660826951661,,0.7736995650659181,,0.8625085409565311,,2.943713893787863,,0.2543328295361824,,57.977072725815155,
2026-08-06 00:48:43,1,113,112,44183,11299909,655125870,99999,5797492,391,0,0.0,99999,0,0.0,4.095109787714421,,0,0,0,0,0.0,0,0,0.0,0.00013974673712611283,53.2750780582428,gen10e5__20220324_161539.pickle,4.095109787714421,,0.051211109601126,,0.2663758211213641,,0.019165176208361147,,2.9421309696269295,,0.776110864670752,,0.7760445704230265,,0.862220995183246,,2.9421130259592183,,0.24846215803000005,,57.97556964475975,
2026-08-06 00:49:37,1,114,113,44574,11399908,660923779,99999,5797909,391,0,0.0,99999,0,0.0,4.090776678594886,,0,0,0,0,0.0,0,0,0.0,0.00013763785039663042,53.34341311454773,gen10e5__20220324_154428.pickle,4.090776678594886,,0.0511261903239425,,0.26675347593272797,,0.0184736726779197,,2.939180608451446,,0.7804030746869971,,0.7803371441469829,,0.8620538628083694,,2.939162652234978,,0.239656115065772,,57.97974204269699,
2026-08-06 00:50:51,1,115,114,44965,11499907,666721268,99999,5797489,391,0,0.0,99999,0,0.0,4.091257690215037,4.08412950256423,99999,5797935,391,0,0.0,99999,0,0.0,0.00013553590437778384,73.59982681274414,gen10e5__20220324_154434.pickle,4.091257690215037,4.08412950256423,0.05130738465851212,0.05173445340311843,0.26504622263830246,0.2653476660880261,0.017617673829888093,0.01624440054744546,2.9406031415308362,2.9982139608527585,0.7772599165178732,0.7750648968078631,0.777193699364708,0.7749984543996613,0.8613430797612055,0.8581489160749979,2.9405852116896285,2.9981959594590477,0.24580815552719526,0.2494700944038076,57.975538361136444,57.97999519777839
2026-08-06 00:51:51,1,116,115,45356,11599906,672518616,99999,5797348,391,0,0.0,99999,0,0.0,4.0835263842054745,,0,0,0,0,0.0,0,0,0.0,0.0001334414322513333,52.55450224876404,gen10e5__20220324_154838.pickle,4.0835263842054745,,0.05153649531742067,,0.26667626110092896,,0.016513150207199803,,2.9408583619892377,,0.7796352631941516,,0.7795692949832975,,0.8608314697281468,,2.9408404216217368,,0.24085470234155246,,57.97413835009128,
2026-08-06 00:52:43,1,117,116,45747,11699904,678316079,99998,5797463,391,0,0.0,99998,0,0.0,4.074121030920877,,0,0,0,0,0.0,0,0,0.0,0.0001313549653032039,52.083925008773804,gen10e5__20220324_155718.pickle,4.074121030920877,,0.051457507938357676,,0.2688871936589906,,0.017141236051191833,,2.9386547025630545,,0.7787776383497965,,0.7787116902497832,,0.8609636622456159,,2.938636699354942,,0.2424662379535999,,57.97586360660581,
2026-08-06 00:53:36,1,118,117,46138,11799903,684114091,99999,5798012,391,0,0.0,99999,0,0.0,4.075351879635517,,0,0,0,0,0.0,0,0,0.0,0.00012927703278871908,52.081279277801514,gen10e5__20220324_162202.pickle,4.075351879635517,,0.0516076886690952,,0.26864785216434117,,0.01772902468549978,,2.93458598647257,,0.7745574296726689,,0.7744911094122486,,0.8604127523043031,,2.9345679539428784,,0.2503179530122268,,57.98075540671311,
2026-08-06 00:54:28,1,119,118,46529,11899903,689911567,100000,5797476,391,0,0.0,100000,0,0.0,4.077394713852805,,0,0,0,0,0.0,0,0,0.0,0.00012720816179834915,52.05066537857056,gen10e5__20220324_164213.pickle,4.077394713852805,,0.051514141328778976,,0.2687909047159013,,0.018586325917899767,,2.9252152215701317,,0.7733801668728322,,0.7733137802637446,,0.8593595257005924,,2.9251971420418768,,0.25263196003067784,,57.974830476066224,
2026-08-06 00:55:42,1,120,119,46920,11999902,695709493,99999,5797926,391,0,0.0,99999,0,0.0,4.077979764805292,4.06960867236859,99999,5797935,391,0,0.0,99999,0,0.0,0.00012514887712400906,73.60063910484314,gen10e5__20220324_160053.pickle,4.077979764805292,4.06960867236859,0.05141424690433968,0.0517360056584609,0.27033439024148276,0.2711609659874963,0.01972589458381198,0.01894350007160028,2.918677769823809,2.9764066312108515,0.7765426837724018,0.7759369644684538,0.7764766258436204,0.7758708083655628,0.8593737132874811,0.8564828337437804,2.9186596762658503,2.9763883700185327,0.2471153358170946,0.24784270619902515,57.979903177338755,57.97999519777839
2026-08-06 00:56:43,1,121,120,47311,12099902,701507347,100000,5797854,391,0,0.0,100000,0,0.0,4.08178223430525,,0,0,0,0,0.0,0,0,0.0,0.0001230997011259391,52.45271849632263,gen10e5__20220324_155823.pickle,4.08178223430525,,0.0514273036616129,,0.2692208894539724,,0.02000710869835689,,2.9130164411949044,,0.7733109374233766,,0.7732445795916159,,0.8582523327536677,,2.91299831429229,,0.2532165404339899,,57.97860352996557,
2026-08-06 00:57:35,1,122,121,47702,12199902,707305169,100000,5797822,391,0,0.0,100000,0,0.0,4.085351602038203,,0,0,0,0,0.0,0,0,0.0,0.00012106115360020245,52.24467396736145,gen10e5__20220324_164334.pickle,4.085351602038203,,0.05137291169283874,,0.26721816927769493,,0.018693856544471397,,2.9184486059291634,,0.7725650808043645,,0.7724986502037837,,0.85807948082393,,2.9184305255616696,,0.2541730140386558,,57.97828551232256,
2026-08-06 00:58:28,1,123,122,48093,12299901,713102783,99999,5797614,391,0,0.0,99999,0,0.0,4.080837611998409,,0,0,0,0,0.0,0,0,0.0,0.00011903375164683323,52.177998304367065,gen10e5__20220324_162040.pickle,4.080837611998409,,0.05129006490124431,,0.26846926279935723,,0.01761538819194768,,2.916394863218313,,0.7803414141210695,,0.7802756778124867,,0.8579417431979995,,2.916376807491256,,0.23861563890629464,,57.97679257309559,
2026-08-06 00:59:20,1,124,123,48484,12399899,718900428,99998,5797645,391,0,0.0,99998,0,0.0,4.080423589170474,,0,0,0,0,0.0,0,0,0.0,0.00011701800953866838,52.15013599395752,gen10e5__20220324_164312.pickle,4.080423589170474,,0.05134705537818319,,0.26828311579330766,,0.018441860582034886,,2.915344723284724,,0.775214507948466,,0.7751483705742234,,0.8575492129044633,,2.9153266510839275,,0.2483796665336358,,57.977674119863536,
2026-08-06 01:00:34,1,125,124,48875,12499897,724697549,99998,5797121,391,0,0.0,99998,0,0.0,4.085470974195322,4.078875939965478,99999,5797935,391,0,0.0,99999,0,0.0,0.00011501443859089663,73.4697413444519,gen10e5__20220324_155732.pickle,4.085470974195322,4.078875939965478,0.05133254908765448,0.0517530805951159,0.2681110534131952,0.27221117766056174,0.020436718368135813,0.02313148600647472,2.911989189912239,2.967349960894726,0.768410286442259,0.767808355780245,0.7683435482971797,0.7677415236400107,0.8567371516816352,0.8538668611213486,2.9119710823106475,2.967331913105506,0.26062628809438393,0.2610261821979994,57.972449890832664,57.97999519777839
2026-08-06 01:01:34,1,126,125,49266,12599897,730495770,100000,5798221,391,0,0.0,100000,0,0.0,4.089805764440932,,0,0,0,0,0.0,0,0,0.0,0.00011302354703135788,52.5492467880249,gen10e5__20220324_162129.pickle,4.089805764440932,,0.051311945170533925,,0.2680597258341965,,0.021522705163583622,,2.904487401317025,,0.7648416146238646,,0.7647744980282685,,0.856215238142622,,2.904469274416422,,0.2660948492421209,,57.98226676916829,
2026-08-06 01:02:28,1,127,126,49657,12699896,736293387,99999,5797617,391,0,0.0,99999,0,0.0,4.08801746524982,,0,0,0,0,0.0,0,0,0.0,0.00011104583987162547,52.85765981674194,gen10e5__20220324_155959.pickle,4.08801746524982,,0.0515416934489252,,0.26855950312665067,,0.021760573897987218,,2.9009362934889453,,0.7615296393396506,,0.7614622244832097,,0.8556828792630863,,2.900918096393738,,0.27186829722969014,,57.976820211622076,
2026-08-06 01:03:20,1,128,127,50048,12799891,742090540,99995,5797153,391,0,0.0,99995,0,0.0,4.083834135395219,,0,0,0,0,0.0,0,0,0.0,0.00010908181877890453,52.50041651725769,gen10e5__20220324_154811.pickle,4.083834135395219,,0.0515063167332651,,0.26942143262396856,,0.021279433068144546,,2.897615623368614,,0.7649355993132818,,0.764868552224135,,0.8555761052356843,,2.897597401027475,,0.2650905516122276,,57.974518439670945,
2026-08-06 01:04:13,1,129,128,50439,12899889,747887734,99998,5797194,391,0,0.0,99998,0,0.0,4.083385215197031,,0,0,0,0,0.0,0,0,0.0,0.00010713198194877857,52.385122776031494,gen10e5__20220324_160040.pickle,4.083385215197031,,0.0514924977579714,,0.26945950526446155,,0.021789849976442024,,2.895695841623321,,0.7613476555704812,,0.7612802568174979,,0.8556197028665316,,2.8956776192571616,,0.2704591633118184,,57.97318403227708,
2026-08-06 01:05:27,1,130,129,50830,12999889,753685224,100000,5797490,391,0,0.0,100000,0,0.0,4.090261757741524,4.084646982767064,99999,5797935,391,0,0.0,99999,0,0.0,0.00010519682397883666,73.37626218795776,gen10e5__20220324_160115.pickle,4.090261757741524,4.084646982767064,0.05140241700642263,0.051687540118745476,0.26911529033506926,0.2708641178015977,0.022451987097822593,0.022625478611628686,2.894809456928102,2.948600294058448,0.7611210819732526,0.761300802074862,0.7610535660143364,0.7612332625191787,0.8552312635115312,0.8520583335475056,2.8947912466303776,2.948582037536439,0.26952908352439725,0.26871084842986354,57.97497639603518,57.97999519777839
2026-08-06 01:06:28,1,131,130,51221,13099889,759482696,100000,5797472,391,0,0.0,100000,0,0.0,4.096444663046993,,0,0,0,0,0.0,0,0,0.0,0.00010327683574321323,52.738468408584595,gen10e5__20220324_155545.pickle,4.096444663046993,,0.051294598562150406,,0.26639728018441683,,0.021118224290573754,,2.8914312428501803,,0.7605104162889771,,0.7604427725663339,,0.8548146748733431,,2.8914130427031597,,0.26991603212566856,,57.974792577156904,
2026-08-06 01:07:21,1,132,131,51612,13199887,765280009,99998,5797313,391,0,0.0,99998,0,0.0,4.087590716257261,,0,0,0,0,0.0,0,0,0.0,0.0001013725042680726,52.87147235870361,gen10e5__20220324_161450.pickle,4.087590716257261,,0.051268751342923406,,0.2665323302990261,,0.018517866303133044,,2.893266319022586,,0.7664703408116668,,0.7664032640691821,,0.8547849436981357,,2.89324814794833,,0.258670465255531,,57.974365027896326,
2026-08-06 01:08:15,1,133,132,52003,13299886,771077497,99999,5797488,391,0,0.0,99999,0,0.0,4.088619020254907,,0,0,0,0,0.0,0,0,0.0,9.948431260806927e-05,52.91484975814819,gen10e5__20220324_155905.pickle,4.088619020254907,,0.05159406936219847,,0.2659684400980575,,0.018531503504785937,,2.8935475609567693,,0.765097814803728,,0.7650305930444944,,0.8550883210099892,,2.8935293410233878,,0.26064656598375546,,57.975555462285996,
2026-08-06 01:09:08,1,134,133,52394,13399883,776874980,99997,5797483,391,0,0.0,99997,0,0.0,4.086645185764466,,0,0,0,0,0.0,0,0,0.0,9.761273972381588e-05,52.85587167739868,gen10e5__20220324_161847.pickle,4.086645185764466,,0.05159514882714401,,0.2663649822337796,,0.01779904020075408,,2.8921269001241585,,0.7696838746792132,,0.769617032950645,,0.8546748925553544,,2.892108683263143,,0.252029820607307,,57.97664095470935,
2026-08-06 01:10:22,1,135,134,52785,13499883,782672762,100000,5797782,391,0,0.0,100000,0,0.0,4.079859734332767,4.072664678016492,99999,5797935,391,0,0.0,99999,0,0.0,9.575826036038953e-05,74.18821954727173,gen10e5__20220324_162148.pickle,4.079859734332767,4.072664678016492,0.051601284533191,0.051826900065814474,0.2686203323633177,0.2705716296093693,0.018166136947959176,0.01871825282672663,2.895358622815214,2.9525133532224372,0.7711008643135436,0.7695556450262407,0.7710342470429806,0.769488915154434,0.8538550025351916,0.8512103044118973,2.8953404673880985,2.9524952547988432,0.2490499199125501,0.25140806408922667,57.977888342419135,57.97999519777839
2026-08-06 01:11:23,1,136,135,53176,13599882,788470538,99999,5797776,391,0,0.0,99999,0,0.0,4.087161498669068,,0,0,0,0,0.0,0,0,0.0,9.392134492690751e-05,52.53601884841919,gen10e5__20220324_162533.pickle,4.087161498669068,,0.05150578397999235,,0.2668310967155051,,0.017919524038396917,,2.8896320213491333,,0.7702365658263275,,0.7701698719340155,,0.8540136600424674,,2.8896138187516454,,0.24889835447610575,,57.97840699902644,
2026-08-06 01:12:16,1,137,136,53567,13699880,794267960,99998,5797422,391,0,0.0,99998,0,0.0,4.102292005447392,,0,0,0,0,0.0,0,0,0.0,9.210245937720277e-05,52.10933065414429,gen10e5__20220324_160049.pickle,4.102292005447392,,0.05154066732350004,,0.26467974929534377,,0.019677714969851188,,2.878573454474212,,0.7663205658710676,,0.7662534461035502,,0.8524638001333588,,2.878555122730174,,0.2542598559394466,,57.9754461659855,
2026-08-06 01:13:08,1,138,137,53958,13799880,800065683,100000,5797723,391,0,0.0,100000,0,0.0,4.102439616848899,,0,0,0,0,0.0,0,0,0.0,9.030206509162974e-05,52.09041166305542,gen10e5__20220324_155240.pickle,4.102439616848899,,0.05136378519772968,,0.26401405401505484,,0.020051319465608057,,2.8772802950788368,,0.7618278242238745,,0.7617603498813926,,0.8525095229829037,,2.8772619612684016,,0.2639294347759532,,57.977299681244475,
2026-08-06 01:14:01,1,139,138,54349,13899879,805863114,99999,5797431,391,0,0.0,99999,0,0.0,4.100714302830609,,0,0,0,0,0.0,0,0,0.0,8.852061876002992e-05,52.12297701835632,gen10e5__20220324_160046.pickle,4.100714302830609,,0.05136844204441216,,0.26409941550780414,,0.02052179819685809,,2.864936430577578,,0.7569033588653277,,0.756835460010406,,0.8512754369612018,,2.8649180808959422,,0.27414736350570484,,57.974964943443055,
2026-08-06 01:15:14,1,140,139,54740,13999879,811660944,100000,5797830,391,0,0.0,100000,0,0.0,4.095918736988949,4.0855308927858385,99999,5797935,391,0,0.0,99999,0,0.0,8.67585722658876e-05,73.34302830696106,gen10e5__20220324_155038.pickle,4.095918736988949,4.0855308927858385,0.05152255200334062,0.05192676328046779,0.26576545348398145,0.26540365057118365,0.020807200160571287,0.018236780185858534,2.862642580760294,2.9220855860703576,0.754789903638374,0.7540483713686863,0.754721818430084,0.7539802351514219,0.850512436735775,0.8483000146190124,2.8626241651457516,2.922066963186297,0.27732882335740233,0.2780807119171891,57.978367291620316,57.97999519777839
2026-08-06 01:16:15,1,141,140,55131,14099878,817458590,99999,5797646,391,0,0.0,99999,0,0.0,4.094735764201674,,0,0,0,0,0.0,0,0,0.0,8.501637257170465e-05,52.4034903049469,gen10e5__20220324_160218.pickle,4.094735764201674,,0.05153212159948213,,0.26628418749276994,,0.021141999505542453,,2.865762292655861,,0.7544432511313298,,0.7543751538357119,,0.8510241741032171,,2.8657438672697833,,0.2765393948740011,,57.97711473382904,
2026-08-06 01:17:07,1,142,141,55522,14199878,823256350,100000,5797760,391,0,0.0,100000,0,0.0,4.095092786849614,,0,0,0,0,0.0,0,0,0.0,8.32944616056235e-05,52.14682197570801,gen10e5__20220324_155946.pickle,4.095092786849614,,0.051389846843909306,,0.26570019914635706,,0.020364478604886445,,2.864778527929081,,0.755316971292073,,0.7552489286220869,,0.8510854535387733,,2.8647601333277066,,0.27440017124002414,,57.97766284683654,
2026-08-06 01:18:00,1,143,142,55913,14299877,829053693,99999,5797343,391,0,0.0,99999,0,0.0,4.093486669629869,,0,0,0,0,0.0,0,0,0.0,8.159327614932723e-05,52.18557262420654,gen10e5__20220324_155726.pickle,4.093486669629869,,0.05137232665729061,,0.2653681640299004,,0.01974373581778719,,2.8577930085304146,,0.7584730638260495,,0.7584051812913625,,0.8501381810207229,,2.857774554101213,,0.26804553132042236,,57.97408526131605,
2026-08-06 01:18:52,1,144,143,56304,14399876,834851256,99999,5797563,391,0,0.0,99999,0,0.0,4.097779791572115,,0,0,0,0,0.0,0,0,0.0,7.991324772724505e-05,52.167644023895264,gen10e5__20220324_154505.pickle,4.097779791572115,,0.051545105857874876,,0.26483388960164794,,0.020954432674308465,,2.85159129739544,,0.7551649979474676,,0.7550968027991519,,0.8496886746547002,,2.851572805115187,,0.2744825675949195,,57.976278220397305,
2026-08-06 01:20:06,1,145,144,56695,14499875,840648564,99999,5797308,391,0,0.0,99999,0,0.0,4.0969955778314615,4.085470155139341,99999,5797935,391,0,0.0,99999,0,0.0,7.825480249709143e-05,73.48574137687683,gen10e5__20220324_162048.pickle,4.0969955778314615,4.085470155139341,0.05159498120015625,0.051878470021818335,0.2656564214244388,0.26752816415509245,0.021618187542308154,0.02013148198716948,2.851430076988812,2.908291424978565,0.7549197219663647,0.7570696227863359,0.7548515504203185,0.7570016557177751,0.8494207243123472,0.8470055307831804,2.851411605844953,2.908272997015844,0.2749475562111478,0.270628144574071,57.97374289794289,57.97999519777839
2026-08-06 01:21:06,1,146,145,57086,14599873,846446118,99998,5797554,391,0,0.0,99998,0,0.0,4.092192334722285,,0,0,0,0,0.0,0,0,0.0,7.661836114176645e-05,52.15538740158081,gen10e5__20220324_162151.pickle,4.092192334722285,,0.05164729782101122,,0.2669287520690762,,0.020828631035479935,,2.8458919895773604,,0.7566078087231141,,0.7565398052521011,,0.8495956505794668,,2.8458734832649406,,0.27134063342671916,,57.976764419744946,
2026-08-06 01:21:59,1,147,146,57477,14699871,852243264,99998,5797146,391,0,0.0,99998,0,0.0,4.098056610015467,,0,0,0,0,0.0,0,0,0.0,7.5004338762645e-05,52.1497266292572,gen10e5__20220324_155605.pickle,4.098056610015467,,0.05152863118987299,,0.2662448061301817,,0.022109107596704362,,2.8418927079951373,,0.7513228381692747,,0.751254384687928,,0.8497886629604615,,2.841874175666036,,0.2814521714940487,,57.97270672868208,
2026-08-06 01:22:52,1,148,147,57868,14799871,858041051,100000,5797787,391,0,0.0,100000,0,0.0,4.094843051657173,,0,0,0,0,0.0,0,0,0.0,7.341314477428167e-05,52.156471490859985,gen10e5__20220324_162518.pickle,4.094843051657173,,0.05168299531032443,,0.2658201546021625,,0.02121884813142649,,2.8329504236984846,,0.7504923097048997,,0.7504238291561194,,0.8489553468290053,,2.83293179957811,,0.28303213119030945,,57.97793915740502,
2026-08-06 01:23:45,1,149,148,58259,14899871,863838906,100000,5797855,391,0,0.0,100000,0,0.0,4.088297243662518,,0,0,0,0,0.0,0,0,0.0,7.184518280055834e-05,52.87656831741333,gen10e5__20220324_162412.pickle,4.088297243662518,,0.05174948291444584,,0.2662563423482622,,0.020096658547647854,,2.832931388036455,,0.7515401218580062,,0.7514717917250731,,0.848455404541133,,2.832912783459566,,0.2804626932814778,,57.9786180116666,
2026-08-06 01:24:59,1,150,149,58650,14999869,869636345,99998,5797439,391,0,0.0,99998,0,0.0,4.08584615671486,4.077142095716588,99999,5797935,391,0,0.0,99999,0,0.0,7.030085057230043e-05,74.22348761558533,gen10e5__20220324_155737.pickle,4.08584615671486,4.077142095716588,0.051773377479714826,0.05221979866525879,0.26674975107133764,0.26853067673014214,0.02043410663034978,0.02065810232682158,2.836559026745866,2.88587457917821,0.7498713481915458,0.750047276757544,0.7498029137317752,0.749978842364506,0.8482551751185415,0.8454149478192029,2.836540460222593,2.885855944081948,0.2829446785858841,0.28237763472379074,57.97562390061909,57.97999519777839
2026-08-06 01:26:00,1,151,150,59041,15099868,875434248,99999,5797903,391,0,0.0,99999,0,0.0,4.086090379479452,,0,0,0,0,0.0,0,0,0.0,6.878053982638824e-05,52.87678599357605,gen10e5__20220324_155838.pickle,4.086090379479452,,0.05171524910237317,,0.2667220046792699,,0.020650211979768202,,2.8310793164801638,,0.7506366692834926,,0.7505682555918247,,0.8487786581969913,,2.8310607015371403,,0.28093190471023993,,57.97966980677648,
2026-08-06 01:26:53,1,152,151,59432,15199867,881231179,99999,5796931,391,0,0.0,99999,0,0.0,4.088594042739972,,0,0,0,0,0.0,0,0,0.0,6.728463620638827e-05,52.86885380744934,gen10e5__20220324_154649.pickle,4.088594042739972,,0.05156435350456919,,0.2671138516058913,,0.020718331376181197,,2.8274073342125194,,0.7521691292488716,,0.7521008255886247,,0.8484137404934704,,2.8273886498966543,,0.27804926009258124,,57.969979643746676,
2026-08-06 01:27:46,1,153,152,59823,15299866,887029027,99999,5797848,391,0,0.0,99999,0,0.0,4.08343409198281,,0,0,0,0,0.0,0,0,0.0,6.581351916473091e-05,52.19800043106079,gen10e5__20220324_162331.pickle,4.08343409198281,,0.05179387226668813,,0.26767113418192606,,0.019940962383831827,,2.823536656630296,,0.755602847372711,,0.7555349305278394,,0.8482713454573347,,2.823517892597602,,0.27198871550160086,,57.97911859791555,
2026-08-06 01:28:40,1,154,153,60214,15399866,892826140,100000,5797113,391,0,0.0,100000,0,0.0,4.084018057646245,,0,0,0,0,0.0,0,0,0.0,6.436756186645785e-05,53.31602191925049,gen10e5__20220324_160111.pickle,4.084018057646245,,0.05168641680166443,,0.2677230901643786,,0.020160025594569024,,2.816360898236345,,0.7540826909018716,,0.7540146308554337,,0.8479781427375975,,2.816342116878809,,0.2742703564905681,,57.97121965102816,
2026-08-06 01:29:53,1,155,154,60605,15499865,898623655,99999,5797515,391,0,0.0,99999,0,0.0,4.094897750254644,4.089571558882533,99999,5797935,391,0,0.0,99999,0,0.0,6.294713109456475e-05,73.5226047039032,gen10e5__20220324_164319.pickle,4.094897750254644,4.089571558882533,0.05154535993765968,0.051843457729566306,0.2661604712787888,0.2673966879414329,0.021000054423307157,0.02161960180639475,2.8131997463938085,2.865158522956347,0.7517424017435956,0.7506491021764291,0.7516741306063968,0.7505807056670497,0.8475506375132706,0.8445570814585133,2.8131809880037846,2.865139613667092,0.2785929510135728,0.2804044790693013,57.97582119168191,57.97999519777839
2026-08-06 01:30:56,1,156,155,60996,15599865,904421278,100000,5797623,391,0,0.0,100000,0,0.0,4.100504857396203,,0,0,0,0,0.0,0,0,0.0,6.155258715696267e-05,52.24334144592285,gen10e5__20220324_162153.pickle,4.100504857396203,,0.05147126652194227,,0.26396309280049196,,0.020830205372822243,,2.814185327403475,,0.7485898336565853,,0.7485212325059941,,0.8479362463992658,,2.8141665655865995,,0.28402137054260446,,57.97629669939193,
2026-08-06 01:31:49,1,157,156,61387,15699865,910219186,100000,5797908,391,0,0.0,100000,0,0.0,4.098136801330548,,0,0,0,0,0.0,0,0,0.0,6.0184283795082003e-05,52.11933875083923,gen10e5__20220324_162650.pickle,4.098136801330548,,0.05160740696212998,,0.26286262040669217,,0.019354589354968407,,2.814800969274044,,0.748899317600416,,0.7488307311398873,,0.8479610567918444,,2.814782208674917,,0.2826329262149602,,57.97914920497011,
2026-08-06 01:32:41,1,158,157,61778,15799864,916016680,99999,5797494,391,0,0.0,99999,0,0.0,4.097608932731386,,0,0,0,0,0.0,0,0,0.0,5.8842568094142126e-05,52.12502360343933,gen10e5__20220324_154404.pickle,4.097608932731386,,0.05156314071976863,,0.26249562235291873,,0.019146492567767518,,2.8053117762601567,,0.7505471844233063,,0.750478657226063,,0.8478481211525696,,2.8052929310573766,,0.27838554024046114,,57.97559253349378,
2026-08-06 01:33:34,1,159,158,62169,15899864,921814818,100000,5798138,391,0,0.0,100000,0,0.0,4.098095352780173,,0,0,0,0,0.0,0,0,0.0,5.752778039510931e-05,52.16120004653931,gen10e5__20220324_154545.pickle,4.098095352780173,,0.05157328058250998,,0.2632789823731061,,0.020417992951520424,,2.7905381634067785,,0.7484750111369657,,0.7484063112743158,,0.8466719015243088,,2.7905191818476225,,0.2826105514210263,,57.981436731822356,
2026-08-06 01:34:47,1,160,159,62560,15999864,927612242,100000,5797424,391,0,0.0,100000,0,0.0,4.092049193180538,4.084990660924568,99999,5797935,391,0,0.0,99999,0,0.0,5.6240254208365557e-05,73.46477675437927,gen10e5__20220324_155439.pickle,4.092049193180538,4.084990660924568,0.05147234339773541,0.05191020574376405,0.26391454495411376,0.26575310324377655,0.019728808096844103,0.02016381689072576,2.781924016352602,2.832866126214652,0.7518097296830976,0.7527912626133045,0.7517413511173621,0.7527229311458945,0.846491640023227,0.8431374165432528,2.781904982315474,2.832846755957151,0.2761773868936487,0.27367795916596394,57.97431393532498,57.97999519777839
2026-08-06 01:35:50,1,161,160,62951,16099864,933409998,100000,5797756,391,0,0.0,100000,0,0.0,4.0913185153900615,,0,0,0,0,0.0,0,0,0.0,5.498031612911e-05,52.48462986946106,gen10e5__20220324_162320.pickle,4.0913185153900615,,0.051681891654972056,,0.2629107693472818,,0.01874598959907944,,2.776524224095603,,0.7530305231645747,,0.7529622018538544,,0.846279644540215,,2.776505143061311,,0.27299221260044704,,57.97762963161954,
2026-08-06 01:36:43,1,162,161,63342,16199863,939207560,99999,5797562,391,0,0.0,99999,0,0.0,4.086208459141849,,0,0,0,0,0.0,0,0,0.0,5.3748285754514426e-05,52.183735609054565,gen10e5__20220324_154036.pickle,4.086208459141849,,0.05184161862828506,,0.26337325771954956,,0.018433031394212075,,2.7736522298126167,,0.7512765914072371,,0.7512080985775904,,0.8462314747081157,,2.7736331508176137,,0.27564375507711064,,57.97627868323141,
2026-08-06 01:37:35,1,163,162,63733,16299862,945005182,99999,5797622,391,0,0.0,99999,0,0.0,4.087738347496321,,0,0,0,0,0.0,0,0,0.0,5.2544475602653916e-05,52.17056894302368,gen10e5__20220324_154829.pickle,4.087738347496321,,0.05186333246099773,,0.2624340283684782,,0.017599438345393292,,2.777682811624151,,0.7519251934690568,,0.7518567797011013,,0.8459699968891772,,2.777663817486709,,0.2738633138281006,,57.976875347825796,
2026-08-06 01:38:28,1,164,163,64124,16399862,950803038,100000,5797856,391,0,0.0,100000,0,0.0,4.084716194300705,,0,0,0,0,0.0,0,0,0.0,5.1369191033233234e-05,52.11558294296265,gen10e5__20220324_154830.pickle,4.084716194300705,,0.05187538260208226,,0.26292834184824365,,0.017573941222683447,,2.779492221441064,,0.7506298740052778,,0.7505613626671683,,0.8458933705927151,,2.779473209222431,,0.27567751637854054,,57.978625431215434,
2026-08-06 01:39:42,1,165,164,64515,16499862,956601150,100000,5798112,391,0,0.0,100000,0,0.0,4.084754299630072,4.078375262031595,99999,5797935,391,0,0.0,99999,0,0.0,5.022273017012898e-05,73.44796371459961,gen10e5__20220324_154557.pickle,4.084754299630072,4.078375262031595,0.05197139992728301,0.052238425834709584,0.26316423341704365,0.26444919828520413,0.01797075773176743,0.017970531091659768,2.77035913569653,2.8220884888683044,0.7478186646354519,0.744197499226093,0.7477499026520591,0.744128408308351,0.8449640619679648,0.8415709779620395,2.7703400707692145,2.8220692886650696,0.28053542923388014,0.2872247613222947,57.98117384077998,57.97999519777839
2026-08-06 01:40:45,1,166,165,64906,16599862,962399231,100000,5798081,391,0,0.0,100000,0,0.0,4.089363761633279,,0,0,0,0,0.0,0,0,0.0,4.9105383825767093e-05,52.25764060020447,gen10e5__20220324_161727.pickle,4.089363761633279,,0.05205532622768989,,0.26283723574490525,,0.0192815160975584,,2.7693748923526846,,0.7404569552832483,,0.7403875188057376,,0.8443613400124745,,2.769355790043359,,0.2941707345890053,,57.9808595905212,
2026-08-06 01:41:38,1,167,166,65297,16699861,968196737,99999,5797506,391,0,0.0,99999,0,0.0,4.089962746174364,,0,0,0,0,0.0,0,0,0.0,4.801743542735521e-05,52.91398096084595,gen10e5__20220324_154523.pickle,4.089962746174364,,0.05208601740530566,,0.2628547035562953,,0.019555108722424212,,2.7688086833459127,,0.7393487635726563,,0.7392792402535074,,0.8435863037362106,,2.768789619999735,,0.29628361928899755,,57.9757104000302,
2026-08-06 01:42:31,1,168,167,65688,16799861,973994381,100000,5797644,391,0,0.0,100000,0,0.0,4.084958635201503,,0,0,0,0,0.0,0,0,0.0,4.695916094498811e-05,52.386805295944214,gen10e5__20220324_160152.pickle,4.084958635201503,,0.05200888482908679,,0.2637116324247372,,0.01870276677011698,,2.7691811160155377,,0.7444221847874518,,0.7443531255386974,,0.8433059750264286,,2.769162070850906,,0.28638719506757015,,57.97651380026093,
2026-08-06 01:43:23,1,169,168,66079,16899861,979792059,100000,5797678,391,0,0.0,100000,0,0.0,4.080082674367061,,0,0,0,0,0.0,0,0,0.0,4.5930828821644965e-05,52.15224885940552,gen10e5__20220324_155804.pickle,4.080082674367061,,0.05190664240135554,,0.26479817871670774,,0.0180823669953788,,2.764991689061076,,0.7506945144008158,,0.7506260477414858,,0.8433070870053697,,2.764972627774537,,0.27452141612995984,,57.97685050996925,
2026-08-06 01:44:37,1,170,169,66470,16999861,985589999,100000,5797940,391,0,0.0,100000,0,0.0,4.0777661055431835,4.068958553521124,99999,5797935,391,0,0.0,99999,0,0.0,4.493269990509573e-05,73.42654633522034,gen10e5__20220324_155711.pickle,4.0777661055431835,4.068958553521124,0.05200864406821284,0.05232035163988671,0.26522480057898074,0.2677716367312593,0.017854437128352434,0.018290548186299965,2.76238124795888,2.8096530278919762,0.7509476228812949,0.7513993574320522,0.7508791669545012,0.7513309412381776,0.8432426354594083,0.8399805633819917,2.762362206447413,2.8096338197405712,0.27366031605983415,0.27237730597992477,57.97945650739746,57.97999519777839
2026-08-06 01:45:41,1,171,170,66861,17099858,991387355,99997,5797356,391,0,0.0,99997,0,0.0,4.077815816953695,,0,0,0,0,0.0,0,0,0.0,4.396502738173431e-05,52.78937292098999,gen10e5__20220324_155404.pickle,4.077815816953695,,0.05207460068718745,,0.26389343840288115,,0.01638789286444718,,2.760293245379502,,0.7510395050018498,,0.7509710473371386,,0.8436070457869759,,2.760274149303444,,0.2727748043534973,,57.97537541116804,
2026-08-06 01:46:34,1,172,171,67252,17199858,997185138,100000,5797783,391,0,0.0,100000,0,0.0,4.079974311638586,,0,0,0,0,0.0,0,0,0.0,4.302805671235495e-05,52.86122918128967,gen10e5__20220324_155947.pickle,4.079974311638586,,0.05197400426991995,,0.2633203225510775,,0.01636653866683163,,2.7607503806705895,,0.7501323278746207,,0.7500637665496656,,0.8430783515815494,,2.760731270804205,,0.2741253714250398,,57.97789408994244,
2026-08-06 01:47:27,1,173,172,67643,17299858,1002982402,100000,5797264,391,0,0.0,100000,0,0.0,4.076141703944229,,0,0,0,0,0.0,0,0,0.0,4.212202556988852e-05,52.885966777801514,gen10e5__20220324_155637.pickle,4.076141703944229,,0.0520290258352743,,0.26335840770290847,,0.015777991090041195,,2.7582829983041512,,0.7493147761939786,,0.7492461902448085,,0.8430198554884112,,2.758263844706454,,0.2763624192923978,,57.97272232103799,
2026-08-06 01:48:21,1,174,173,68034,17399858,1008780014,100000,5797612,391,0,0.0,100000,0,0.0,4.078449829635002,,0,0,0,0,0.0,0,0,0.0,4.124716377911407e-05,52.9010169506073,gen10e5__20220324_154038.pickle,4.078449829635002,,0.05183616940849791,,0.2632038213819181,,0.016114443983959403,,2.7545483992569877,,0.7482665662106961,,0.7481978782726658,,0.8432111673305296,,2.754529236048706,,0.2779829789913633,,57.976188482861566,
2026-08-06 01:49:35,1,175,174,68425,17499855,1014577471,99997,5797457,391,0,0.0,99997,0,0.0,4.077987789264486,4.072893577442803,99999,5797935,391,0,0.0,99999,0,0.0,4.0403693258361266e-05,74.2328360080719,gen10e5__20220324_163753.pickle,4.077987789264486,4.072893577442803,0.05205799690876772,0.052335184539529955,0.26350835065331446,0.2654086102819064,0.01597621968769111,0.016271649179894633,2.752815764525366,2.8042915042699548,0.7494227238078757,0.7482587812421896,0.7493541205848737,0.7481900416007831,0.8437672683770182,0.8408034842465045,2.7527966094806082,2.804272105675401,0.2756690000977321,0.2778590483088707,57.97637311672277,57.97999519777839
2026-08-06 01:50:39,1,176,175,68816,17599855,1020375092,100000,5797621,391,0,0.0,100000,0,0.0,4.082618168527066,,0,0,0,0,0.0,0,0,0.0,3.959182796321835e-05,52.31010603904724,gen10e5__20220324_155203.pickle,4.082618168527066,,0.051935612714344805,,0.26388116673493034,,0.017202451731271853,,2.748495867516428,,0.7464102828649637,,0.7463413670654354,,0.8435225901085109,,2.7484766888775902,,0.2811745600271698,,57.976272954377535,
2026-08-06 01:51:32,1,177,176,69207,17699855,1026172636,100000,5797544,391,0,0.0,100000,0,0.0,4.083013242311544,,0,0,0,0,0.0,0,0,0.0,3.8811773832259994e-05,52.02637529373169,gen10e5__20220324_160052.pickle,4.083013242311544,,0.051899390233320436,,0.264794308234943,,0.018128539824702906,,2.7466504124720905,,0.7461212107430716,,0.7460522635417459,,0.8426682686707168,,2.74663121105521,,0.2815594770698138,,57.97551879565295,
2026-08-06 01:52:24,1,178,177,69598,17799855,1031969943,100000,5797307,391,0,0.0,100000,0,0.0,4.077760949985084,,0,0,0,0,0.0,0,0,0.0,3.806372873480866e-05,52.06626605987549,gen10e5__20220324_155824.pickle,4.077760949985084,,0.052043991976124096,,0.26600945915042623,,0.018901120247786455,,2.7465894704076432,,0.7442494910091861,,0.7441803784440206,,0.8418038751704837,,2.746570312286338,,0.2853231416487458,,57.973153571428725,
2026-08-06 01:53:16,1,179,178,69989,17899855,1037767762,100000,5797819,391,0,0.0,100000,0,0.0,4.077088047067042,,0,0,0,0,0.0,0,0,0.0,3.73478824207429e-05,52.05464220046997,gen10e5__20220324_161410.pickle,4.077088047067042,,0.052109422228881354,,0.26583405096653223,,0.01953270771398011,,2.746875006293855,,0.7407844720968227,,0.7407150983924765,,0.8416715399738479,,2.7468558443107614,,0.2924024652078024,,57.978254001499316,
2026-08-06 01:54:31,1,180,179,70380,17999855,1043565999,100000,5798237,391,0,0.0,100000,0,0.0,4.079146672606193,4.069697734459659,99999,5797935,391,0,0.0,99999,0,0.0,3.666441647236518e-05,74.21308493614197,gen10e5__20220324_155642.pickle,4.079146672606193,4.069697734459659,0.05186110849514811,0.05249886347859388,0.2645947554643946,0.2679620098794776,0.019429365271335368,0.02056936423157832,2.7468781312710977,2.80227888535532,0.7382870748420268,0.7387203906173664,0.7382174961949338,0.7386508694010259,0.841858617391255,0.8394361095661966,2.7468589418140037,2.8022595498872547,0.2972586527311691,0.296510794603222,57.982422052518935,57.97999519777839
2026-08-06 01:55:36,1,181,180,70771,18099854,1049363772,99999,5797773,391,0,0.0,99999,0,0.0,4.078551631559989,,0,0,0,0,0.0,0,0,0.0,3.601350425834156e-05,52.38037300109863,gen10e5__20220324_160102.pickle,4.078551631559989,,0.051887853900644036,,0.2644983817871984,,0.019007961576772203,,2.750960555641507,,0.739549889237791,,0.7394804594232278,,0.8420517855862251,,2.7509414073245493,,0.2950605378013627,,57.97837007103056,
2026-08-06 01:56:29,1,182,181,71162,18199853,1055161774,99999,5798002,391,0,0.0,99999,0,0.0,4.0738173956174775,,0,0,0,0,0.0,0,0,0.0,3.539531088972481e-05,52.84278178215027,gen10e5__20220324_155720.pickle,4.0738173956174775,,0.0520434449263177,,0.26495335371287776,,0.017606180667294906,,2.7537584907968893,,0.745996945986126,,0.7459281358654116,,0.8422662801712163,,2.753739362377097,,0.28288604416928204,,57.98065559911846,
2026-08-06 01:57:22,1,183,182,71553,18299853,1060959398,100000,5797624,391,0,0.0,100000,0,0.0,4.069911059035651,,0,0,0,0,0.0,0,0,0.0,3.480999317807213e-05,52.84616422653198,gen10e5__20220324_162312.pickle,4.069911059035651,,0.052071331084993816,,0.2648021942704779,,0.01621668890093252,,2.7493900726804186,,0.7496241068940426,,0.7495556668923136,,0.8417628595553155,,2.7493709652592675,,0.2758034336405955,,57.97631136128999,
2026-08-06 01:58:15,1,184,183,71944,18399853,1066757166,100000,5797768,391,0,0.0,100000,0,0.0,4.068422074612013,,0,0,0,0,0.0,0,0,0.0,3.4257699595668296e-05,52.49964380264282,gen10e5__20220324_155814.pickle,4.068422074612013,,0.05206762302269824,,0.2649663333362667,,0.01583597550638924,,2.7454387849887847,,0.7499340635801043,,0.7498656322122912,,0.841422322659694,,2.7454196335849037,,0.27477264872938384,,57.97776155652175,
2026-08-06 01:59:28,1,185,184,72335,18499851,1072554768,99998,5797602,391,0,0.0,99998,0,0.0,4.0711889792079825,4.064327625740276,99999,5797935,391,0,0.0,99999,0,0.0,3.373857023786386e-05,73.4368257522583,gen10e5__20220324_154447.pickle,4.0711889792079825,4.064327625740276,0.0520144361525199,0.0525002432072105,0.2645571634293387,0.2670029726118895,0.01646752019704724,0.017429212375781527,2.740683998434995,2.789356019894978,0.7474039325339369,0.7470150579518068,0.7473352411779662,0.746946309670128,0.8409681698842437,0.8380041280931759,2.7406648079929123,2.7893367346062385,0.2789882189649112,0.2794354822529081,57.977246509904006,57.97999519777839
2026-08-06 02:00:31,1,186,185,72726,18599850,1078352224,99999,5797456,391,0,0.0,99999,0,0.0,4.073851505109992,,0,0,0,0,0.0,0,0,0.0,3.3252736787538545e-05,53.03139138221741,gen10e5__20220324_162526.pickle,4.073851505109992,,0.05203920449423032,,0.2641403574410629,,0.016953462427923054,,2.7390945074387036,,0.7453172447905945,,0.7452483243021368,,0.8410954637814924,,2.7390752785541403,,0.2825760292615289,,57.97520747273675,
2026-08-06 02:01:25,1,187,186,73117,18699850,1084149995,100000,5797771,391,0,0.0,100000,0,0.0,4.0754808495360955,,0,0,0,0,0.0,0,0,0.0,3.280032248169839e-05,52.91372513771057,gen10e5__20220324_161941.pickle,4.0754808495360955,,0.05198911759045713,,0.2643884220224715,,0.017707737832197586,,2.738902791852794,,0.7414850874925765,,0.7414158364927219,,0.8410362032431026,,2.7388836105595082,,0.2899675858222774,,57.97778495997104,
2026-08-06 02:02:18,1,188,187,73508,18799850,1089947761,100000,5797766,391,0,0.0,100000,0,0.0,4.075076438205774,,0,0,0,0,0.0,0,0,0.0,3.238144208021533e-05,52.89349699020386,gen10e5__20220324_154048.pickle,4.075076438205774,,0.052143187214169356,,0.2641662304380731,,0.01749182144889445,,2.731825856797476,,0.7401532860912982,,0.7400839469849219,,0.840797575803479,,2.7318065998161374,,0.2924237095574768,,57.97772298335471,
2026-08-06 02:03:11,1,189,188,73899,18899849,1095744788,99999,5797027,391,0,0.0,99999,0,0.0,4.069384739722359,,0,0,0,0,0.0,0,0,0.0,3.199620183671711e-05,52.61530137062073,gen10e5__20220324_163829.pickle,4.069384739722359,,0.05218709503446484,,0.2644171452845735,,0.01654150077971659,,2.7286852272889885,,0.7402053190287947,,0.7401359886464396,,0.8411794255821403,,2.728665961548687,,0.29218202519450126,,57.97094390406389,
2026-08-06 02:04:25,1,190,189,74290,18999847,1101542465,99998,5797677,391,0,0.0,99998,0,0.0,4.072781819377763,4.067264832164841,99999,5797935,391,0,0.0,99999,0,0.0,3.1644699471634826e-05,74.1420829296112,gen10e5__20220324_154803.pickle,4.072781819377763,4.067264832164841,0.052191592997660415,0.052341738592488474,0.2632538548375058,0.2622603791491107,0.01651411341225119,0.014642680420466367,2.7310072235691236,2.785096166840647,0.7374623070770635,0.7353240647428462,0.7373926993913491,0.7352542371686025,0.841418221649013,0.8386761854251548,2.7309879427909243,2.785076747515246,0.296924292532382,0.30067229002628393,57.97799349541743,57.97999519777839
2026-08-06 02:05:27,1,191,190,74681,19099847,1107340147,100000,5797682,391,0,0.0,100000,0,0.0,4.075813973605332,,0,0,0,0,0.0,0,0,0.0,3.132702414741511e-05,52.42650246620178,gen10e5__20220324_162152.pickle,4.075813973605332,,0.051996125102103254,,0.26206977811572196,,0.016729145304292467,,2.7316972498750727,,0.7339863190181426,,0.7339163603319369,,0.84101314409552,,2.7316779583456268,,0.302969929232348,,57.97688214634141,
2026-08-06 02:06:19,1,192,191,75072,19199845,1113137384,99998,5797237,391,0,0.0,99998,0,0.0,4.075315728793958,,0,0,0,0,0.0,0,0,0.0,3.104325644590308e-05,52.034215450286865,gen10e5__20220324_155041.pickle,4.075315728793958,,0.05195336990156741,,0.261984833301867,,0.016811286402483534,,2.7317664652458484,,0.7333918817612508,,0.7333218561945731,,0.8410438064426471,,2.73174718630745,,0.30371285338023085,,57.973613117469796,
2026-08-06 02:07:11,1,193,192,75463,19299845,1118935526,100000,5798142,391,0,0.0,100000,0,0.0,4.076808475855761,,0,0,0,0,0.0,0,0,0.0,3.0793468347901885e-05,52.07611083984375,gen10e5__20220324_155340.pickle,4.076808475855761,,0.05203804910751532,,0.2620952617627384,,0.017288735039377143,,2.729263344490305,,0.7340720651826311,,0.7340021098582128,,0.8407576764187408,,2.729244060040899,,0.3020536027092596,,57.981476419245595,
2026-08-06 02:08:04,1,194,193,75854,19399845,1124733286,100000,5797760,391,0,0.0,100000,0,0.0,4.078204795052584,,0,0,0,0,0.0,0,0,0.0,3.057772321491396e-05,52.4855420589447,gen10e5__20220324_162502.pickle,4.078204795052584,,0.052115126956917064,,0.2620857084227607,,0.017405488527800914,,2.728374754195865,,0.7349868184806478,,0.734916966717342,,0.8405157373077161,,2.7283554335297606,,0.2997546206046776,,57.97766592468512,
2026-08-06 02:09:18,1,195,194,76245,19499843,1130531369,99998,5798083,391,0,0.0,99998,0,0.0,4.077140358164239,4.069210265319404,99999,5797935,391,0,0.0,99999,0,0.0,3.039607577306866e-05,73.3406982421875,gen10e5__20220324_163802.pickle,4.077140358164239,4.069210265319404,0.05206237966096454,0.0523124177488923,0.2627230050816071,0.2641520943773185,0.01757542345721774,0.017103234060247743,2.7297333878456205,2.7837824235344897,0.7353027276751206,0.7348006773729339,0.7352329261923884,0.7347308266023954,0.8407279233511903,0.8381730564725557,2.7297140918213922,2.7837630184843865,0.2988813244777508,0.2997547959474048,57.98204189117873,57.97999519777839
2026-08-06 02:10:19,1,196,195,76636,19599843,1136328759,100000,5797390,391,0,0.0,100000,0,0.0,4.077937345603592,,0,0,0,0,0.0,0,0,0.0,3.024857209924043e-05,52.42943739891052,gen10e5__20220324_154533.pickle,4.077937345603592,,0.0521300098744457,,0.26267049652727964,,0.017668332132905112,,2.731647305412554,,0.7343705251111776,,0.7343006310091855,,0.8402802196510912,,2.731628035012472,,0.3001916775012606,,57.97397914729732,
2026-08-06 02:11:12,1,197,196,77027,19699843,1142126464,100000,5797705,391,0,0.0,100000,0,0.0,4.07545288933754,,0,0,0,0,0.0,0,0,0.0,3.013524960936085e-05,52.39102649688721,gen10e5__20220324_155621.pickle,4.07545288933754,,0.052128212534078885,,0.26369363658990286,,0.017810044337165733,,2.7311714651694956,,0.7358245464272573,,0.7357547737657915,,0.839790661125351,,2.7311521544870905,,0.2964874368036389,,57.97711909483473,
2026-08-06 02:12:05,1,198,197,77418,19799842,1147924502,99999,5798038,391,0,0.0,99999,0,0.0,4.070761393038962,,0,0,0,0,0.0,0,0,0.0,3.0056137048927726e-05,52.49078011512756,gen10e5__20220324_154217.pickle,4.070761393038962,,0.05213660167314495,,0.2648188987827519,,0.017965164674729323,,2.727001523935363,,0.7373021704353653,,0.7372325288263613,,0.8391502028280664,,2.726982169539963,,0.2928785336616277,,57.981017778664956,
2026-08-06 02:12:57,1,199,198,77809,19899841,1153722389,99999,5797887,391,0,0.0,99999,0,0.0,4.0694877799957325,,0,0,0,0,0.0,0,0,0.0,3.0011254485713408e-05,52.15618896484375,gen10e5__20220324_154235.pickle,4.0694877799957325,,0.052118469847997694,,0.26499382992646225,,0.018114320027108343,,2.7233930523997207,,0.7361200478060792,,0.7360502857279396,,0.8388562546018377,,2.723373672984031,,0.2951622551684683,,57.979509176279436,
2026-08-06 02:14:11,1,200,199,78200,19999840,1159519681,99999,5797292,391,0,0.0,99999,0,0.0,4.067543447707638,4.060455165425727,99999,5797935,391,0,0.0,99999,0,0.0,2.9999999999999997e-05,73.77393054962158,gen10e5__20220324_154121.pickle,4.067543447707638,4.060455165425727,0.05222386565315658,0.05252921913072804,0.26497887084053134,0.26624404708232713,0.017781266530012305,0.017526087845818047,2.7198169117372806,2.769702899973772,0.7355022833069783,0.7345147696412676,0.7354324703770813,0.7344448745865002,0.8386540208790494,0.8357809277665886,2.7197975028017214,2.769683218039534,0.2962295157430737,0.2980144707270794,57.97357159520557,57.97999519777839
