time,pass,chunk_count,chunk_index_in_pass,step,games_seen,tokens_seen,chunk_games,chunk_tokens,train_seen_batches,train_skipped_batches,train_batch_skip_ratio,train_seen_samples,train_skipped_samples,train_sample_skip_ratio,train_loss,val_loss,val_games,val_tokens,val_seen_batches,val_skipped_batches,val_batch_skip_ratio,val_seen_samples,val_skipped_samples,val_sample_skip_ratio,lr,dt_seconds,chunk_file,infonce_loss,val_infonce_loss,positive_accuracy,val_positive_accuracy,positive_sim,val_positive_sim,negative_sim,val_negative_sim,z_pred_std,val_z_pred_std,z_tgt_std,val_z_tgt_std,z_std,val_z_std,c_std,val_c_std,p_std,val_p_std,cos_sim_offdiag,val_cos_sim_offdiag,positions_per_game,val_positions_per_game
2026-07-22 07:49:09,1,1,0,391,99994,5797112,99994,5797112,391,0,0.0,99994,0,0.0,5.051700788259047,,0,0,0,0,0.0,0,0,0.0,0.00011729999999999999,24.821005821228027,gen10e5__20220324_154407.pickle,5.051700788259047,,0.021914359968042838,,0.09538356198798614,,0.007089463778421879,,0.91425051548115,,0.8068627827140052,,0.8067986712305686,,0.903639037763226,,0.9141940182630642,,0.32539281477330945,,57.974670914263,
2026-07-22 07:49:34,1,2,1,782,199994,11594931,100000,5797819,391,0,0.0,100000,0,0.0,4.636633418370332,,0,0,0,0,0.0,0,0,0.0,0.00023459999999999998,24.8396155834198,gen10e5__20220324_161410.pickle,4.636633418370332,,0.03309882540979919,,0.18064921986829782,,0.010215344820465454,,0.953438453699157,,0.9486991812034208,,0.9486455763395453,,0.9516875730761069,,0.9533849625808093,,0.08199435426208226,,57.97825806687502,
2026-07-22 07:50:00,1,3,2,1173,299992,17392533,99998,5797602,391,0,0.0,99998,0,0.0,4.485493353395481,,0,0,0,0,0.0,0,0,0.0,0.0002999966866426211,24.75497007369995,gen10e5__20220324_154447.pickle,4.485493353395481,,0.038420539937717366,,0.2046370674273201,,0.007236358765237752,,1.069074324866084,,0.97061247578799,,0.9705601618715315,,0.9536688495396572,,1.069026588132559,,0.03965382661147851,,57.977250202163326,
2026-07-22 07:50:25,1,4,3,1564,399991,23190571,99999,5798038,391,0,0.0,99999,0,0.0,4.3883747859206395,,0,0,0,0,0.0,0,0,0.0,0.0002999645014249971,24.751637935638428,gen10e5__20220324_154217.pickle,4.3883747859206395,,0.041526978385357856,,0.2219403682740176,,0.008025948546084337,,1.1888197787491637,,0.9752559079199623,,0.9752038769382396,,0.9474880860856465,,1.1887768709178577,,0.02932618551788636,,57.98101443836475,
2026-07-22 07:51:03,1,5,4,1955,499990,28988454,99999,5797883,391,0,0.0,99999,0,0.0,4.328860940798921,4.267946885217219,99999,5797935,391,0,0.0,99999,0,0.0,0.0002998980809749782,37.73968029022217,gen10e5__20220324_162246.pickle,4.328860940798921,4.267946885217219,0.04331563761081242,0.04501464728053587,0.23251294156786334,0.243932081132132,0.007434211779245184,0.00564950266094785,1.283893610322785,1.328999366681297,0.9756968597045085,0.9756231253470649,0.9756448787741705,0.9755711503658877,0.9432378064757297,0.9377766754967081,1.2838538869289262,1.3289608780616369,0.026864137776970668,0.026141969827228294,57.97947730511362,57.97999519777839
2026-07-22 07:51:30,1,6,5,2346,599990,34786750,100000,5798296,391,0,0.0,100000,0,0.0,4.286612158477502,,0,0,0,0,0.0,0,0,0.0,0.000299797442140843,25.748791933059692,gen10e5__20220324_162257.pickle,4.286612158477502,,0.04432543604200598,,0.2407499663303417,,0.006784106596668348,,1.362372037852419,,0.9752650081053867,,0.9752130190490451,,0.9379296256363624,,1.3623345742302218,,0.02586814819370252,,57.98301011085843,
2026-07-22 07:51:55,1,7,6,2737,699990,40584240,100000,5797490,391,0,0.0,100000,0,0.0,4.252539242655105,,0,0,0,0,0.0,0,0,0.0,0.0002996626104507402,24.7294442653656,gen10e5__20220324_160115.pickle,4.252539242655105,,0.04535497240222517,,0.2478001213637377,,0.006405670018767879,,1.4284644272146931,,0.9736508180685816,,0.9735987492626537,,0.9321118520765664,,1.4284286693346326,,0.027045814118893174,,57.97497797942515,
2026-07-22 07:52:21,1,8,7,3128,799990,46381712,100000,5797472,391,0,0.0,100000,0,0.0,4.222382867978055,,0,0,0,0,0.0,0,0,0.0,0.0002994936201062134,25.67923903465271,gen10e5__20220324_155545.pickle,4.222382867978055,,0.04621048598674425,,0.25427232157507074,,0.006345934884245751,,1.480915075174645,,0.9701722801913292,,0.9701200116285682,,0.9247380915194324,,1.4808805261140323,,0.03171592596770836,,57.97480081822194,
2026-07-22 07:52:46,1,9,8,3519,899989,52179356,99999,5797644,391,0,0.0,99999,0,0.0,4.196819858434807,,0,0,0,0,0.0,0,0,0.0,0.00029929051397352467,24.71993923187256,gen10e5__20220324_163810.pickle,4.196819858434807,,0.0469778757249008,,0.25961481326982905,,0.006172785900666056,,1.5199169413269975,,0.9651480500721082,,0.9650954666126903,,0.9156586357347529,,1.5198831918567246,,0.03907338798057634,,57.977089719686056,
2026-07-22 07:53:25,1,10,9,3910,999989,57976980,100000,5797624,391,0,0.0,100000,0,0.0,4.17324603811323,4.135900569635561,99999,5797935,391,0,0.0,99999,0,0.0,0.00029905334357278174,38.06045913696289,gen10e5__20220324_162312.pickle,4.17324603811323,4.135900569635561,0.04775283793342683,0.04884773605098589,0.26374938311890994,0.2707982278456866,0.00566757450723142,0.004973083885821256,1.5531877423925295,1.5881789503222157,0.9584163587581671,0.9541960213108194,0.9583633512540966,0.9541427511089355,0.907831307691604,0.8985155321576501,1.5531546169337478,1.5881463326966005,0.04952991786996007,0.05634371257064013,57.97630862175177,57.97999519777839
2026-07-22 07:53:51,1,11,10,4301,1099989,63774998,100000,5798018,391,0,0.0,100000,0,0.0,4.154883327111755,,0,0,0,0,0.0,0,0,0.0,0.00029878216906486924,25.113797187805176,gen10e5__20220324_154148.pickle,4.154883327111755,,0.048255627892666894,,0.2661467506379545,,0.005080209808804735,,1.5861570733027062,,0.949631883337368,,0.9495783231595433,,0.8995048105605166,,1.5861245266363373,,0.06370471784602529,,57.980234952433314,
2026-07-22 07:54:18,1,12,11,4692,1199988,69572802,99999,5797804,391,0,0.0,99999,0,0.0,4.1402433446487175,,0,0,0,0,0.0,0,0,0.0,0.000298477059236188,25.56220030784607,gen10e5__20220324_162706.pickle,4.1402433446487175,,0.048798303500631295,,0.2673115533574415,,0.004423831652398705,,1.6227780978480515,,0.940698927244729,,0.9406447835598102,,0.8930562959989122,,1.6227461722322187,,0.07797533693924236,,57.97868531748184,
2026-07-22 07:54:43,1,13,12,5083,1299987,75370317,99999,5797515,391,0,0.0,99999,0,0.0,4.129530868741669,,0,0,0,0,0.0,0,0,0.0,0.0002981380914812068,24.849004983901978,gen10e5__20220324_164319.pickle,4.129530868741669,,0.049150368374174726,,0.2677145422087294,,0.004028164398036572,,1.6629330681296333,,0.9315733174634678,,0.9315185429436624,,0.8886666511444001,,1.6629018606957864,,0.09230682029878917,,57.97579774144073,
2026-07-22 07:55:08,1,14,13,5474,1399987,81167741,100000,5797424,391,0,0.0,100000,0,0.0,4.122008188529503,,0,0,0,0,0.0,0,0,0.0,0.00029776535178283037,24.76187491416931,gen10e5__20220324_155439.pickle,4.122008188529503,,0.04945575813726846,,0.26776325006166907,,0.003851281078399577,,1.7020622755400587,,0.9228376572529666,,0.9227822976919702,,0.8847381498384218,,1.7020317087339278,,0.10595923491138273,,57.97431440832601,
2026-07-22 07:55:47,1,15,14,5865,1499987,86965174,100000,5797433,391,0,0.0,100000,0,0.0,4.116340164004323,4.087994507402312,99999,5797935,391,0,0.0,99999,0,0.0,0.0002973589346905889,38.46889400482178,gen10e5__20220324_160403.pickle,4.116340164004323,4.087994507402312,0.04957556192847944,0.05035223711348416,0.2680828075468901,0.27285628937266787,0.00401231238447414,0.0032538832589693464,1.7421104084941577,1.7911883495677772,0.9166841106748829,0.9138714214258785,0.9166283244887858,0.9138154366861088,0.8824834294189045,0.8773278327784316,1.7420805074844812,1.7911590729567453,0.11509373090990543,0.11918597403042469,57.97440311284645,57.97999519777839
2026-07-22 07:56:14,1,16,15,6256,1599987,92762957,100000,5797783,391,0,0.0,100000,0,0.0,4.1109827285462055,,0,0,0,0,0.0,0,0,0.0,0.0002969189432966543,24.797173261642456,gen10e5__20220324_155947.pickle,4.1109827285462055,,0.04993322426009884,,0.26866348720217553,,0.0042754429108969915,,1.7771035387907457,,0.9111625858268091,,0.9111064249627882,,0.8799902645617814,,1.7770742063715648,,0.12301892327758622,,57.97789638607874,
2026-07-22 07:56:40,1,17,16,6647,1699986,98560373,99999,5797416,391,0,0.0,99999,0,0.0,4.106068691929848,,0,0,0,0,0.0,0,0,0.0,0.0002964454892096902,25.92691731452942,gen10e5__20220324_160512.pickle,4.106068691929848,,0.04997450564670595,,0.2690332881554366,,0.004456322891278431,,1.8090788787853649,,0.9061072017951428,,0.9060506848851374,,0.8780160277393071,,1.8090500053041634,,0.1298924819597738,,57.97481645675202,
2026-07-22 07:57:06,1,18,17,7038,1799985,104357474,99999,5797101,391,0,0.0,99999,0,0.0,4.101001429574387,,0,0,0,0,0.0,0,0,0.0,0.0002959386925265408,25.716303825378418,gen10e5__20220324_155812.pickle,4.101001429574387,,0.05018577362223063,,0.2691625637691061,,0.004610278895458627,,1.8400554456720886,,0.9009278778932333,,0.9008709976524563,,0.8766957631053918,,1.8400270398708334,,0.13723379288644066,,57.97168625951467,
2026-07-22 07:57:32,1,19,18,7429,1899983,110154668,99998,5797194,391,0,0.0,99998,0,0.0,4.096026199022996,,0,0,0,0,0.0,0,0,0.0,0.00029539868180176684,25.66897702217102,gen10e5__20220324_160040.pickle,4.096026199022996,,0.05026224733714823,,0.27002978669422656,,0.004802174087244314,,1.8691217128503244,,0.8983478535764293,,0.8982908051440697,,0.875437370476828,,1.8690936915259837,,0.13995325846571754,,57.97318519393822,
2026-07-22 07:58:11,1,20,19,7820,1999983,115952386,100000,5797718,391,0,0.0,100000,0,0.0,4.091703959202338,4.06605247251844,99999,5797935,391,0,0.0,99999,0,0.0,0.000294825594015037,38.588199615478516,gen10e5__20220324_162524.pickle,4.091703959202338,4.06605247251844,0.050303067206776186,0.050949001323036064,0.2710870845322344,0.27783549405201863,0.00510666318573252,0.006716282380849001,1.8968915887732798,1.9410166748190227,0.8965518451307961,0.8949207858482454,0.8964946274497001,0.8948634193039482,0.8745929257043326,0.8677567695635368,1.8968639486284167,1.940989319371178,0.14064784968980162,0.14221899495565887,57.97724887727378,57.97999519777839
2026-07-22 07:58:38,1,21,20,8211,2099982,121749842,99999,5797456,391,0,0.0,99999,0,0.0,4.087063356356688,,0,0,0,0,0.0,0,0,0.0,0.0002942195745363807,25.70215082168579,gen10e5__20220324_162526.pickle,4.087063356356688,,0.050576493993851994,,0.2723658460886611,,0.005638069395846596,,1.9247960982578636,,0.8944158386186734,,0.8943584219193422,,0.8747584611485633,,1.9247688297409073,,0.14207994211964733,,57.97521864951411,
2026-07-22 07:59:04,1,22,21,8602,2199981,127547273,99999,5797431,391,0,0.0,99999,0,0.0,4.08169567236452,,0,0,0,0,0.0,0,0,0.0,0.0002935807770893139,24.845850229263306,gen10e5__20220324_160046.pickle,4.08169567236452,,0.050681413648325686,,0.27330479647277084,,0.005788131497740618,,1.9504190672713528,,0.8924065002316325,,0.8923489399319733,,0.8737856786862769,,1.950392115092639,,0.1434902771046032,,57.97496836246844,
2026-07-22 07:59:29,1,23,22,8993,2299981,133344780,100000,5797507,391,0,0.0,100000,0,0.0,4.07900824942018,,0,0,0,0,0.0,0,0,0.0,0.0002929093637118454,24.842984437942505,gen10e5__20220324_160029.pickle,4.07900824942018,,0.05072111153424999,,0.27339286280315994,,0.005859356403514248,,1.9728812450931879,,0.8899166207666223,,0.889858891297458,,0.8729266312107591,,1.972854602328817,,0.1458056810436131,,57.97513762502249,
2026-07-22 07:59:54,1,24,23,9384,2399980,139142402,99999,5797622,391,0,0.0,99999,0,0.0,4.0765373209793925,,0,0,0,0,0.0,0,0,0.0,0.0002922055047153738,24.78396463394165,gen10e5__20220324_154829.pickle,4.0765373209793925,,0.05081824895342167,,0.27374354260155714,,0.006285093308103401,,1.990822882441366,,0.8874403559676654,,0.887382447404424,,0.8713388075261783,,1.9907964576509996,,0.1482506004377867,,57.97686775985482,
2026-07-22 08:00:32,1,25,24,9775,2499980,144940002,100000,5797600,391,0,0.0,100000,0,0.0,4.073019411331278,4.050328574039191,99999,5797935,391,0,0.0,99999,0,0.0,0.00029146937864148637,37.796061277389526,gen10e5__20220324_155521.pickle,4.073019411331278,4.050328574039191,0.05079550133797859,0.051277911515979976,0.2742351980497967,0.2776599404766496,0.006662023540874492,0.0054666041740974005,2.0108498018757754,2.0551401815868187,0.8848352674287718,0.8832087396205731,0.8847771992158632,0.8831505592504985,0.8696962953320644,0.8637736127399681,2.0108236479294725,2.055114306492991,0.15123071750286185,0.15323597508580947,57.97606863184766,57.97999519777839
2026-07-22 08:00:59,1,26,25,10166,2599979,150737905,99999,5797903,391,0,0.0,99999,0,0.0,4.070670205393901,,0,0,0,0,0.0,0,0,0.0,0.00029070117221667016,24.853347063064575,gen10e5__20220324_155838.pickle,4.070670205393901,,0.05096463301584176,,0.2747897832688812,,0.007085642790042009,,2.030224069828981,,0.8827001758093086,,0.8826419479528814,,0.8690330118919425,,2.030198176434848,,0.1529954824330161,,57.97967327112169,
2026-07-22 08:01:25,1,27,26,10557,2699977,156535182,99998,5797277,391,0,0.0,99998,0,0.0,4.0681649824660155,,0,0,0,0,0.0,0,0,0.0,0.00028990108030494646,24.893774032592773,gen10e5__20220324_162556.pickle,4.0681649824660155,,0.05087785153086105,,0.27513792211691085,,0.007195023083871372,,2.0464632880410965,,0.8815821852847693,,0.8815238696525362,,0.8688108070571016,,2.0464375766810465,,0.15297211885909734,,57.97400940279268,
2026-07-22 08:01:50,1,28,27,10948,2799976,162333000,99999,5797818,391,0,0.0,99999,0,0.0,4.065786766829646,,0,0,0,0,0.0,0,0,0.0,0.0002890693058584414,24.88397479057312,gen10e5__20220324_154344.pickle,4.065786766829646,,0.051072144347248424,,0.2756426334154469,,0.007462813743026287,,2.0644984843020615,,0.8800276727057099,,0.8799692421905768,,0.8677019585706792,,2.064472995869687,,0.15375500153977567,,57.978817518612175,
2026-07-22 08:02:15,1,29,28,11339,2899976,168131142,100000,5798142,391,0,0.0,100000,0,0.0,4.063212764188147,,0,0,0,0,0.0,0,0,0.0,0.00028820605986590536,25.027655601501465,gen10e5__20220324_155340.pickle,4.063212764188147,,0.05090872178574536,,0.2762262601310227,,0.007694888486346837,,2.0796507455172826,,0.8793007551108956,,0.8792423026598131,,0.867349921196992,,2.0796254588844176,,0.1530465042783518,,57.98147391305482,
2026-07-22 08:02:53,1,30,29,11730,2999974,173928787,99998,5797645,391,0,0.0,99998,0,0.0,4.061217745640294,4.0374836671871,99999,5797935,391,0,0.0,99999,0,0.0,0.0002873115612991927,37.80069351196289,gen10e5__20220324_164312.pickle,4.061217745640294,4.0374836671871,0.051115409444639284,0.051531967482223634,0.2763459568075738,0.2802673353456337,0.007698694451299339,0.007230973036110126,2.0927993682190427,2.13529422016022,0.8771647338540446,0.8769545269394036,0.8771060941361779,0.8768958475699634,0.8665985658270472,0.8611625480530671,2.09277419573486,2.1352691492050213,0.15458481617979936,0.15377010068026065,57.97768111758632,57.97999519777839
2026-07-22 08:03:21,1,31,30,12121,3099973,179726465,99999,5797678,391,0,0.0,99999,0,0.0,4.056836939572209,,0,0,0,0,0.0,0,0,0.0,0.0002863860370577177,25.46753430366516,gen10e5__20220324_155241.pickle,4.056836939572209,,0.05126310882321373,,0.2770560537231249,,0.007616284768034804,,2.1054191888381375,,0.8764850676819431,,0.8764263476100111,,0.8656663614326195,,2.1053941567145555,,0.15358990206267317,,57.97742185804817,
2026-07-22 08:03:46,1,32,31,12512,3199972,185524082,99999,5797617,391,0,0.0,99999,0,0.0,4.053426262247863,,0,0,0,0,0.0,0,0,0.0,0.0002854297219108986,24.794615983963013,gen10e5__20220324_155959.pickle,4.053426262247863,,0.05121449012575512,,0.27809771663600846,,0.007921955224791014,,2.115284675496767,,0.8753669965769191,,0.8753081660119495,,0.8640079888825309,,2.11525969830608,,0.15327952113575405,,57.97682012403221,
2026-07-22 08:04:11,1,33,32,12903,3299969,191321539,99997,5797457,391,0,0.0,99997,0,0.0,4.0515705865710645,,0,0,0,0,0.0,0,0,0.0,0.0002844428584386062,24.813854694366455,gen10e5__20220324_163753.pickle,4.0515705865710645,,0.05128576173312759,,0.2784925210664503,,0.008126459589633466,,2.1259013990524727,,0.8735533992702756,,0.8734944371197787,,0.8624391796633042,,2.1258765288147514,,0.15426007092466631,,57.97638395525723,
2026-07-22 08:04:36,1,34,33,13294,3399966,197118830,99997,5797291,391,0,0.0,99997,0,0.0,4.048464682144871,,0,0,0,0,0.0,0,0,0.0,0.00028342569696963014,24.802721738815308,gen10e5__20220324_164426.pickle,4.048464682144871,,0.05137709989198213,,0.2791380379248161,,0.008163871033517633,,2.138578985516999,,0.8730205681362313,,0.8729615960304627,,0.8617335158324322,,2.1385542947319682,,0.15333786071766384,,57.97472569583039,
2026-07-22 08:05:15,1,35,34,13685,3499965,202916562,99999,5797732,391,0,0.0,99999,0,0.0,4.047048991792387,4.024624819926072,99999,5797935,391,0,0.0,99999,0,0.0,0.00028237849551818086,38.465859174728394,gen10e5__20220324_154248.pickle,4.047048991792387,4.024624819926072,0.051392682166546126,0.05170461517642623,0.2794979867055178,0.2837572888631133,0.00830564570356896,0.008101930520974828,2.149880572371804,2.1929034881654994,0.8718867295878502,0.8710036399653683,0.871827687319011,0.8709445406191442,0.860916960163101,0.8534684601006258,2.1498560091392585,2.192879021009572,0.15327968288723756,0.1539111089799103,57.97797475206046,57.97999519777839
2026-07-22 08:05:43,1,36,35,14076,3599965,208714140,100000,5797578,391,0,0.0,100000,0,0.0,4.045635562798974,,0,0,0,0,0.0,0,0,0.0,0.00028130151971844143,25.661351203918457,gen10e5__20220324_154325.pickle,4.045635562798974,,0.05149443412569147,,0.27951160103869777,,0.008492413942153547,,2.1605022529352493,,0.8698406658390727,,0.869781471231365,,0.8598229966172003,,2.1604778115702805,,0.1547731266171293,,57.97585718796064,
2026-07-22 08:06:09,1,37,36,14467,3699964,214511310,99999,5797170,391,0,0.0,99999,0,0.0,4.0433737962213945,,0,0,0,0,0.0,0,0,0.0,0.00028019504275718604,25.6655535697937,gen10e5__20220324_154043.pickle,4.0433737962213945,,0.05132159293681671,,0.27987888661375127,,0.008546549826290276,,2.168029989450469,,0.8688147757404235,,0.8687555185793238,,0.8591082490997372,,2.168005611177262,,0.1545851656362661,,57.97236297105321,
2026-07-22 08:06:34,1,38,37,14858,3799962,220308431,99998,5797121,391,0,0.0,99998,0,0.0,4.042108267926336,,0,0,0,0,0.0,0,0,0.0,0.0002790593453044836,25.561991214752197,gen10e5__20220324_155732.pickle,4.042108267926336,,0.0514764136577359,,0.2796491828921858,,0.008282510616296484,,2.174867216129808,,0.867513992461201,,0.8674546073428344,,0.8572789257377511,,2.174842914554786,,0.15436073536385042,,57.972461025131054,
2026-07-22 08:07:00,1,39,38,15249,3899962,226106339,100000,5797908,391,0,0.0,100000,0,0.0,4.0407431666307785,,0,0,0,0,0.0,0,0,0.0,0.00027789471544250243,25.380845069885254,gen10e5__20220324_162650.pickle,4.0407431666307785,,0.05152168654145865,,0.28008669960315136,,0.008277051227375513,,2.18561370467424,,0.8665003985206766,,0.8664409283644949,,0.8572427659551978,,2.1855895172085997,,0.1539651419042907,,57.97913811649823,
2026-07-22 08:07:38,1,40,39,15640,3999961,231903687,99999,5797348,391,0,0.0,99999,0,0.0,4.039420435271071,4.0179169223747015,99999,5797935,391,0,0.0,99999,0,0.0,0.0002767014485924352,37.79194974899292,gen10e5__20220324_154838.pickle,4.039420435271071,4.0179169223747015,0.051489749850528094,0.0521387352904477,0.28022089021058083,0.2831128122558717,0.008407597288960903,0.007576888659075186,2.1934781580446403,2.2235382702328397,0.8644403640757916,0.8635301789769861,0.8643807480357488,0.8634704840426213,0.8558732988229426,0.84899238211759,2.1934540639872577,2.2235140821488644,0.15591063632073904,0.15634637599671644,57.9741384941883,57.97999519777839
2026-07-22 08:08:05,1,41,40,16031,4099961,237701708,100000,5798021,391,0,0.0,100000,0,0.0,4.036577275271725,,0,0,0,0,0.0,0,0,0.0,0.000275479847439562,24.821789503097534,gen10e5__20220324_154425.pickle,4.036577275271725,,0.05168228926041575,,0.28112741080358583,,0.00888481881761746,,2.201384474169685,,0.8628831303300502,,0.8628233548774242,,0.8547921108090142,,2.2013604545545498,,0.15597711704372016,,57.980270340437066,
2026-07-22 08:08:30,1,42,41,16422,4199961,243499320,100000,5797612,391,0,0.0,100000,0,0.0,4.03636571746537,,0,0,0,0,0.0,0,0,0.0,0.0002742302218564711,24.710492849349976,gen10e5__20220324_154038.pickle,4.03636571746537,,0.05150120399988511,,0.2810296418968281,,0.008789518247154689,,2.21026032683545,,0.861824140936747,,0.8617642448546793,,0.8544598186091619,,2.2102363869470603,,0.15569175403433325,,57.976187042482074,
2026-07-22 08:08:55,1,43,42,16813,4299961,249296755,100000,5797435,391,0,0.0,100000,0,0.0,4.034686013236359,,0,0,0,0,0.0,0,0,0.0,0.00027295288882445596,24.70260524749756,gen10e5__20220324_155508.pickle,4.034686013236359,,0.05159488609107417,,0.2814181394163442,,0.008715186603123214,,2.2157912704987703,,0.8622097256560869,,0.8621498748926409,,0.8525833235450068,,2.21576732549228,,0.15333068220894122,,57.97443483424674,
2026-07-22 08:09:20,1,44,43,17204,4399961,255094478,100000,5797723,391,0,0.0,100000,0,0.0,4.033565331985726,,0,0,0,0,0.0,0,0,0.0,0.0002716481723531097,24.694028854370117,gen10e5__20220324_155240.pickle,4.033565331985726,,0.05160232701131129,,0.28163820061067935,,0.008702814381689582,,2.2235030251169063,,0.8600962076682881,,0.8600362181523984,,0.8522087708684318,,2.2234791818079374,,0.15524020915577197,,57.97729750636047,
2026-07-22 08:09:58,1,45,44,17595,4499961,260892139,100000,5797661,391,0,0.0,100000,0,0.0,4.033855791261747,4.013190669809762,99999,5797935,391,0,0.0,99999,0,0.0,0.0002703164033981365,37.690370082855225,gen10e5__20220324_160016.pickle,4.033855791261747,4.013190669809762,0.05165393394373464,0.05214373696209125,0.2812194317395382,0.28370899477563655,0.008595337331225838,0.007324582204970274,2.226537917363792,2.25967196187724,0.857536042666138,0.8573201266853833,0.8574758547147288,0.8572599242415295,0.8504262233836106,0.8441605520569653,2.2265141237288386,2.259647970121405,0.158067705370777,0.15747117320589907,57.97667893502117,57.97999519777839
2026-07-22 08:10:26,1,46,45,17986,4599961,266689817,100000,5797678,391,0,0.0,100000,0,0.0,4.032154444392846,,0,0,0,0,0.0,0,0,0.0,0.00026895791977740095,25.528024673461914,gen10e5__20220324_155804.pickle,4.032154444392846,,0.05168620923927577,,0.2814710354127173,,0.008533545147601634,,2.2321711765899575,,0.8569322298215571,,0.8568720237760119,,0.8489754289987645,,2.2321474455764427,,0.15735873190915722,,57.97685315246035,
2026-07-22 08:10:51,1,47,46,18377,4699960,272487311,99999,5797494,391,0,0.0,99999,0,0.0,4.029816470473696,,0,0,0,0,0.0,0,0,0.0,0.000267573066085237,24.970911026000977,gen10e5__20220324_154404.pickle,4.029816470473696,,0.05172286477027225,,0.2821578248813333,,0.0086289722034095,,2.2429423933270374,,0.8573890441461711,,0.8573288856537025,,0.8487445149634545,,2.2429187628081806,,0.15469457105448192,,57.97559199042509,
2026-07-22 08:11:16,1,48,47,18768,4799957,278284723,99997,5797412,391,0,0.0,99997,0,0.0,4.029552055951117,,0,0,0,0,0.0,0,0,0.0,0.0002661621936050375,24.772932291030884,gen10e5__20220324_154720.pickle,4.029552055951117,,0.05174722761824511,,0.28193216221316497,,0.008763358257605413,,2.253004908152924,,0.8546375394161413,,0.8545771736753883,,0.8472206561773639,,2.252981379421765,,0.15794715331368664,,57.97592710468266,
2026-07-22 08:11:41,1,49,48,19159,4899956,284082285,99999,5797562,391,0,0.0,99999,0,0.0,4.0286213887448685,,0,0,0,0,0.0,0,0,0.0,0.00026472566022014754,24.77169132232666,gen10e5__20220324_153933.pickle,4.0286213887448685,,0.051831959515140684,,0.2818986960892845,,0.00883070584436307,,2.2573895985561463,,0.8521996442051027,,0.8521390578002943,,0.8456086700481076,,2.2573660970389997,,0.16033943201294362,,57.97627866301818,
2026-07-22 08:12:20,1,50,49,19550,4999956,289880432,100000,5798147,391,0,0.0,100000,0,0.0,4.027946535855407,4.008583872139845,99999,5797935,391,0,0.0,99999,0,0.0,0.0002632638303230833,38.51352024078369,gen10e5__20220324_155047.pickle,4.027946535855407,4.008583872139845,0.0518029291483051,0.05206267382108297,0.2820768562016658,0.2840256633413461,0.009029320330035543,0.0072548199973245155,2.262235221201452,2.3037746752680155,0.8506740124061873,0.8504532450020612,0.8506133319965321,0.8503925546395806,0.8453273957466758,0.8403684993272069,2.262211784760356,2.3037509532747245,0.16116686023370064,0.16056206323573746,57.98152747522866,57.97999519777839
2026-07-22 08:12:49,1,51,50,19941,5099956,295678213,100000,5797781,391,0,0.0,100000,0,0.0,4.027126795042604,,0,0,0,0,0.0,0,0,0.0,0.00026177707472310003,26.406487226486206,gen10e5__20220324_160017.pickle,4.027126795042604,,0.05187967573231727,,0.2821567120909342,,0.009187947545577316,,2.270827107746483,,0.8495193302674834,,0.8494585661477897,,0.8449868428059838,,2.2708037057206023,,0.16130567650632877,,57.977878200701916,
2026-07-22 08:13:16,1,52,51,20332,5199956,301475882,100000,5797669,391,0,0.0,100000,0,0.0,4.026407953108187,,0,0,0,0,0.0,0,0,0.0,0.000260265770552132,26.603546142578125,gen10e5__20220324_161346.pickle,4.026407953108187,,0.051730962596300875,,0.2825974091061055,,0.009629443935248016,,2.275732481253687,,0.8472195531865048,,0.8471585886912774,,0.8432862648672889,,2.2757091091589263,,0.16311460800076424,,57.97676422910764,
2026-07-22 08:13:42,1,53,52,20723,5299954,307273119,99998,5797237,391,0,0.0,99998,0,0.0,4.026028927938595,,0,0,0,0,0.0,0,0,0.0,0.00025873030116912885,25.47078275680542,gen10e5__20220324_155041.pickle,4.026028927938595,,0.05180450592940049,,0.2827277892260288,,0.009892524475395719,,2.283095348812409,,0.8451343796119181,,0.8450732596626696,,0.8429761187494632,,2.2830720958578326,,0.16531954667692683,,57.9736084572933,
2026-07-22 08:14:07,1,54,53,21114,5399954,313071018,100000,5797899,391,0,0.0,100000,0,0.0,4.026258277346693,,0,0,0,0,0.0,0,0,0.0,0.00025717105606281254,24.818135499954224,gen10e5__20220324_154021.pickle,4.026258277346693,,0.05183860540972571,,0.282368772735439,,0.009693753563285657,,2.288291576390215,,0.8426319189453049,,0.8425706029348584,,0.841653767671921,,2.288268358472876,,0.16816691764128852,,57.979048785198955,
2026-07-22 08:14:45,1,55,54,21505,5499954,318868802,100000,5797784,391,0,0.0,100000,0,0.0,4.026092620813296,4.005684894037489,99999,5797935,391,0,0.0,99999,0,0.0,0.00025558843075287906,37.63373064994812,gen10e5__20220324_154919.pickle,4.026092620813296,4.005684894037489,0.051873612051295995,0.05227240353667424,0.2823580603893089,0.28502175552507414,0.01006578360725621,0.009107931428740534,2.290029710118218,2.324127527091614,0.840348271391721,0.8395351394977473,0.8402867890230687,0.8394735829346051,0.8402707557699821,0.8330919363051768,2.2900064982948414,2.3241038797084665,0.17012768514965299,0.17027097910221312,57.977908470880855,57.97999519777839
2026-07-22 08:15:12,1,56,55,21896,5599952,324666295,99998,5797493,391,0,0.0,99998,0,0.0,4.024225599427393,,0,0,0,0,0.0,0,0,0.0,0.00025398282668967053,24.777849674224854,gen10e5__20220324_154813.pickle,4.024225599427393,,0.05188863506192088,,0.2824458897112813,,0.009630479726471812,,2.2969732906515437,,0.8402198403569247,,0.8401583524389796,,0.8387988649110453,,2.296950170993354,,0.16840980925758398,,57.976158741831384,
2026-07-22 08:15:39,1,57,56,22287,5699951,330463935,99999,5797640,391,0,0.0,99999,0,0.0,4.0236515043852945,,0,0,0,0,0.0,0,0,0.0,0.0002523546511523431,26.51665425300598,gen10e5__20220324_155251.pickle,4.0236515043852945,,0.05187731534458849,,0.28250257937663725,,0.0091762237997967,,2.3036416666437614,,0.8409036247215419,,0.8408421828890279,,0.8381490949089255,,2.3036186405215204,,0.16511683291000778,,57.97704281173021,
2026-07-22 08:16:04,1,58,57,22678,5799949,336261280,99998,5797345,391,0,0.0,99998,0,0.0,4.021933355690932,,0,0,0,0,0.0,0,0,0.0,0.00025070431714555583,24.857511520385742,gen10e5__20220324_155156.pickle,4.021933355690932,,0.051853736224728754,,0.2825890865740454,,0.009273417214952775,,2.3080254182264808,,0.840264499522858,,0.8402030101964968,,0.8375215111705662,,2.3080024222406736,,0.16462791666110105,,57.974691028420125,
2026-07-22 08:16:29,1,59,58,23069,5899947,342058743,99998,5797463,391,0,0.0,99998,0,0.0,4.022179480841241,,0,0,0,0,0.0,0,0,0.0,0.0002490322432947076,24.829492330551147,gen10e5__20220324_155718.pickle,4.022179480841241,,0.05188476385043942,,0.28243078393592136,,0.009427869383978996,,2.308996843872705,,0.8393113115184221,,0.8392497406512259,,0.8370963312365834,,2.3089738277533995,,0.16485684315253113,,57.975869177469306,
2026-07-22 08:17:07,1,60,59,23460,5999947,347856050,100000,5797307,391,0,0.0,100000,0,0.0,4.020976253135496,4.002129345926759,99999,5797935,391,0,0.0,99999,0,0.0,0.0002473388537397484,37.67207908630371,gen10e5__20220324_155824.pickle,4.020976253135496,4.002129345926759,0.051809400201631516,0.052241702945545004,0.2826370048789438,0.28593423318445,0.009481318246117849,0.009424623935348013,2.311469427854891,2.34046136398622,0.838115405969307,0.8370642947614331,0.8380537468682702,0.8370025399647749,0.8362235870392131,0.8300380655358766,2.3114464351484845,2.3404379666239006,0.16552690270677423,0.16649524742536448,57.97314447372396,57.97999519777839
2026-07-22 08:17:34,1,61,60,23851,6099945,353653363,99998,5797313,391,0,0.0,99998,0,0.0,4.022342431604669,,0,0,0,0,0.0,0,0,0.0,0.000245624578027591,24.739070653915405,gen10e5__20220324_161450.pickle,4.022342431604669,,0.05187368671566612,,0.2822514918362317,,0.009800657834355863,,2.312856171138513,,0.8356176953362229,,0.8355558151780985,,0.8349423014722795,,2.3128331656192964,,0.1686215270474189,,57.974364416082715,
2026-07-22 08:17:59,1,62,61,24242,6199945,359451679,100000,5798316,391,0,0.0,100000,0,0.0,4.022471314552458,,0,0,0,0,0.0,0,0,0.0,0.00024388985100315248,24.810527086257935,gen10e5__20220324_155158.pickle,4.022471314552458,,0.05196957156892835,,0.28216009407647535,,0.009904699999964912,,2.315935472590153,,0.8335535336817927,,0.8334914894439364,,0.833515491378471,,2.3159124753883478,,0.17040257813164075,,57.983212392777055,
2026-07-22 08:18:25,1,63,62,24633,6299945,365248823,100000,5797144,391,0,0.0,100000,0,0.0,4.021606605257246,,0,0,0,0,0.0,0,0,0.0,0.00024213511269905008,24.7819082736969,gen10e5__20220324_162529.pickle,4.021606605257246,,0.051980078209510575,,0.2820020477838992,,0.009683791986944496,,2.325413861239554,,0.832983564312452,,0.8329215087908493,,0.833063975281475,,2.325390982431784,,0.16997282955845944,,57.97151718695447,
2026-07-22 08:18:50,1,64,63,25024,6399944,371046732,99999,5797909,391,0,0.0,99999,0,0.0,4.021293473893938,,0,0,0,0,0.0,0,0,0.0,0.00024036080822398284,24.725281238555908,gen10e5__20220324_154428.pickle,4.021293473893938,,0.05196080137046396,,0.28154315245624584,,0.009590242681936565,,2.329205248882878,,0.8312044500301735,,0.8311422883039271,,0.8311013014672644,,2.329182385730708,,0.17193163548202434,,57.97972945734078,
2026-07-22 08:19:28,1,65,64,25415,6499943,376844505,99999,5797773,391,0,0.0,99999,0,0.0,4.021110799878846,4.0015315504936915,99999,5797935,391,0,0.0,99999,0,0.0,0.00023856738764982443,37.76442909240723,gen10e5__20220324_160102.pickle,4.021110799878846,4.0015315504936915,0.052004450361426355,0.052372784099034855,0.28152852767409436,0.28466336385640795,0.009492729353330454,0.008694496881724934,2.3328258927365555,2.3512857899209227,0.8300792771958003,0.8299680792470253,0.8300170418275326,0.8299058370263678,0.8302707246900968,0.8249399429045348,2.332803081081866,2.351262415376315,0.17256752707264889,0.17205367657168752,57.9783768274312,57.97999519777839
2026-07-22 08:19:55,1,66,65,25806,6599942,382641813,99999,5797308,391,0,0.0,99999,0,0.0,4.019350652381728,,0,0,0,0,0.0,0,0,0.0,0.00023675530589745768,24.890183687210083,gen10e5__20220324_162048.pickle,4.019350652381728,,0.05220008970082227,,0.2818414872104227,,0.009301275324570204,,2.336067365401032,,0.8298869362393542,,0.8298246735525393,,0.8298173282603233,,2.3360446139316524,,0.17059890685911186,,57.97373682022975,
2026-07-22 08:20:20,1,67,66,26197,6699941,388439186,99999,5797373,391,0,0.0,99999,0,0.0,4.021232634877559,,0,0,0,0,0.0,0,0,0.0,0.00023492502262137887,24.73503613471985,gen10e5__20220324_155351.pickle,4.021232634877559,,0.051946113822993405,,0.2808880859318389,,0.009049267895397615,,2.333928552276918,,0.8280980225870562,,0.8280355877212913,,0.8286115253938255,,2.333905782359344,,0.1718200743720326,,57.97438887878074,
2026-07-22 08:20:45,1,68,67,26588,6799940,394236735,99999,5797549,391,0,0.0,99999,0,0.0,4.0222832673510345,,0,0,0,0,0.0,0,0,0.0,0.00023307700209310118,24.748587131500244,gen10e5__20220324_154223.pickle,4.0222832673510345,,0.05186553799155964,,0.2808576490044626,,0.009190888280518334,,2.3360555814156525,,0.8270129213770651,,0.8269503833629701,,0.8279710976179083,,2.3360328134707857,,0.17222923594786405,,57.976139057993514,
2026-07-22 08:21:10,1,69,68,26979,6899938,400033881,99998,5797146,391,0,0.0,99998,0,0.0,4.020620158295313,,0,0,0,0,0.0,0,0,0.0,0.0002312117130833872,24.7246356010437,gen10e5__20220324_155605.pickle,4.020620158295313,,0.05194556045797986,,0.2809154799971176,,0.009094608688240502,,2.3416286712894006,,0.825156544172118,,0.8250938738294293,,0.8274156892285562,,2.341605950959857,,0.17447776037949508,,57.97270664926112,
2026-07-22 08:21:48,1,70,69,27370,6999937,405831768,99999,5797887,391,0,0.0,99999,0,0.0,4.021175999719119,4.003008532291547,99999,5797935,391,0,0.0,99999,0,0.0,0.00022932962874334004,37.7314989566803,gen10e5__20220324_154235.pickle,4.021175999719119,4.003008532291547,0.052005325100665,0.05240262221139702,0.28094843325840385,0.2848620162675375,0.00951931886090334,0.010204322128153018,2.3447300353936384,2.36594407484429,0.8222693125937945,0.8204620273341204,0.8222064117968566,0.8203989788829835,0.8266077503486986,0.8203814247913815,2.3447073489981727,2.3659208654594046,0.1779523657698817,0.18036491986553294,57.97950630077065,57.97999519777839
2026-07-22 08:22:15,1,71,70,27761,7099936,411629330,99999,5797562,391,0,0.0,99999,0,0.0,4.021245585617537,,0,0,0,0,0.0,0,0,0.0,0.00022743122648438338,24.700664043426514,gen10e5__20220324_154036.pickle,4.021245585617537,,0.05190647347724364,,0.2808312749549613,,0.009744895302087163,,2.347252845975825,,0.8195374793013375,,0.8194743627316566,,0.8262455837578759,,2.3472301886618125,,0.18131847777012183,,57.97626328224236,
2026-07-22 08:22:40,1,72,71,28152,7199936,417427468,100000,5798138,391,0,0.0,100000,0,0.0,4.0207247599894105,,0,0,0,0,0.0,0,0,0.0,0.00022551698785716072,24.76786184310913,gen10e5__20220324_154545.pickle,4.0207247599894105,,0.051900282109384056,,0.2812359020653689,,0.00979992844541188,,2.3479127321850037,,0.8192435375205789,,0.8191803763574163,,0.8256746775918948,,2.347890062513375,,0.180042643314994,,57.981433382147856,
2026-07-22 08:23:06,1,73,72,28543,7299936,423225829,100000,5798361,391,0,0.0,100000,0,0.0,4.020930327586588,,0,0,0,0,0.0,0,0,0.0,0.00022358739842938492,24.836243152618408,gen10e5__20220324_154729.pickle,4.020930327586588,,0.05191760183471703,,0.28096991293206147,,0.010002484275975065,,2.3524163272894327,,0.8173237474512102,,0.8172604610934804,,0.8247524073089236,,2.352393665318377,,0.1825639410094903,,57.983661286056744,
2026-07-22 08:23:31,1,74,73,28934,7399936,429023516,100000,5797687,391,0,0.0,100000,0,0.0,4.022556779896219,,0,0,0,0,0.0,0,0,0.0,0.00022164294766266826,24.849111557006836,gen10e5__20220324_162430.pickle,4.022556779896219,,0.05200039234458511,,0.28048653920466476,,0.010428744407591586,,2.356243706360773,,0.8141855354104937,,0.8141219670936509,,0.8241520068762973,,2.3562210769626075,,0.18667054171484987,,57.97693456715476,
2026-07-22 08:24:10,1,75,74,29325,7499936,434821315,100000,5797799,391,0,0.0,100000,0,0.0,4.022197968227299,4.005045871112446,99999,5797935,391,0,0.0,99999,0,0.0,0.00021968412878836557,38.579808473587036,gen10e5__20220324_154755.pickle,4.022197968227299,4.005045871112446,0.05197334345650535,0.05245764196134641,0.2805254313158686,0.2822047024914116,0.01054393166001669,0.009131721578733095,2.3556419666691455,2.384520836284725,0.8126323669627805,0.8120430696033587,0.8125686381204171,0.8119792850828499,0.8229220562570657,0.8166922326635839,2.3556193272747117,2.3844977173999085,0.18746571726152592,0.18744911371459616,57.97805336007143,57.97999519777839
2026-07-22 08:24:37,1,76,75,29716,7599935,440618658,99999,5797343,391,0,0.0,99999,0,0.0,4.022142430889347,,0,0,0,0,0.0,0,0,0.0,0.0002177114386824603,24.725541591644287,gen10e5__20220324_155726.pickle,4.022142430889347,,0.05200813522188092,,0.28023928367937423,,0.010313770013812866,,2.3573366986042306,,0.8120171044787658,,0.8119533273854284,,0.8220711064801823,,2.3573140744797674,,0.18684183924676218,,57.97408359163953,
2026-07-22 08:25:02,1,77,76,30107,7699933,446416097,99998,5797439,391,0,0.0,99998,0,0.0,4.020733849055072,,0,0,0,0,0.0,0,0,0.0,0.0002157253777395267,24.713295936584473,gen10e5__20220324_155737.pickle,4.020733849055072,,0.05210214339034934,,0.28097803150494766,,0.010418822218941751,,2.3597766008473964,,0.8125801847090629,,0.8125164517622859,,0.8212399881690351,,2.3597540001525874,,0.18474165919971297,,57.975625752190965,
2026-07-22 08:25:27,1,78,77,30498,7799931,452212421,99998,5796324,391,0,0.0,99998,0,0.0,4.021455734925099,,0,0,0,0,0.0,0,0,0.0,0.0002137264497457989,24.66940450668335,gen10e5__20220324_155353.pickle,4.021455734925099,,0.0519241158598888,,0.2800752562838972,,0.00985674502834499,,2.3596346590973534,,0.8107068575769337,,0.8106429556904768,,0.8208641705156204,,2.3596120547303174,,0.1871796101156614,,57.96451055525666,
2026-07-22 08:25:52,1,79,78,30889,7899931,458010097,100000,5797676,391,0,0.0,100000,0,0.0,4.0210552904905095,,0,0,0,0,0.0,0,0,0.0,0.00021171516175138045,25.03737711906433,gen10e5__20220324_162745.pickle,4.0210552904905095,,0.052035505032656436,,0.28037784164330204,,0.010222651423785067,,2.3650298440175,,0.8093897535967748,,0.8093257610264926,,0.8199669389173183,,2.365007300834918,,0.18844024962053219,,57.976825884904564,
2026-07-22 08:26:31,1,80,79,31280,7999931,463807879,100000,5797782,391,0,0.0,100000,0,0.0,4.018412283564764,3.999791493693274,99999,5797935,391,0,0.0,99999,0,0.0,0.000209692023941625,38.38336110115051,gen10e5__20220324_161838.pickle,4.018412283564764,3.999791493693274,0.051993675923519174,0.052535255583762465,0.2808074606075249,0.2851892313361762,0.01004463984894609,0.010780623328527346,2.3719093824990303,2.3899079761710307,0.8086210712351688,0.8082671918139132,0.8085570145767864,0.8082030845147206,0.8196748362952085,0.8131347298061031,2.3718868981424452,2.3898849643246085,0.18820161119523635,0.18765354412744814,57.97788690748503,57.97999519777839
2026-07-22 08:26:58,1,81,80,31671,8099930,469605098,99999,5797219,391,0,0.0,99999,0,0.0,4.018338482555514,,0,0,0,0,0.0,0,0,0.0,0.0002076575495077226,24.727500438690186,gen10e5__20220324_154738.pickle,4.018338482555514,,0.05192834672683209,,0.28089512260586635,,0.009749820140748077,,2.370109429986788,,0.8090284448151779,,0.8089644010630958,,0.8184012475995073,,2.370086943190118,,0.18521211954201167,,57.9728476213929,
2026-07-22 08:27:23,1,82,81,32062,8199930,475402151,100000,5797053,391,0,0.0,100000,0,0.0,4.0195922273807225,,0,0,0,0,0.0,0,0,0.0,0.0002056122545165226,24.686748504638672,gen10e5__20220324_162251.pickle,4.0195922273807225,,0.05194518633814248,,0.2804973635358448,,0.00986263647595792,,2.369874909609085,,0.8087588802442444,,0.8086947907408284,,0.8175302777561789,,2.36985242219877,,0.18404625738042227,,57.97062794435703,
2026-07-22 08:27:48,1,83,82,32453,8299929,481199643,99999,5797492,391,0,0.0,99999,0,0.0,4.019046717053388,,0,0,0,0,0.0,0,0,0.0,0.00020355665777962818,24.637455463409424,gen10e5__20220324_161539.pickle,4.019046717053388,,0.05197902791423529,,0.2807339808070909,,0.010374149214710917,,2.3717021269312495,,0.8066552285264622,,0.8065909462417106,,0.8176027177830839,,2.371679624256904,,0.1866219816352219,,57.97557618584251,
2026-07-22 08:28:13,1,84,83,32844,8399928,486997171,99999,5797528,391,0,0.0,99999,0,0.0,4.020157665574173,,0,0,0,0,0.0,0,0,0.0,0.00020149128072179362,24.671111583709717,gen10e5__20220324_155722.pickle,4.020157665574173,,0.05206270637329195,,0.28032879718358705,,0.010441181010514555,,2.373247300877922,,0.8042055135075412,,0.8041409957334158,,0.816434725546963,,2.3732247923322274,,0.18957902587225334,,57.9759259140275,
2026-07-22 08:28:51,1,85,84,33235,8499927,492795023,99999,5797852,391,0,0.0,99999,0,0.0,4.019550751345764,4.003415203065656,99999,5797935,391,0,0.0,99999,0,0.0,0.00019941664724865935,37.60208058357239,gen10e5__20220324_155846.pickle,4.019550751345764,4.003415203065656,0.05204755102951307,0.05248403048667831,0.28070611106458165,0.2828582907896018,0.010722828844376593,0.0103031384343172,2.37127114661874,2.391015026640911,0.8033286182136682,0.8026697900851614,0.803264034180811,0.8026051618473967,0.8158465960964134,0.810980182389692,2.3712486128013093,2.3909917767640954,0.19024164883810127,0.19133953654411884,57.97916797057988,57.97999519777839
2026-07-22 08:29:19,1,86,85,33626,8599926,498592429,99999,5797406,391,0,0.0,99999,0,0.0,4.020724564247557,,0,0,0,0,0.0,0,0,0.0,0.00019733328361385758,25.163360357284546,gen10e5__20220324_154722.pickle,4.020724564247557,,0.051996012999411804,,0.28037244620320606,,0.010885484320726226,,2.3657477003669167,,0.8019563867452296,,0.801891689581992,,0.8157633514472717,,2.3657251061294717,,0.191999432280849,,57.97471990463278,
2026-07-22 08:29:44,1,87,86,34017,8699926,504390199,100000,5797770,391,0,0.0,100000,0,0.0,4.018881312325836,,0,0,0,0,0.0,0,0,0.0,0.00019524171828552215,25.228789806365967,gen10e5__20220324_162637.pickle,4.018881312325836,,0.05205311677208001,,0.2807819668250465,,0.010740283912787906,,2.3685981759045043,,0.801235395539291,,0.8011706287557403,,0.8143812756806267,,2.368575604271305,,0.1917510571470588,,57.97776029754759,
2026-07-22 08:30:10,1,88,87,34408,8799926,510188197,100000,5797998,391,0,0.0,100000,0,0.0,4.019713227622899,,0,0,0,0,0.0,0,0,0.0,0.00019314248181223672,25.83465003967285,gen10e5__20220324_154814.pickle,4.019713227622899,,0.05221146990270257,,0.2807193842532974,,0.011057495131773747,,2.371646611334322,,0.7995847941314097,,0.7995198592028537,,0.8133501607162233,,2.371624090356793,,0.19319052130987466,,57.98003857727055,
2026-07-22 08:30:35,1,89,88,34799,8899924,515985276,99998,5797079,391,0,0.0,99998,0,0.0,4.021559224357175,,0,0,0,0,0.0,0,0,0.0,0.00019103610668845547,24.753125190734863,gen10e5__20220324_154403.pickle,4.021559224357175,,0.052006536078643056,,0.2796807208568241,,0.010950283705875185,,2.3745372344991167,,0.7970793150182165,,0.7970141743936091,,0.8126422248734319,,2.3745147183861497,,0.19660363605235673,,57.972034412045055,
2026-07-22 08:31:13,1,90,89,35190,8999924,521783106,100000,5797830,391,0,0.0,100000,0,0.0,4.023154524347107,4.006039909765372,99999,5797935,391,0,0.0,99999,0,0.0,0.0001889231272194299,37.62387180328369,gen10e5__20220324_155038.pickle,4.023154524347107,4.006039909765372,0.052115532500178696,0.052434185235213704,0.27937127369677733,0.2814320908231792,0.01130443794822085,0.010162560750952745,2.3680429893524826,2.397513229906475,0.7949098742402487,0.794373489769343,0.7948445298772767,0.7943080640901787,0.8117323646106712,0.8064344627073147,2.3680204582246267,2.397490223165426,0.1994146030990507,0.19940370182031456,57.97836717573644,57.97999519777839
2026-07-22 08:31:41,1,91,90,35581,9099924,527580648,100000,5797542,391,0,0.0,100000,0,0.0,4.021118348213579,,0,0,0,0,0.0,0,0,0.0,0.0001868040793856764,25.657748222351074,gen10e5__20220324_155735.pickle,4.021118348213579,,0.05208948866370015,,0.2800428790477898,,0.011204258171628179,,2.3737514748278503,,0.7951002609396925,,0.7950348856713538,,0.811646651043409,,2.3737290018626154,,0.19735559685839105,,57.97549153562622,
2026-07-22 08:32:06,1,92,91,35972,9199924,533378192,100000,5797544,391,0,0.0,100000,0,0.0,4.022964283336256,,0,0,0,0,0.0,0,0,0.0,0.00018467950070701885,24.672043085098267,gen10e5__20220324_160052.pickle,4.022964283336256,,0.05203048018482617,,0.2799042259841504,,0.0116188921341956,,2.377937563178335,,0.7937353654655147,,0.7936698936459164,,0.8111680451233644,,2.3779151207115503,,0.19887955325097495,,57.97550721477922,
2026-07-22 08:32:31,1,93,92,36363,9299924,539176132,100000,5797940,391,0,0.0,100000,0,0.0,4.022818838736928,,0,0,0,0,0.0,0,0,0.0,0.00018254993010624097,24.6779522895813,gen10e5__20220324_155711.pickle,4.022818838736928,,0.05198122047511774,,0.27968716375667035,,0.01128991780924998,,2.379141744794382,,0.7934044361976198,,0.793338976441777,,0.8102578422606477,,2.3791193037789595,,0.19859700502906555,,57.97946501796328,
2026-07-22 08:32:56,1,94,93,36754,9399924,544973522,100000,5797390,391,0,0.0,100000,0,0.0,4.01991521571784,,0,0,0,0,0.0,0,0,0.0,0.00018041590777238245,24.67631959915161,gen10e5__20220324_154533.pickle,4.01991521571784,,0.05206135839992889,,0.2803504747237221,,0.011249396746240484,,2.379241419218991,,0.7937439319249565,,0.7936784992263745,,0.810336129201265,,2.3792189897944707,,0.1966261426826305,,57.97397140539751,
2026-07-22 08:33:34,1,95,94,37145,9499923,550770861,99999,5797339,391,0,0.0,99999,0,0.0,4.0216768947927575,4.005817174956075,99999,5797935,391,0,0.0,99999,0,0.0,0.00017827797502371418,37.59829831123352,gen10e5__20220324_154002.pickle,4.0216768947927575,4.005817174956075,0.052071475972233244,0.05224601476863098,0.27952731796094704,0.2835296806828898,0.011400680560163759,0.012707867038143026,2.375195468328509,2.3887585925068504,0.7909592519517803,0.788766679960913,0.7908935314308233,0.7887007262304062,0.8086300569838719,0.8030843154306976,2.3751729900817926,2.3887354921606225,0.20108986942772356,0.2044733679478748,57.9740421363739,57.97999519777839
2026-07-22 08:34:02,1,96,95,37536,9599923,556568484,100000,5797623,391,0,0.0,100000,0,0.0,4.021756896986888,,0,0,0,0,0.0,0,0,0.0,0.0001761366741704267,25.14047384262085,gen10e5__20220324_162153.pickle,4.021756896986888,,0.05198492517891312,,0.2793449561835393,,0.011382324800301925,,2.370101640908128,,0.7889912110011277,,0.788925314326963,,0.8085932998874965,,2.3700791426675205,,0.20343396831375085,,57.97629918289896,
2026-07-22 08:34:28,1,97,96,37927,9699921,562365673,99998,5797189,391,0,0.0,99998,0,0.0,4.022321460299225,,0,0,0,0,0.0,0,0,0.0,0.00017399254837706756,25.671607494354248,gen10e5__20220324_161808.pickle,4.022321460299225,,0.05217097413202466,,0.27910776041784346,,0.011380153897240678,,2.3744494935308214,,0.788779181988886,,0.7887132697453665,,0.8076620697080655,,2.374426997577215,,0.2024764581729659,,57.97312560463032,
2026-07-22 08:34:53,1,98,97,38318,9799918,568163156,99997,5797483,391,0,0.0,99997,0,0.0,4.022190697181878,,0,0,0,0,0.0,0,0,0.0,0.00017184614152476133,24.743128299713135,gen10e5__20220324_161847.pickle,4.022190697181878,,0.052207138434114925,,0.27910548066844004,,0.011433778723795838,,2.3779564770266814,,0.7875498236884999,,0.7874838012091205,,0.8070935294632162,,2.377934018902281,,0.2034993100732781,,57.97664601347796,
2026-07-22 08:35:18,1,99,98,38709,9899918,573960632,100000,5797476,391,0,0.0,100000,0,0.0,4.023376175965269,,0,0,0,0,0.0,0,0,0.0,0.00016969799807324835,24.795719146728516,gen10e5__20220324_155756.pickle,4.023376175965269,,0.05193725645862266,,0.27852003846090684,,0.011305867691414194,,2.3716776555632912,,0.7859621768980823,,0.7858959757372954,,0.8069502232192324,,2.371655154736707,,0.20515184443007634,,57.97483931072979,
2026-07-22 08:35:56,1,100,99,39100,9999915,579758069,99997,5797437,391,0,0.0,99997,0,0.0,4.021643453812493,4.004897059025252,99999,5797935,391,0,0.0,99999,0,0.0,0.00016754866292277657,37.743563175201416,gen10e5__20220324_153929.pickle,4.021643453812493,4.004897059025252,0.05205817645401502,0.05255957464353749,0.27894333494786694,0.2819007936044352,0.011409937398053668,0.011164152472318764,2.3680725653721453,2.3961307252094697,0.7855102757387675,0.7860550899892369,0.7854440108524929,0.7859888871217834,0.806049887357844,0.8000123349805515,2.3680500224369636,2.39610740743149,0.20464121035108365,0.20336918907610851,57.97617720514363,57.97999519777839
2026-07-22 08:36:24,1,101,100,39491,10099914,585555267,99999,5797198,391,0,0.0,99999,0,0.0,4.021621795513479,,0,0,0,0,0.0,0,0,0.0,0.00016539868127588136,25.621266841888428,gen10e5__20220324_162422.pickle,4.021621795513479,,0.051969589196811876,,0.2792467665316007,,0.011463189752826227,,2.369869748795259,,0.7866209250219951,,0.7865547876383894,,0.8057494595549023,,2.3698472150050978,,0.20231840734358156,,57.97263802594805,
2026-07-22 08:36:50,1,102,101,39882,10199913,591353193,99999,5797926,391,0,0.0,99999,0,0.0,4.023045315620545,,0,0,0,0,0.0,0,0,0.0,0.00016324859849908913,25.50472593307495,gen10e5__20220324_162820.pickle,4.023045315620545,,0.051944091240864555,,0.2790844249454128,,0.011343233647008647,,2.372993382992652,,0.7856900388236198,,0.7856238431701135,,0.8057437703782528,,2.3729708754495067,,0.2033763798477537,,57.97989370196774,
2026-07-22 08:37:15,1,103,102,40273,10299912,597150761,99999,5797568,391,0,0.0,99999,0,0.0,4.023483064201856,,0,0,0,0,0.0,0,0,0.0,0.00016109895998457903,24.645586252212524,gen10e5__20220324_162104.pickle,4.023483064201856,,0.052062002224235855,,0.27913555542160234,,0.011506647958088197,,2.3775634688729075,,0.7844117181852351,,0.7843454070435535,,0.8049467111730818,,2.3775409903767026,,0.20438345525321758,,57.97633062879771,
2026-07-22 08:37:40,1,104,103,40664,10399907,602947914,99995,5797153,391,0,0.0,99995,0,0.0,4.024499258311404,,0,0,0,0,0.0,0,0,0.0,0.00015895031101183802,24.653257608413696,gen10e5__20220324_154811.pickle,4.024499258311404,,0.05208349657274551,,0.2786212152107103,,0.011567219623996185,,2.384203827451566,,0.7825170087582516,,0.7824504954676754,,0.8046732350746068,,2.3841814018390934,,0.20645403781826852,,57.97451778606348,
2026-07-22 08:38:18,1,105,104,41055,10499905,608745591,99998,5797677,391,0,0.0,99998,0,0.0,4.025904442270083,4.00928911093878,99999,5797935,391,0,0.0,99999,0,0.0,0.00015680319660934503,37.569669008255005,gen10e5__20220324_154803.pickle,4.025904442270083,4.00928911093878,0.051990650455699665,0.0523132801794588,0.27842166186210004,0.2805388085283985,0.01180296703339498,0.011060319389291211,2.3819029732577994,2.3936815443541417,0.7820641880209452,0.7819123695100818,0.7819976403870692,0.7818457932940382,0.804719475770303,0.7997843477523988,2.3818805346743686,2.3936581789565543,0.20689661201525267,0.20656460684857098,57.977999046055906,57.97999519777839
2026-07-22 08:38:46,1,106,105,41446,10599905,614543235,100000,5797644,391,0,0.0,100000,0,0.0,4.02544809092841,,0,0,0,0,0.0,0,0,0.0,0.0001546581614163183,25.290130138397217,gen10e5__20220324_160152.pickle,4.02544809092841,,0.052043209065690176,,0.27854828398274306,,0.012063443660152646,,2.37380394124842,,0.7812047597947299,,0.7811381215471118,,0.8042148646844229,,2.3737814172228786,,0.20800836461095312,,57.97651106828834,
2026-07-22 08:39:11,1,107,106,41837,10699904,620340602,99999,5797367,391,0,0.0,99999,0,0.0,4.024750224142631,,0,0,0,0,0.0,0,0,0.0,0.00015251574954456177,24.739355325698853,gen10e5__20220324_155525.pickle,4.024750224142631,,0.05200498747119053,,0.27879782642254197,,0.012295600489951746,,2.371538789589746,,0.7802279841028104,,0.7801612486917152,,0.8042511330103854,,2.3715162628924604,,0.20893144546464876,,57.97433826896654,
2026-07-22 08:39:36,1,108,107,42228,10799901,626137467,99997,5796865,391,0,0.0,99997,0,0.0,4.022941934887025,,0,0,0,0,0.0,0,0,0.0,0.0001503765044404449,24.723074436187744,gen10e5__20220324_154120.pickle,4.022941934887025,,0.05203502204162457,,0.2790539954250425,,0.011939647616578257,,2.3737755238879736,,0.7811680377640431,,0.7811013487642546,,0.8038276457013276,,2.3737530291704143,,0.20593726974378643,,57.97047795109404,
2026-07-22 08:40:01,1,109,108,42619,10899901,631934943,100000,5797476,391,0,0.0,100000,0,0.0,4.02406692292088,,0,0,0,0,0.0,0,0,0.0,0.0001482409687470518,24.730014085769653,gen10e5__20220324_164213.pickle,4.02406692292088,,0.05187757541372575,,0.2785895634079528,,0.0117196229113496,,2.37284885957989,,0.780473180924148,,0.7804063866899199,,0.8029280548254731,,2.3728263701111247,,0.20587627615902285,,57.97484409729553,
2026-07-22 08:40:39,1,110,109,43010,10999899,637732388,99998,5797445,391,0,0.0,99998,0,0.0,4.02572529463535,4.011505285742049,99999,5797935,391,0,0.0,99999,0,0.0,0.00014610968416653355,37.71045255661011,gen10e5__20220324_155730.pickle,4.02572529463535,4.011505285742049,0.05192373513069133,0.05245643440100582,0.2783210071282221,0.28149053540168356,0.012333735188342942,0.013085368817509548,2.373372231825964,2.3886638774019233,0.7775685635840192,0.7758063767828834,0.7775015359706693,0.7757392392539543,0.801647154608774,0.7966288973147553,2.3733496925409927,2.3886405705861398,0.2104242185889845,0.21369827447137846,57.97568858795232,57.97999519777839
2026-07-22 08:41:08,1,111,110,43401,11099897,643529852,99998,5797464,391,0,0.0,99998,0,0.0,4.028450330913149,,0,0,0,0,0.0,0,0,0.0,0.00014398319132269974,24.769623517990112,gen10e5__20220324_164351.pickle,4.028450330913149,,0.052006014743683875,,0.2780679791815405,,0.013014603708787688,,2.3742322082447287,,0.7754155480969209,,0.7753483713699822,,0.8015254522837368,,2.3742096830000854,,0.21370300782085178,,57.97587138289043,
2026-07-22 08:41:33,1,112,111,43792,11199896,649327466,99999,5797614,391,0,0.0,99999,0,0.0,4.025851634466264,,0,0,0,0,0.0,0,0,0.0,0.00014186202962388313,24.705554246902466,gen10e5__20220324_162040.pickle,4.025851634466264,,0.05202433237381272,,0.2783285587198959,,0.0127188572019499,,2.3752314031809214,,0.7750232381830856,,0.7749560273640891,,0.8004826700629399,,2.375208890165303,,0.21322188026465091,,57.97679312962841,
2026-07-22 08:41:58,1,113,112,44183,11299896,655124730,100000,5797264,391,0,0.0,100000,0,0.0,4.022556114731136,,0,0,0,0,0.0,0,0,0.0,0.00013974673712611283,24.74280047416687,gen10e5__20220324_155637.pickle,4.022556114731136,,0.052049035239710655,,0.27862181923757195,,0.012067110841709878,,2.3715846410228774,,0.7754219375545133,,0.7753547304902055,,0.7996926284765563,,2.371562084037125,,0.2112369358094104,,57.97272481561664,
2026-07-22 08:42:24,1,114,113,44574,11399896,660922454,100000,5797724,391,0,0.0,100000,0,0.0,4.022736239886758,,0,0,0,0,0.0,0,0,0.0,0.00013763785039663042,26.16106414794922,gen10e5__20220324_155447.pickle,4.022736239886758,,0.05211476065886568,,0.2787559394681425,,0.0119065201445424,,2.3752994906116367,,0.7757495771893973,,0.7756824076778427,,0.7994139067208353,,2.3752769909794673,,0.20989860551785833,,57.97730264901149,
2026-07-22 08:43:02,1,115,114,44965,11499896,666720345,100000,5797891,391,0,0.0,100000,0,0.0,4.02134957381501,4.004700110747719,99999,5797935,391,0,0.0,99999,0,0.0,0.00013553590437778384,37.69713521003723,gen10e5__20220324_164123.pickle,4.02134957381501,4.004700110747719,0.052006841464449526,0.052541119771599885,0.2790481562702588,0.2798567228285106,0.011800745299608225,0.009471405282040992,2.379931141965972,2.400216993516496,0.7754729199598759,0.7760036694107137,0.7754057311505816,0.7759365433305073,0.7996031512017109,0.7937224937878151,2.3799086655420068,2.400193857764589,0.20914448808843403,0.2077081977092808,57.97898186774402,57.97999519777839
2026-07-22 08:43:31,1,116,115,45356,11599895,672517313,99999,5796968,391,0,0.0,99999,0,0.0,4.021485658141081,,0,0,0,0,0.0,0,0,0.0,0.0001334414322513333,25.455989360809326,gen10e5__20220324_154100.pickle,4.021485658141081,,0.052075153429202437,,0.27894957475825716,,0.011665485859535854,,2.3786868682010502,,0.7762483964040967,,0.7761812599488769,,0.7988092206965858,,2.3786643860478955,,0.20661605638092229,,57.970350277561046,
2026-07-22 08:43:56,1,117,116,45747,11699895,678315063,100000,5797750,391,0,0.0,100000,0,0.0,4.022006299665349,,0,0,0,0,0.0,0,0,0.0,0.0001313549653032039,24.82967233657837,gen10e5__20220324_155422.pickle,4.022006299665349,,0.05218300171202629,,0.2792557030203508,,0.012601413249654638,,2.3693723576586305,,0.7739349742791595,,0.7738675877528668,,0.7976430366912104,,2.3693497819752882,,0.20990116886471433,,57.97756587011125,
2026-07-22 08:44:21,1,118,117,46138,11799895,684112752,100000,5797689,391,0,0.0,100000,0,0.0,4.022077884225459,,0,0,0,0,0.0,0,0,0.0,0.00012927703278871908,24.728523015975952,gen10e5__20220324_162212.pickle,4.022077884225459,,0.05220838833393243,,0.27911437103973663,,0.012666577763964054,,2.3646350995983187,,0.7734608128746644,,0.7733933846327923,,0.7974612866103769,,2.3646124763147305,,0.21016855325494244,,57.976958509756,
2026-07-22 08:44:46,1,119,118,46529,11899894,689910528,99999,5797776,391,0,0.0,99999,0,0.0,4.0229539319081535,,0,0,0,0,0.0,0,0,0.0,0.00012720816179834915,24.732868194580078,gen10e5__20220324_162533.pickle,4.0229539319081535,,0.05215413606018369,,0.2789869555665793,,0.012930884610807193,,2.364605260896828,,0.7717904304877651,,0.7717228492284892,,0.797259081334962,,2.3645825991695073,,0.21238452892496243,,57.978406376481686,
2026-07-22 08:45:24,1,120,119,46920,11999894,695707884,100000,5797356,391,0,0.0,100000,0,0.0,4.023273737866573,4.006245386600628,99999,5797935,391,0,0.0,99999,0,0.0,0.00012514887712400906,37.68026900291443,gen10e5__20220324_154058.pickle,4.023273737866573,4.006245386600628,0.052038377215949734,0.052544396971847124,0.27855198921214197,0.2814788729230516,0.012737003378162129,0.012327017306403992,2.3635240599029492,2.374259070000571,0.7708060597916555,0.77038501629939,0.7707383396890262,0.7703172621288867,0.7970339705284933,0.7920395547439605,2.363501412185157,2.3742355932981316,0.21276159359159943,0.21318901397510523,57.973647539714655,57.97999519777839
2026-07-22 08:45:53,1,121,120,47311,12099893,701505732,99999,5797848,391,0,0.0,99999,0,0.0,4.023051201183958,,0,0,0,0,0.0,0,0,0.0,0.0001230997011259391,25.364699363708496,gen10e5__20220324_162331.pickle,4.023051201183958,,0.052060005395078386,,0.2786914831290114,,0.012771874566571749,,2.358992295274312,,0.7702677228043106,,0.7701999854656812,,0.7965366615627717,,2.3589696082811393,,0.21369309707757841,,57.97913070100535,
2026-07-22 08:46:18,1,122,121,47702,12199892,707303016,99999,5797284,391,0,0.0,99999,0,0.0,4.021464368498957,,0,0,0,0,0.0,0,0,0.0,0.00012106115360020245,24.804611682891846,gen10e5__20220324_155338.pickle,4.021464368498957,,0.05227792859136418,,0.278851429307336,,0.012757045936091432,,2.357788932334757,,0.7705683329727574,,0.7705006423313712,,0.7965669096931409,,2.3577662266775747,,0.2129084125432967,,57.97350606874702,
2026-07-22 08:46:43,1,123,122,48093,12299891,713100806,99999,5797790,391,0,0.0,99999,0,0.0,4.023125231188732,,0,0,0,0,0.0,0,0,0.0,0.00011903375164683323,25.18277645111084,gen10e5__20220324_154801.pickle,4.023125231188732,,0.05218108937227822,,0.27849574038498626,,0.012857033706260653,,2.3543833358977446,,0.7700895905366697,,0.7700218143941576,,0.7959849841100254,,2.354360564066426,,0.21281306233298453,,57.97854259850521,
2026-07-22 08:47:10,1,124,123,48484,12399891,718898662,100000,5797856,391,0,0.0,100000,0,0.0,4.0225109709560565,,0,0,0,0,0.0,0,0,0.0,0.00011701800953866838,26.41910982131958,gen10e5__20220324_154830.pickle,4.0225109709560565,,0.0519562745887884,,0.2789027036850556,,0.013140877459218221,,2.3570155087422813,,0.7688790889030835,,0.7688111837385622,,0.7952467305968227,,2.3569927582818164,,0.21386001601695487,,57.9786250956927,
2026-07-22 08:47:49,1,125,124,48875,12499890,724696587,99999,5797925,391,0,0.0,99999,0,0.0,4.022909496055727,4.006591757222437,99999,5797935,391,0,0.0,99999,0,0.0,0.00011501443859089663,38.43244981765747,gen10e5__20220324_154032.pickle,4.022909496055727,4.006591757222437,0.05214072235612347,0.052504727533222086,0.2789169729284669,0.2813555934915753,0.013278320966807452,0.012471803982662009,2.3582389074560357,2.378503677065911,0.7681144008621178,0.7676423319988449,0.7680464083671594,0.7675742959251475,0.7956221044878542,0.7906593315823734,2.3582161929855694,2.3784798519290287,0.21431001239089723,0.21483566193831377,57.97988717744387,57.97999519777839
2026-07-22 08:48:16,1,126,125,49266,12599888,730494120,99998,5797533,391,0,0.0,99998,0,0.0,4.022777214360678,,0,0,0,0,0.0,0,0,0.0,0.00011302354703135788,25.137731313705444,gen10e5__20220324_154806.pickle,4.022777214360678,,0.05224653282471873,,0.2791148266095882,,0.013431461399938449,,2.3578915325378125,,0.7682596945682368,,0.7681917559545415,,0.7956488315109437,,2.3578688176944578,,0.2138758393078741,,57.97656378884711,
2026-07-22 08:48:41,1,127,126,49657,12699886,736291623,99998,5797503,391,0,0.0,99998,0,0.0,4.022960527823873,,0,0,0,0,0.0,0,0,0.0,0.00011104583987162547,24.776597499847412,gen10e5__20220324_155619.pickle,4.022960527823873,,0.05214814010627192,,0.27908106888982825,,0.013511278406975892,,2.3571084428427347,,0.767567347025033,,0.7674993823446683,,0.7951136543172392,,2.357085672849636,,0.21509371464553573,,57.97626219762736,
2026-07-22 08:49:07,1,128,127,50048,12799886,742089328,100000,5797705,391,0,0.0,100000,0,0.0,4.022890411923743,,0,0,0,0,0.0,0,0,0.0,0.00010908181877890453,24.830431938171387,gen10e5__20220324_155621.pickle,4.022890411923743,,0.05216460615351958,,0.2790947573730901,,0.013717184329976649,,2.3464353406283642,,0.7661589016254887,,0.7660908139812821,,0.7939427688802337,,2.3464124951505156,,0.21785307051907304,,57.977120418095396,
2026-07-22 08:49:33,1,129,128,50439,12899886,747887183,100000,5797855,391,0,0.0,100000,0,0.0,4.0229034148361835,,0,0,0,0,0.0,0,0,0.0,0.00010713198194877857,25.68661856651306,gen10e5__20220324_162412.pickle,4.0229034148361835,,0.05233556161771058,,0.2789834435959247,,0.013781791242468495,,2.339180112923994,,0.7646193624130211,,0.7645511268301096,,0.7927655860231857,,2.3391572030145293,,0.21987744338301182,,57.97861499465643,
2026-07-22 08:50:11,1,130,129,50830,12999885,753684891,99999,5797708,391,0,0.0,99999,0,0.0,4.022609416938405,4.00564011327785,99999,5797935,391,0,0.0,99999,0,0.0,0.00010519682397883666,37.67700433731079,gen10e5__20220324_155319.pickle,4.022609416938405,4.00564011327785,0.05218251718683686,0.052614421773723476,0.27833261814539956,0.2816400622617321,0.013267072675496447,0.01280229269886295,2.33691400060703,2.359330716178635,0.7639770598925122,0.7643795537776537,0.7639087437840592,0.7643112787260555,0.792056699049196,0.7869019355176059,2.3368910611387363,2.3593068275651987,0.219980170576886,0.21906843685429134,57.97772250985864,57.97999519777839
2026-07-22 08:50:38,1,131,130,51221,13099885,759482457,100000,5797566,391,0,0.0,100000,0,0.0,4.021987195956581,,0,0,0,0,0.0,0,0,0.0,0.00010327683574321323,25.002788066864014,gen10e5__20220324_154331.pickle,4.021987195956581,,0.05228832210390528,,0.2786224358005018,,0.012969050986048867,,2.3329066648304018,,0.7648844923689976,,0.764816270175485,,0.79170908305591,,2.3328837097279265,,0.21827578516996854,,57.97573043072084,
2026-07-22 08:51:04,1,132,131,51612,13199884,765280452,99999,5797995,391,0,0.0,99999,0,0.0,4.0236609813567785,,0,0,0,0,0.0,0,0,0.0,0.0001013725042680726,25.015031814575195,gen10e5__20220324_154150.pickle,4.0236609813567785,,0.05213422888310652,,0.2788219318571326,,0.013554240590016677,,2.333600397828054,,0.7644019857200635,,0.764333755110201,,0.7916999175036046,,2.3335774537150242,,0.21925087656178202,,57.98058461710147,
2026-07-22 08:51:28,1,133,132,52003,13299882,771078006,99998,5797554,391,0,0.0,99998,0,0.0,4.023313023723511,,0,0,0,0,0.0,0,0,0.0,9.948431260806927e-05,24.639659881591797,gen10e5__20220324_162151.pickle,4.023313023723511,,0.052291535055993266,,0.2787416184482269,,0.013713674724476144,,2.328636692284883,,0.7633106139445269,,0.7632422842162415,,0.7907692783758791,,2.3286136902159944,,0.22061812108266987,,57.976768009620955,
2026-07-22 08:51:54,1,134,133,52394,13399881,776874745,99999,5796739,391,0,0.0,99999,0,0.0,4.022524924805181,,0,0,0,0,0.0,0,0,0.0,9.761273972381588e-05,25.580638885498047,gen10e5__20220324_164257.pickle,4.022524924805181,,0.052289226493889854,,0.27870054017751766,,0.013599359142000285,,2.3268586745757185,,0.7630403413528464,,0.7629719784571922,,0.7901273417851427,,2.326835676989264,,0.22028811632039025,,57.96808695816411,
2026-07-22 08:52:34,1,135,134,52785,13499881,782672366,100000,5797621,391,0,0.0,100000,0,0.0,4.0244327482784765,4.009482538801108,99999,5797935,391,0,0.0,99999,0,0.0,9.575826036038953e-05,39.06613063812256,gen10e5__20220324_155203.pickle,4.0244327482784765,4.009482538801108,0.05222573153717251,0.052521112730794677,0.2786038565776408,0.2830487963890601,0.014115023771491306,0.01567767309123372,2.3259695559804356,2.3462359180068932,0.7618852634766273,0.7611177620560353,0.7618168097620994,0.7610492449853908,0.7895109559946915,0.7836220989299159,2.3259465605943657,2.3462119439415616,0.22224770149259943,0.22358286999098156,57.976300255842474,57.97999519777839
2026-07-22 08:53:02,1,136,135,53176,13599880,788470378,99999,5798012,391,0,0.0,99999,0,0.0,4.024261071966338,,0,0,0,0,0.0,0,0,0.0,9.392134492690751e-05,24.699443817138672,gen10e5__20220324_162202.pickle,4.024261071966338,,0.052096131921383695,,0.2784280837116373,,0.014184423473477814,,2.325343257017928,,0.7609361625872761,,0.7608676143886534,,0.7893146594452812,,2.3253202396612,,0.22357300680595363,,57.980762262476404,
2026-07-22 08:53:28,1,137,136,53567,13699877,794267734,99997,5797356,391,0,0.0,99997,0,0.0,4.024465379881711,,0,0,0,0,0.0,0,0,0.0,9.210245937720277e-05,26.26932454109192,gen10e5__20220324_155404.pickle,4.024465379881711,,0.05218585826402958,,0.2785832979432419,,0.014359646667839437,,2.3266947909386686,,0.7600297621711675,,0.7599610988410498,,0.7897812893938435,,2.3266717705485966,,0.2242665593328259,,57.97537224431491,
2026-07-22 08:53:53,1,138,137,53958,13799876,800065359,99999,5797625,391,0,0.0,99999,0,0.0,4.023626361036791,,0,0,0,0,0.0,0,0,0.0,9.030206509162974e-05,24.68476438522339,gen10e5__20220324_154210.pickle,4.023626361036791,,0.05214428300126034,,0.2786601043485253,,0.013955873431255202,,2.325704083360338,,0.760641570649427,,0.7605729699374885,,0.788946934729107,,2.325681043430035,,0.22296771655854847,,57.97689408041547,
2026-07-22 08:54:18,1,139,138,54349,13899876,805862954,100000,5797595,391,0,0.0,100000,0,0.0,4.024700083375499,,0,0,0,0,0.0,0,0,0.0,8.852061876002992e-05,24.67520761489868,gen10e5__20220324_162351.pickle,4.024700083375499,,0.052153866970329026,,0.2787890367388279,,0.014106355028435817,,2.3251867846642345,,0.7603944300143791,,0.7603257960086195,,0.7890093707669162,,2.3251637191031675,,0.22283022706323502,,57.97602378456606,
2026-07-22 08:54:57,1,140,139,54740,13999876,811660710,100000,5797756,391,0,0.0,100000,0,0.0,4.025839965083559,4.009962763875052,99999,5797935,391,0,0.0,99999,0,0.0,8.67585722658876e-05,38.339123487472534,gen10e5__20220324_162320.pickle,4.025839965083559,4.009962763875052,0.05231731008154375,0.05268254956447627,0.2789132216874505,0.28090028562845565,0.014581754039382513,0.013471691561385361,2.3214423748428064,2.3428874873379493,0.7601107519825546,0.760434616090394,0.7600421038191656,0.7603660143290399,0.7881525497819333,0.7827839640478361,2.3214192753388803,2.342863642449277,0.22290431325762497,0.22204966771221457,57.97764364835723,57.97999519777839
2026-07-22 08:55:26,1,141,140,55131,14099876,817458564,100000,5797854,391,0,0.0,100000,0,0.0,4.0242338479294,,0,0,0,0,0.0,0,0,0.0,8.501637257170465e-05,25.224583387374878,gen10e5__20220324_155823.pickle,4.0242338479294,,0.05220914465567853,,0.27908074811056655,,0.014358776896929562,,2.3214606647523035,,0.7604876586286935,,0.760419053300792,,0.788150834662126,,2.321437603453793,,0.22169038911969605,,57.97860398406678,
2026-07-22 08:55:51,1,142,141,55522,14199875,823256210,99999,5797646,391,0,0.0,99999,0,0.0,4.023916786347249,,0,0,0,0,0.0,0,0,0.0,8.32944616056235e-05,25.00625967979431,gen10e5__20220324_160218.pickle,4.023916786347249,,0.052271042168829975,,0.27868431546688455,,0.014200720900556853,,2.320631154181609,,0.7584842520148677,,0.7584154319907432,,0.7871758732760681,,2.3206080693113624,,0.22462162876533429,,57.97710337550145,
2026-07-22 08:56:18,1,143,142,55913,14299875,829054291,100000,5798081,391,0,0.0,100000,0,0.0,4.024516682268468,,0,0,0,0,0.0,0,0,0.0,8.159327614932723e-05,26.00698208808899,gen10e5__20220324_161727.pickle,4.024516682268468,,0.05215311712520241,,0.2785762028611001,,0.014276146430706418,,2.317215157898665,,0.7574941329147555,,0.7574252132844027,,0.7866813458500868,,2.3171920410387443,,0.22572293820557549,,57.98087437585492,
2026-07-22 08:56:44,1,144,143,56304,14399872,834851776,99997,5797485,391,0,0.0,99997,0,0.0,4.024057698202667,,0,0,0,0,0.0,0,0,0.0,7.991324772724505e-05,25.549764394760132,gen10e5__20220324_155446.pickle,4.024057698202667,,0.05225300257540009,,0.2789860441724137,,0.014417665048066082,,2.3190852055326032,,0.7574405168006559,,0.7573715952716618,,0.786295435082232,,2.3190621006636096,,0.22518874430165314,,57.97665444248131,
2026-07-22 08:57:22,1,145,144,56695,14499871,840649221,99999,5797445,391,0,0.0,99999,0,0.0,4.0248456655182,4.009212065404314,99999,5797935,391,0,0.0,99999,0,0.0,7.825480249709143e-05,38.48380756378174,gen10e5__20220324_155938.pickle,4.0248456655182,4.009212065404314,0.05218936922771951,0.05264115545349967,0.27878784699082215,0.2815428262070603,0.014366415301628016,0.014010718222031756,2.309781209270749,2.3215186484453785,0.7572024934558157,0.7569748101869374,0.7571335456720043,0.7569058398721574,0.7861930667771142,0.7809100887245711,2.3097580053787286,2.3214944001858613,0.22510221458669047,0.22497615623992168,57.975108938749095,57.97999519777839
2026-07-22 08:57:50,1,146,145,57086,14599869,846446885,99998,5797664,391,0,0.0,99998,0,0.0,4.025349383690687,,0,0,0,0,0.0,0,0,0.0,7.661836114176645e-05,24.7651469707489,gen10e5__20220324_162458.pickle,4.025349383690687,,0.05221258037105041,,0.27860386908585294,,0.01466620739203515,,2.304721304302132,,0.7558248606201702,,0.7557557358280179,,0.7862495657681458,,2.304698039994188,,0.22628199644665276,,57.97786629174518,
2026-07-22 08:58:15,1,147,146,57477,14699867,852244968,99998,5798083,391,0,0.0,99998,0,0.0,4.026227940221364,,0,0,0,0,0.0,0,0,0.0,7.5004338762645e-05,24.86454176902771,gen10e5__20220324_163802.pickle,4.026227940221364,,0.05206237961671787,,0.2782577951691779,,0.01500141596966998,,2.3069650348616983,,0.7541268965215874,,0.7540575934769189,,0.7861955027908633,,2.306941769333059,,0.22856155852442137,,57.98204889915232,
2026-07-22 08:58:40,1,148,147,57868,14799867,858042802,100000,5797834,391,0,0.0,100000,0,0.0,4.025015078726627,,0,0,0,0,0.0,0,0,0.0,7.341314477428167e-05,24.829460382461548,gen10e5__20220324_154317.pickle,4.025015078726627,,0.05219000720487451,,0.27848800407392754,,0.015061108431096235,,2.3022173814023885,,0.7542688858048119,,0.7541995995011976,,0.7856263810298462,,2.3021940682618207,,0.2282141073393754,,57.97840148956921,
2026-07-22 08:59:05,1,149,148,58259,14899867,863840503,100000,5797701,391,0,0.0,100000,0,0.0,4.0239454794621485,,0,0,0,0,0.0,0,0,0.0,7.184518280055834e-05,24.822628259658813,gen10e5__20220324_160129.pickle,4.0239454794621485,,0.052238637089983775,,0.2785779668611738,,0.014799878383569139,,2.2994184227501115,,0.7540057401160466,,0.7539364161752534,,0.7846818510891672,,2.299395083382145,,0.22786473197432466,,57.97708173531306,
2026-07-22 08:59:43,1,150,149,58650,14999866,869637805,99999,5797302,391,0,0.0,99999,0,0.0,4.024735790576261,4.010415429571534,99999,5797935,391,0,0.0,99999,0,0.0,7.030085057230043e-05,37.66493892669678,gen10e5__20220324_154154.pickle,4.024735790576261,4.010415429571534,0.0521149318730007,0.05277879057151093,0.2784480524917885,0.2818841868644888,0.015069292267600449,0.01569317333950751,2.300349034948313,2.3175458479357043,0.7528267007728089,0.7522327887464577,0.7527572366305331,0.7521632551359028,0.7845327587451992,0.7789751948097611,2.3003257248832853,2.317521822835559,0.22953232484646274,0.23050340736196842,57.97368227819596,57.97999519777839
2026-07-22 09:00:11,1,151,150,59041,15099866,875435301,100000,5797496,391,0,0.0,100000,0,0.0,4.023942355820518,,0,0,0,0,0.0,0,0,0.0,6.878053982638824e-05,24.733352422714233,gen10e5__20220324_155234.pickle,4.023942355820518,,0.05223099731313967,,0.27865207567879896,,0.015159944620029274,,2.302774125549778,,0.7519763503226151,,0.7519067804906004,,0.7841560967764484,,2.3027508279005495,,0.23064739632457432,,57.97502900471427,
2026-07-22 09:00:37,1,152,151,59432,15199865,881233135,99999,5797834,391,0,0.0,99999,0,0.0,4.0240435182199885,,0,0,0,0,0.0,0,0,0.0,6.728463620638827e-05,25.97314763069153,gen10e5__20220324_155255.pickle,4.0240435182199885,,0.0521824182399908,,0.2789506067338813,,0.015079435572183797,,2.3014348695523466,,0.752121830809983,,0.7520522743153631,,0.7837093386257071,,2.3014115769280834,,0.2302228896089093,,57.97897643662791,
2026-07-22 09:01:03,1,153,152,59823,15299864,887030641,99999,5797506,391,0,0.0,99999,0,0.0,4.022781378659336,,0,0,0,0,0.0,0,0,0.0,6.581351916473091e-05,24.70414161682129,gen10e5__20220324_154523.pickle,4.022781378659336,,0.05229145050176689,,0.27896048351839087,,0.014829615925035391,,2.293477674611882,,0.752191887524431,,0.7521223737098665,,0.7838029503098086,,2.293454310226131,,0.2298949552690774,,57.975708339607586,
2026-07-22 09:01:28,1,154,153,60214,15399864,892827785,100000,5797144,391,0,0.0,100000,0,0.0,4.022491751511548,,0,0,0,0,0.0,0,0,0.0,6.436756186645785e-05,24.7425274848938,gen10e5__20220324_163039.pickle,4.022491751511548,,0.052346982856921166,,0.2791827318188885,,0.01500110978534803,,2.2863620917266942,,0.7529039462879409,,0.7528345140323549,,0.7833818644507081,,2.2863386644729182,,0.22837504351072754,,57.97151806427225,
2026-07-22 09:02:06,1,155,154,60605,15499864,898625774,100000,5797989,391,0,0.0,100000,0,0.0,4.023193518795748,4.007423986085062,99999,5797935,391,0,0.0,99999,0,0.0,6.294713109456475e-05,37.65043091773987,gen10e5__20220324_154650.pickle,4.023193518795748,4.007423986085062,0.0522053419484626,0.05263132444107449,0.278982623534055,0.2814552664277866,0.014939196213895249,0.014058550846837149,2.2844547635353973,2.295687164796216,0.7529938216366484,0.7530570164410917,0.752924421711612,0.7529876346304447,0.7831297925482308,0.7774820181889435,2.2844312986553548,2.2956628796787797,0.22824321597318883,0.2280583890437045,57.979950716128684,57.97999519777839
2026-07-22 09:02:38,1,156,155,60996,15599861,904423555,99997,5797781,391,0,0.0,99997,0,0.0,4.023285861484675,,0,0,0,0,0.0,0,0,0.0,6.155258715696267e-05,24.699390649795532,gen10e5__20220324_154128.pickle,4.023285861484675,,0.05214305223009826,,0.2783974834975751,,0.014596412129088054,,2.287168939071005,,0.752441398316865,,0.7523719638135965,,0.7833756503930395,,2.287145498986686,,0.22923178251221113,,57.97961492522419,
2026-07-22 09:03:04,1,157,156,61387,15699861,910221326,100000,5797771,391,0,0.0,100000,0,0.0,4.023368849583911,,0,0,0,0,0.0,0,0,0.0,6.0184283795082003e-05,25.58102583885193,gen10e5__20220324_161941.pickle,4.023368849583911,,0.05211261339349752,,0.2784165078088861,,0.014618235232047267,,2.2837221271877137,,0.752363400374229,,0.7522939839282401,,0.7831201885365889,,2.2836986623032995,,0.22962893582418828,,57.977778995933306,
2026-07-22 09:03:30,1,158,157,61778,15799861,916018564,100000,5797238,391,0,0.0,100000,0,0.0,4.022632753938738,,0,0,0,0,0.0,0,0,0.0,5.8842568094142126e-05,25.512702465057373,gen10e5__20220324_154104.pickle,4.022632753938738,,0.05228714045439392,,0.2785653115633273,,0.014533950214899524,,2.2799663559988805,,0.752331493955279,,0.7522620427270572,,0.782838369980365,,2.2799428518214633,,0.22902480116997878,,57.97247137747967,
2026-07-22 09:03:57,1,159,158,62169,15899861,921816310,100000,5797746,391,0,0.0,100000,0,0.0,4.0215507549897085,,0,0,0,0,0.0,0,0,0.0,5.752778039510931e-05,26.599005937576294,gen10e5__20220324_154144.pickle,4.0215507549897085,,0.05227290021587001,,0.27889452974995604,,0.014560611318234717,,2.2799116225298643,,0.7516853184517203,,0.7516158078275481,,0.7824789903014753,,2.27988812711788,,0.2298444825018057,,57.97752066061535,
2026-07-22 09:04:36,1,160,159,62560,15999861,927614097,100000,5797787,391,0,0.0,100000,0,0.0,4.020619086580746,4.005810811376856,99999,5797935,391,0,0.0,99999,0,0.0,5.6240254208365557e-05,38.48541522026062,gen10e5__20220324_162518.pickle,4.020619086580746,4.005810811376856,0.05229115836735794,0.05271221524463052,0.2793201237454592,0.2823535966898685,0.01479081731412624,0.014937380221048553,2.287085964168178,2.3058606116295577,0.7514938710224933,0.751250175951366,0.7514243625705881,0.7511806338559979,0.7822502752992955,0.7765524989280244,2.28706253993002,2.305836327115659,0.22996016994169324,0.23015183811994905,57.97793853770777,57.97999519777839
2026-07-22 09:05:08,1,161,160,62951,16099860,933411028,99999,5796931,391,0,0.0,99999,0,0.0,4.021603812326866,,0,0,0,0,0.0,0,0,0.0,5.498031612911e-05,25.373255252838135,gen10e5__20220324_154649.pickle,4.021603812326866,,0.052352701522716524,,0.27893358600684587,,0.014838296243505928,,2.282071012389675,,0.7509982765349328,,0.7509286994955926,,0.7813347521633066,,2.28204753343244,,0.2302490704836673,,57.96997716845972,
2026-07-22 09:05:34,1,162,161,63342,16199857,939208496,99997,5797468,391,0,0.0,99997,0,0.0,4.020352602951611,,0,0,0,0,0.0,0,0,0.0,5.3748285754514426e-05,25.570998191833496,gen10e5__20220324_162712.pickle,4.020352602951611,,0.0522227977710405,,0.2792131195760395,,0.014672617169774032,,2.278743537224455,,0.751310607238697,,0.7512410597255885,,0.7809307391807112,,2.278720015337148,,0.22893180259838242,,57.976491083809165,
2026-07-22 09:06:00,1,163,162,63733,16299857,945006091,100000,5797595,391,0,0.0,100000,0,0.0,4.02007813412674,,0,0,0,0,0.0,0,0,0.0,5.2544475602653916e-05,25.668034076690674,gen10e5__20220324_155230.pickle,4.02007813412674,,0.052213201927476555,,0.27972466441667954,,0.014809016796665216,,2.27912220224427,,0.7511459897635959,,0.7510764196886495,,0.7805218818600865,,2.27909867141916,,0.22859909691833988,,57.9760231001663,
2026-07-22 09:06:26,1,164,163,64124,16399856,950804017,99999,5797926,391,0,0.0,99999,0,0.0,4.021134763794515,,0,0,0,0,0.0,0,0,0.0,5.1369191033233234e-05,25.812438488006592,gen10e5__20220324_160053.pickle,4.021134763794515,,0.052194353311294905,,0.2791586725148589,,0.014642688700219503,,2.2777704895292232,,0.7502949106670314,,0.7502252835982207,,0.7807240581588099,,2.277746929656735,,0.2297319199650211,,57.9799008731743,
2026-07-22 09:07:04,1,165,164,64515,16499856,956602238,100000,5798221,391,0,0.0,100000,0,0.0,4.019780872670502,4.004803611590948,99999,5797935,391,0,0.0,99999,0,0.0,5.022273017012898e-05,37.66805362701416,gen10e5__20220324_162129.pickle,4.019780872670502,4.004803611590948,0.05227120494701204,0.05267961745476441,0.27927474003006075,0.2828283654038468,0.014460172442626755,0.014829426644210922,2.274895399863516,2.2848408842220804,0.7510324664169818,0.7511362503123329,0.7509629494194935,0.7510667454800414,0.7808103432590956,0.7755269726087742,2.274871824120476,2.284816504500013,0.22872261112593145,0.2285148526209178,57.98225963066409,57.97999519777839
2026-07-22 09:07:33,1,166,165,64906,16599855,962400261,99999,5798023,391,0,0.0,99999,0,0.0,4.020332443928695,,0,0,0,0,0.0,0,0,0.0,4.9105383825767093e-05,24.76481795310974,gen10e5__20220324_155719.pickle,4.020332443928695,,0.052221248279653874,,0.27930620801340483,,0.01459605808765671,,2.275009741237406,,0.7507141001260285,,0.7506445480027748,,0.780666664456924,,2.274986142068333,,0.22907299694507638,,57.98086799438468,
2026-07-22 09:08:00,1,167,166,65297,16699855,968197893,100000,5797632,391,0,0.0,100000,0,0.0,4.02067371695155,,0,0,0,0,0.0,0,0,0.0,4.801743542735521e-05,26.657824277877808,gen10e5__20220324_154356.pickle,4.02067371695155,,0.05224443337461418,,0.27924502687659297,,0.014876812522524673,,2.2759542305995213,,0.749514904149894,,0.7494452069344893,,0.7803946240166771,,2.2759306670704076,,0.23107017004461033,,57.97639724934249,
2026-07-22 09:08:26,1,168,167,65688,16799855,973995661,100000,5797768,391,0,0.0,100000,0,0.0,4.020741987403839,,0,0,0,0,0.0,0,0,0.0,4.695916094498811e-05,25.44451642036438,gen10e5__20220324_160048.pickle,4.020741987403839,,0.052358424481927054,,0.2792953781925906,,0.015009923016322261,,2.2731254026060284,,0.7485968075661534,,0.7485269886569547,,0.7804460873552468,,2.27310177778231,,0.2322568939317565,,57.97774720563802,
2026-07-22 09:08:51,1,169,168,66079,16899855,979793614,100000,5797953,391,0,0.0,100000,0,0.0,4.020061158759552,,0,0,0,0,0.0,0,0,0.0,4.5930828821644965e-05,24.806105613708496,gen10e5__20220324_162758.pickle,4.020061158759552,,0.052253269054644544,,0.27944742292043856,,0.015014243990668013,,2.2699614998758535,,0.7480094381149526,,0.7479395604367413,,0.7795504266901967,,2.2699378577727587,,0.23307701686339197,,57.9795957883487,
2026-07-22 09:09:29,1,170,169,66470,16999854,985591177,99999,5797563,391,0,0.0,99999,0,0.0,4.019447418890934,4.003910331731206,99999,5797935,391,0,0.0,99999,0,0.0,4.493269990509573e-05,37.733309745788574,gen10e5__20220324_154505.pickle,4.019447418890934,4.003910331731206,0.05238166424905645,0.052999903911644594,0.27960601904940924,0.2816204351288173,0.015109462782996482,0.013695645434344858,2.2650069238245374,2.2767747060259396,0.7472172212893473,0.7473921594306534,0.747147301005113,0.7473222630622561,0.7793441283659759,0.7736361834802139,2.2649832192921804,2.276750106413683,0.23484784046692816,0.23437047099175104,57.97627796301545,57.97999519777839
2026-07-22 09:10:00,1,171,170,66861,17099853,991388204,99999,5797027,391,0,0.0,99999,0,0.0,4.018964359470835,,0,0,0,0,0.0,0,0,0.0,4.396502738173431e-05,25.07809615135193,gen10e5__20220324_163829.pickle,4.018964359470835,,0.052521921794134285,,0.27963728242328667,,0.014908185437141239,,2.2610557838442658,,0.7471774910285836,,0.7471075576312003,,0.7784093616404315,,2.2610320286496863,,0.2343735766697309,,57.970944723449406,
2026-07-22 09:10:25,1,172,171,67252,17199852,997185693,99999,5797489,391,0,0.0,99999,0,0.0,4.0192183336798255,,0,0,0,0,0.0,0,0,0.0,4.302805671235495e-05,24.768524408340454,gen10e5__20220324_154434.pickle,4.0192183336798255,,0.052438563952347986,,0.2797890293473494,,0.015086875862144957,,2.2621732946515745,,0.7471473534682935,,0.7470773900906056,,0.7781819569771695,,2.2621495768186892,,0.2336478930617455,,57.975558131279605,
2026-07-22 09:10:51,1,173,172,67643,17299852,1002982848,100000,5797155,391,0,0.0,100000,0,0.0,4.0197470257315775,,0,0,0,0,0.0,0,0,0.0,4.212202556988852e-05,24.81823468208313,gen10e5__20220324_155706.pickle,4.0197470257315775,,0.05233860371133515,,0.2795001322726121,,0.01502670275403199,,2.264636302900533,,0.7471065609770661,,0.7470365892674217,,0.7780923515242826,,2.2646126010317547,,0.23366262622694828,,57.97163832207889,
2026-07-22 09:11:16,1,174,173,68034,17399852,1008780468,100000,5797620,391,0,0.0,100000,0,0.0,4.020045167361828,,0,0,0,0,0.0,0,0,0.0,4.124716377911407e-05,24.78919816017151,gen10e5__20220324_154351.pickle,4.020045167361828,,0.05247273854143153,,0.27939121986126586,,0.015064826095027118,,2.263019693162797,,0.746621875185559,,0.7465518613863728,,0.7779887776514209,,2.26299594736381,,0.23455879873649083,,57.97626484822651,
2026-07-22 09:11:54,1,175,174,68425,17499852,1014578162,100000,5797694,391,0,0.0,100000,0,0.0,4.020225874150784,4.005361867649948,99999,5797935,391,0,0.0,99999,0,0.0,4.0403693258361266e-05,37.70868277549744,gen10e5__20220324_154321.pickle,4.020225874150784,4.005361867649948,0.05231079766063314,0.05285467974881039,0.2794256030240632,0.2823222367221502,0.01502699001787879,0.014788196980324832,2.261598409733078,2.270321010025919,0.7461419103022104,0.7462110867676095,0.7460718782839627,0.7461410684391138,0.7777685188265283,0.7725320903343523,2.2615746572248403,2.270296271860773,0.23509274326170818,0.23477129391149879,57.97701430139725,57.97999519777839
2026-07-22 09:12:24,1,176,175,68816,17599851,1020375454,99999,5797292,391,0,0.0,99999,0,0.0,4.019857938498514,,0,0,0,0,0.0,0,0,0.0,3.959182796321835e-05,24.764046907424927,gen10e5__20220324_154121.pickle,4.019857938498514,,0.052368415940298486,,0.2793213946160354,,0.014822871901977753,,2.258532851042804,,0.7464309261451401,,0.7463609189813036,,0.777897467278895,,2.2585090690045035,,0.23416400882712873,,57.973578981466694,
2026-07-22 09:12:50,1,177,176,69207,17699851,1026173566,100000,5798112,391,0,0.0,100000,0,0.0,4.019375053937823,,0,0,0,0,0.0,0,0,0.0,3.8811773832259994e-05,25.376821994781494,gen10e5__20220324_154557.pickle,4.019375053937823,,0.05235428318146118,,0.2794593198252514,,0.014769307901108149,,2.2566578509557282,,0.7468614940438626,,0.7467915238226965,,0.7773669610427545,,2.2566340490121335,,0.23299321499945808,,57.98118442895394,
2026-07-22 09:13:15,1,178,177,69598,17799850,1031971568,99999,5798002,391,0,0.0,99999,0,0.0,4.019443558330971,,0,0,0,0,0.0,0,0,0.0,3.806372873480866e-05,24.850189447402954,gen10e5__20220324_155720.pickle,4.019443558330971,,0.052402534070487214,,0.2790737194144874,,0.014558094348401614,,2.257245307846411,,0.74613606852512,,0.7460660137747936,,0.7769608701203654,,2.257221514812522,,0.23401955374671118,,57.98065167429504,
2026-07-22 09:13:40,1,179,178,69989,17899850,1037768772,100000,5797204,391,0,0.0,100000,0,0.0,4.019576404457861,,0,0,0,0,0.0,0,0,0.0,3.73478824207429e-05,24.831010341644287,gen10e5__20220324_155817.pickle,4.019576404457861,,0.05248340372994983,,0.2791564350236251,,0.014860176202880623,,2.2566913589587636,,0.7450177888482923,,0.7449476151653208,,0.776508344340538,,2.2566675750887755,,0.23576094691824245,,57.97211992194858,
2026-07-22 09:14:19,1,180,179,70380,17999849,1043566735,99999,5797963,391,0,0.0,99999,0,0.0,4.020338000365436,4.005413810887719,99999,5797935,391,0,0.0,99999,0,0.0,3.666441647236518e-05,37.708603858947754,gen10e5__20220324_161429.pickle,4.020338000365436,4.005413810887719,0.05234907471101338,0.05279000161007812,0.2790110085553365,0.2818205418967541,0.014766769429518411,0.014541054327616085,2.252837487970875,2.265442707811718,0.7445104581294193,0.7442976711628522,0.7444402208020992,0.7442274182673415,0.776163013852948,0.7705929395764696,2.252813661377937,2.265417928766909,0.2363640568070992,0.23676057824932964,57.980265282877646,57.97999519777839
2026-07-22 09:14:51,1,181,180,70771,18099849,1049364197,100000,5797462,391,0,0.0,100000,0,0.0,4.020647054338306,,0,0,0,0,0.0,0,0,0.0,3.601350425834156e-05,25.61328363418579,gen10e5__20220324_162234.pickle,4.020647054338306,,0.05242121426762444,,0.27882843888362613,,0.01482697946019597,,2.2507634344391656,,0.743744917590765,,0.7436746228876656,,0.7762123382886799,,2.2507395773167325,,0.23785322456708283,,57.97470044057641,
2026-07-22 09:15:16,1,182,181,71162,18199849,1055162434,100000,5798237,391,0,0.0,100000,0,0.0,4.019270122706401,,0,0,0,0,0.0,0,0,0.0,3.539531088972481e-05,25.3107807636261,gen10e5__20220324_155642.pickle,4.019270122706401,,0.05240023788032353,,0.27917326525734804,,0.015123921142221781,,2.2499774404905337,,0.7435295614204612,,0.7434592467348403,,0.7765048960233827,,2.2499535697117157,,0.23836525527341818,,57.982433490683654,
2026-07-22 09:15:43,1,183,182,71553,18299848,1060960167,99999,5797733,391,0,0.0,99999,0,0.0,4.0200208237896335,,0,0,0,0,0.0,0,0,0.0,3.480999317807213e-05,26.491374731063843,gen10e5__20220324_161911.pickle,4.0200208237896335,,0.05251104155167644,,0.2791511668453754,,0.015039305809507783,,2.2491628077967283,,0.7437860698604791,,0.7437157772992331,,0.7762912608989514,,2.249138919188777,,0.2375527007442199,,57.97797695843466,
2026-07-22 09:16:09,1,184,183,71944,18399848,1066757935,100000,5797768,391,0,0.0,100000,0,0.0,4.019768077967216,,0,0,0,0,0.0,0,0,0.0,3.4257699595668296e-05,25.41539478302002,gen10e5__20220324_155814.pickle,4.019768077967216,,0.05255643165153658,,0.27897593349828875,,0.014866048330187507,,2.246661773063432,,0.7434154327507159,,0.7433451223928542,,0.775928452812151,,2.2466378944305134,,0.23819163432991458,,57.97774681755764,
2026-07-22 09:16:47,1,185,184,72335,18499848,1072555048,100000,5797113,391,0,0.0,100000,0,0.0,4.01891085657348,4.004642082483361,99999,5797935,391,0,0.0,99999,0,0.0,3.373857023786386e-05,38.289796590805054,gen10e5__20220324_160111.pickle,4.01891085657348,4.004642082483361,0.05252303995775327,0.05294350452730416,0.27937870104971146,0.2821611941330919,0.014912404573009538,0.01465062315781079,2.245328888679134,2.2601548274274843,0.7437568361760687,0.7438239634594571,0.7436865690921052,0.7437536954213493,0.7751222582097173,0.7699958291871403,2.245304979913934,2.26012994545349,0.23721703511310588,0.23691989062061808,57.97120801026843,57.97999519777839
2026-07-22 09:17:19,1,186,185,72726,18599847,1078353196,99999,5798148,391,0,0.0,99999,0,0.0,4.020034823628414,,0,0,0,0,0.0,0,0,0.0,3.3252736787538545e-05,25.269920349121094,gen10e5__20220324_154028.pickle,4.020034823628414,,0.052401732106120126,,0.279189826312183,,0.014979372980448253,,2.243591268710646,,0.743556446933338,,0.7434861459261515,,0.7753372200367554,,2.2435673467487285,,0.2374194517017169,,57.982121341267074,
2026-07-22 09:17:45,1,187,186,73117,18699847,1084150878,100000,5797682,391,0,0.0,100000,0,0.0,4.019292913701615,,0,0,0,0,0.0,0,0,0.0,3.280032248169839e-05,25.041225910186768,gen10e5__20220324_162152.pickle,4.019292913701615,,0.052441475467688924,,0.279375560445559,,0.015091158026059209,,2.2375041722217346,,0.7432857460970385,,0.7432154353826537,,0.775289927547684,,2.2374801908393596,,0.23780834420710978,,57.97688376794381,
2026-07-22 09:18:10,1,188,187,73508,18799845,1089948300,99998,5797422,391,0,0.0,99998,0,0.0,4.0194662696982855,,0,0,0,0,0.0,0,0,0.0,3.238144208021533e-05,24.695366144180298,gen10e5__20220324_160049.pickle,4.0194662696982855,,0.05253921453053438,,0.2793450087238447,,0.015165051436745423,,2.2343543661783984,,0.7425843538089163,,0.7425139695470989,,0.7749714873186712,,2.234330336197001,,0.23895904778796181,,57.975449090237866,
2026-07-22 09:18:35,1,189,188,73899,18899845,1095746082,100000,5797782,391,0,0.0,100000,0,0.0,4.019564112769046,,0,0,0,0,0.0,0,0,0.0,3.199620183671711e-05,24.72737717628479,gen10e5__20220324_162148.pickle,4.019564112769046,,0.05256527379605855,,0.27956107768755295,,0.01540185856089234,,2.2334382161448905,,0.7426281023367902,,0.7425577031890496,,0.7749400163662774,,2.23341418934978,,0.23887616995287636,,57.977885625863046,
2026-07-22 09:19:15,1,190,189,74290,18999844,1101543570,99999,5797488,391,0,0.0,99999,0,0.0,4.019149868503587,4.005488979881953,99999,5797935,391,0,0.0,99999,0,0.0,3.1644699471634826e-05,39.63215923309326,gen10e5__20220324_155905.pickle,4.019149868503587,4.005488979881953,0.05251119070536252,0.052830878242315714,0.2795798292340489,0.283294734379433,0.015321660631870808,0.016075857044357805,2.234842081590128,2.24695573013482,0.7424094542755274,0.7424671368807558,0.7423390386003392,0.7423967193613435,0.7748077421968812,0.7685484287616643,2.2348180739266503,2.246930855502786,0.23935431009325947,0.23913795585243933,57.97553558702924,57.97999519777839
2026-07-22 09:19:47,1,191,190,74681,19099841,1107341029,99997,5797459,391,0,0.0,99997,0,0.0,4.018435394442214,,0,0,0,0,0.0,0,0,0.0,3.132702414741511e-05,24.68310308456421,gen10e5__20220324_154239.pickle,4.018435394442214,,0.052503346426301986,,0.27999395462840293,,0.015344046311040973,,2.233433691535525,,0.7428899303626877,,0.7428195624254875,,0.7744621987886119,,2.2334096615695977,,0.2382519837930345,,57.9763979059697,
2026-07-22 09:20:12,1,192,191,75072,19199841,1113138851,100000,5797822,391,0,0.0,100000,0,0.0,4.018665346234873,,0,0,0,0,0.0,0,0,0.0,3.104325644590308e-05,24.68383765220642,gen10e5__20220324_164334.pickle,4.018665346234873,,0.052619069119723125,,0.28013218413334784,,0.015499847425349066,,2.2317936320469163,,0.7423445870181262,,0.7422741855324102,,0.774072225068878,,2.2317695947170257,,0.23925097168830117,,57.978292718692465,
2026-07-22 09:20:37,1,193,192,75463,19299841,1118936611,100000,5797760,391,0,0.0,100000,0,0.0,4.019536300123771,,0,0,0,0,0.0,0,0,0.0,3.0793468347901885e-05,24.692375659942627,gen10e5__20220324_162502.pickle,4.019536300123771,,0.05255305482555649,,0.2799709105830652,,0.01563914149298155,,2.230771597311516,,0.7418548853239919,,0.7417844354202481,,0.7741276968008796,,2.230747540691175,,0.23997799965591743,,57.97766061806629,
2026-07-22 09:21:03,1,194,193,75854,19399841,1124734702,100000,5798091,391,0,0.0,100000,0,0.0,4.01971210051515,,0,0,0,0,0.0,0,0,0.0,3.057772321491396e-05,25.62913680076599,gen10e5__20220324_155639.pickle,4.01971210051515,,0.0526499149491921,,0.2797644451813965,,0.015678132384475428,,2.229585459923227,,0.7415793000753689,,0.7415088360600667,,0.7743320639058864,,2.2295614077314547,,0.24061490712970418,,57.98096173957838,
2026-07-22 09:21:42,1,195,194,76245,19499841,1130532462,100000,5797760,391,0,0.0,100000,0,0.0,4.019874339606331,4.005055520755516,99999,5797935,391,0,0.0,99999,0,0.0,3.039607577306866e-05,38.697182416915894,gen10e5__20220324_155946.pickle,4.019874339606331,4.005055520755516,0.05259186264112599,0.05298213889781948,0.2796289982546714,0.28175149095217716,0.015665257409510278,0.014693003282460527,2.2284310871438926,2.2364604949186315,0.7415490847260034,0.7415118387784121,0.7414786485811807,0.7414413998100002,0.7743166761700332,0.7692637165553293,2.228407004413293,2.236435746620048,0.240837157384761,0.24085543245825514,57.97767067987248,57.97999519777839
2026-07-22 09:22:11,1,196,195,76636,19599841,1136329799,100000,5797337,391,0,0.0,100000,0,0.0,4.018310879124816,,0,0,0,0,0.0,0,0,0.0,3.024857209924043e-05,24.745131492614746,gen10e5__20220324_154422.pickle,4.018310879124816,,0.052641065746249265,,0.27976677349522006,,0.01563691606578648,,2.2258730061738614,,0.7412435006056214,,0.7411730240402121,,0.7743657859304717,,2.2258488978186675,,0.24127788986964616,,57.973448050776376,
2026-07-22 09:22:38,1,197,196,77027,19699841,1142127132,100000,5797333,391,0,0.0,100000,0,0.0,4.017916394063784,,0,0,0,0,0.0,0,0,0.0,3.013524960936085e-05,26.70517325401306,gen10e5__20220324_164314.pickle,4.017916394063784,,0.05248223589673352,,0.27997896197610633,,0.015600799729245055,,2.2230486000932927,,0.7413351035270445,,0.741264614444108,,0.7739621782621773,,2.223024480995219,,0.2409660210184257,,57.97340847223952,
2026-07-22 09:23:03,1,198,197,77418,19799840,1147924649,99999,5797517,391,0,0.0,99999,0,0.0,4.017680877579175,,0,0,0,0,0.0,0,0,0.0,3.0056137048927726e-05,24.674713850021362,gen10e5__20220324_162622.pickle,4.017680877579175,,0.05263235923723383,,0.2801227454220934,,0.015719023911586208,,2.219556018790866,,0.7407185951307477,,0.7406480343950376,,0.774029181294361,,2.2195318661255268,,0.24189939866471724,,57.97581381943878,
2026-07-22 09:23:28,1,199,198,77809,19899840,1153721915,100000,5797266,391,0,0.0,100000,0,0.0,4.016906971468227,,0,0,0,0,0.0,0,0,0.0,3.0011254485713408e-05,24.897565841674805,gen10e5__20220324_155245.pickle,4.016906971468227,,0.05249163971184096,,0.2800616100577745,,0.015229788702535768,,2.221811022029535,,0.741469358193177,,0.7413988583622085,,0.7737010585101843,,2.221786871789513,,0.23982208696973525,,57.972742374918624,
2026-07-22 09:24:07,1,200,199,78200,19999840,1159519681,100000,5797766,391,0,0.0,100000,0,0.0,4.0164207011544955,4.001926544619182,99999,5797935,391,0,0.0,99999,0,0.0,2.9999999999999997e-05,38.50573110580444,gen10e5__20220324_154048.pickle,4.0164207011544955,4.001926544619182,0.05253040529480998,0.05290021309148325,0.2802667743920891,0.28281678701487,0.015127977454300237,0.014651615635292615,2.2226938710129556,2.2311265343619113,0.7417325969982432,0.7415984771597133,0.7416621037592558,0.7415279749796099,0.7736444445429039,0.7681747795663542,2.222669723235707,2.2311016472791727,0.23894510958253487,0.23910061227399076,57.977723542719275,57.97999519777839
