run,architecture,objective,board_size,run_name,head,head_kind,is_headline_head,top1_legal,top1_ci_low,top1_ci_high,legal_mass,random_legal_baseline,normalized_lift,legal_precision_at_3,legal_precision_at_5,board_linear_absolute,board_linear_absolute_depth,board_linear_relative,board_linear_relative_depth,board_mlp_absolute,board_mlp_absolute_depth,board_mlp_relative,board_mlp_relative_depth,board_macro_mean,encoder_parameters,total_parameters,training_hours,training_precision
Transformer-AR 8x8,transformer,ar,8,run_001,Native AR head,native,True,0.997225868378834,0.9971428110090196,0.9973106864953067,0.9842663076958988,0.1412559548562719,0.9967695477635578,0.9677624356552285,0.9244269428927081,0.6889561592291434,0.5,0.9682953574977592,0.75,0.939379045366771,0.625,0.9651833106751501,0.75,0.8904534681922059,25312768.0,25312768.0,5.618768195311229,
Transformer-JEPA 8x8,transformer,jepa,8,jepa_v5_infonce_b8_run_001_hd_allpos_bf16,Frozen Linear,frozen,True,0.9941552957456984,0.9940371322847299,0.9942805229338932,0.977626007208091,0.1412559548562719,0.993193892537184,0.9655208124880581,0.9225624171135328,0.6902249284692461,0.5,0.9672444647505151,0.75,0.9483128340609593,0.625,0.9641389403870383,0.75,0.8924802919169397,25312768.0,50888192.0,1.3794845077726576,bf16
Transformer-JEPA 8x8,transformer,jepa,8,jepa_v5_infonce_b8_run_001_hd_allpos_bf16,Frozen MLP,frozen,False,0.9941773422740485,0.9940478651475806,0.9943085383166318,0.9758489279259562,0.1412559548562719,0.9932195655284259,0.9652960509580064,0.9222835454887715,0.6902249284692461,0.5,0.9672444647505151,0.75,0.9483128340609593,0.625,0.9641389403870383,0.75,0.8924802919169397,25312768.0,50888192.0,1.3794845077726576,bf16
Mamba-AR 8x8,mamba,ar,8,mamba_ar_8x8,Native AR head,native,True,0.9984001003964983,0.9983302782115135,0.9984647067517713,0.9934467280578727,0.1412559548562719,0.9981369307740191,0.9689762383648034,0.9256979761286975,0.6872542491816521,0.7333333333333333,0.9794086156282996,0.8,0.9181578029374838,0.7333333333333333,0.9774364298933508,0.8,0.8905642744101966,25529856.0,25529856.0,1.9977655874358282,fp16
Mamba-JEPA 8x8,mamba,jepa,8,mamba_jepa_v5_hd_infonce_allpos_b8,Frozen Linear,frozen,False,0.9971936465297069,0.9971069134651321,0.9972854413477055,0.9861368729849315,0.1412559548562719,0.9967320256994348,0.9681123536308371,0.9249509719127229,0.689191469049239,0.8,0.9804064036152611,0.8666666666666667,0.8930618225170287,0.6,0.9781606679998195,0.8,0.885205090795337,25529856.0,51322368.0,3.024312006102668,bf16
Mamba-JEPA 8x8,mamba,jepa,8,mamba_jepa_v5_hd_infonce_allpos_b8,Frozen MLP,frozen,True,0.9971916114655515,0.9971041142787493,0.9972771957962191,0.9890389693560654,0.1412559548562719,0.9967296558848586,0.9680242805765562,0.9249095244394246,0.689191469049239,0.8,0.9804064036152611,0.8666666666666667,0.8930618225170287,0.6,0.9781606679998195,0.8,0.885205090795337,25529856.0,51322368.0,3.024312006102668,bf16
Transformer-AR 12x12,transformer,ar,12,transformer_ar_b12,Native AR head,native,True,0.9941532373597305,0.9940837123409492,0.9942284842682503,0.9313122264054436,0.1185616480375324,0.993366793460652,0.9811836123628621,0.9633716331225554,0.6730458525247734,0.625,0.8916675195239668,0.875,0.7259137820782452,0.625,0.880102484029801,0.875,0.7926824095391967,25435648.0,25435648.0,1.6045510040389166,bf16
Transformer-JEPA 12x12,transformer,jepa,12,transformer_jepa_v5_hd_infonce_allpos_b12,Frozen Linear,frozen,True,0.9852300420624812,0.9851077741946715,0.985370279445945,0.9329882128042117,0.1185616480375324,0.9832433454879352,0.9727326733072421,0.9554052462485145,0.6722721835686007,0.625,0.8847530936664642,0.75,0.7583700943798042,0.75,0.8739891480900331,0.75,0.7973461299262256,25435648.0,51133952.0,4.143788271480137,bf16
Transformer-JEPA 12x12,transformer,jepa,12,transformer_jepa_v5_hd_infonce_allpos_b12,Frozen MLP,frozen,False,0.983827527413179,0.983689689127657,0.9839737088001449,0.9293742936702741,0.1185616480375324,0.9816521795871328,0.9711672686493942,0.9537610170326124,0.6722721835686007,0.625,0.8847530936664642,0.75,0.7583700943798042,0.75,0.8739891480900331,0.75,0.7973461299262256,25435648.0,51133952.0,4.143788271480137,bf16
Mamba-AR 12x12,mamba,ar,12,mamba_ar_b12,Native AR head,native,True,0.9951147395492429,0.9950482188734574,0.9951866632345028,0.9540943914685933,0.1185616480375324,0.9944576266282488,0.9826881132432073,0.965305867985375,0.6677043534484968,0.6666666666666666,0.9136731030499549,0.8,0.6667685899663148,0.7333333333333333,0.9006420346219292,0.8,0.7871970202716739,25652736.0,25652736.0,3.3994024991989136,bf16
Mamba-JEPA 12x12,mamba,jepa,12,mamba_jepa_v5_hd_infonce_allpos_b12,Frozen Linear,frozen,True,0.98991891302739,0.989813261074479,0.990037073225393,0.954703279291682,0.1185616480375324,0.9885629131632802,0.9780532829823712,0.9612715326529196,0.6706760819690888,0.8,0.9285442358398045,0.8,0.6779386949878837,0.6,0.9184564267078855,0.8,0.7989038598761656,25652736.0,51568128.0,6.074001477824317,bf16
Mamba-JEPA 12x12,mamba,jepa,12,mamba_jepa_v5_hd_infonce_allpos_b12,Frozen MLP,frozen,False,0.9888700146370639,0.9887491997900253,0.9889892112874602,0.9517425131940827,0.1185616480375324,0.9873729281938369,0.9770664402140397,0.9602773756720653,0.6706760819690888,0.8,0.9285442358398045,0.8,0.6779386949878837,0.6,0.9184564267078855,0.8,0.7989038598761656,25652736.0,51568128.0,6.074001477824317,bf16
Transformer-AR 16x16,transformer,ar,16,transformer_ar_b16,Native AR head,native,True,0.9899009366504092,0.9898254349402391,0.9899895569482071,0.8877971006674052,0.1028895383101882,0.9887426757563745,0.9811725280577159,0.9701180730509973,0.6680634861924696,0.625,0.8287771529299505,1.0,0.6703267035722074,0.875,0.8048584044215886,0.875,0.743006436779054,25607680.0,25607680.0,4.0973575711250305,bf16
Transformer-JEPA 16x16,transformer,jepa,16,transformer_jepa_v5_hd_infonce_allpos_b16,Frozen Linear,frozen,True,0.9753785294831777,0.9752617172968128,0.9755274925261177,0.8792674767688857,0.1028895383101882,0.9725546946911701,0.9648908995440143,0.9529735391176039,0.6626106609557519,0.75,0.7837415205962436,0.875,0.6570478500320821,0.875,0.7599060987507289,0.875,0.7158265325837017,25607680.0,51478016.0,8.656645748350355,bf16
Transformer-JEPA 16x16,transformer,jepa,16,transformer_jepa_v5_hd_infonce_allpos_b16,Frozen MLP,frozen,False,0.9713966987388929,0.9712617811925629,0.9715655775555555,0.8761383476295473,0.1028895383101882,0.9681161880475349,0.960915820008003,0.9490761356881229,0.6626106609557519,0.75,0.7837415205962436,0.875,0.6570478500320821,0.875,0.7599060987507289,0.875,0.7158265325837017,25607680.0,51478016.0,8.656645748350355,bf16
Mamba-AR 16x16,mamba,ar,16,mamba_ar_b16,Native AR head,native,True,0.9904866172579223,0.990412411370518,0.9905814215139441,0.9073285017618773,0.1028895383101882,0.9893955280332389,0.9823636113063601,0.9717354446009537,0.6658341571065488,0.7333333333333333,0.8334980436893495,0.7333333333333333,0.6626084707843506,0.7333333333333333,0.8140510729442983,0.7333333333333333,0.7439979361311368,25824768.0,25824768.0,4.431368655628628,bf16
Mamba-JEPA 16x16,mamba,jepa,16,mamba_jepa_v5_hd_infonce_allpos_b16,Frozen Linear,frozen,True,0.9841221150047066,0.9840262299282867,0.9842427281593625,0.9041920900290085,0.1028895383101882,0.982301081446107,0.9758174643392008,0.965547260517831,0.6618031249022283,0.8666666666666667,0.8376630440500344,0.8,0.6565803318662294,0.8666666666666667,0.812615581016808,0.8666666666666667,0.742165520458825,25824768.0,51912192.0,10.485078268580967,bf16
Mamba-JEPA 16x16,mamba,jepa,16,mamba_jepa_v5_hd_infonce_allpos_b16,Frozen MLP,frozen,False,0.9824177804499096,0.9823121007888447,0.9825538077609562,0.9011845033416312,0.1028895383101882,0.9804012768762363,0.9741007171298222,0.963761512770349,0.6618031249022283,0.8666666666666667,0.8376630440500344,0.8,0.6565803318662294,0.8666666666666667,0.812615581016808,0.8666666666666667,0.742165520458825,25824768.0,51912192.0,10.485078268580967,bf16
