time,experiment_name,pass,chunk_count,chunk_index_in_pass,step,games_seen,tokens_seen,chunk_games,chunk_tokens,train_loss,train_acc,val_loss,val_acc,val_games,val_tokens,lr,dt_seconds,chunk_file
2026-08-14 16:42:08,mamba_ar_b16__seed_000,1,1,0,391,100000,25083387,100000,25083387,5.148630058845762,0.017504135306766984,,,0,0,0.00011729999999999999,77.63597989082336,games_003300000_003399999.pickle
2026-08-14 16:43:28,mamba_ar_b16__seed_000,1,2,1,782,200000,50162962,100000,25079575,4.813035141188824,0.03172310535565296,,,0,0,0.00023459999999999998,79.56536769866943,games_014600000_014699999.pickle
2026-08-14 16:44:47,mamba_ar_b16__seed_000,1,3,2,1173,300000,75245622,100000,25082660,4.6336218608803454,0.039699059031219175,,,0,0,0.0002999966866426211,79.25050020217896,games_007900000_007999999.pickle
2026-08-14 16:46:07,mamba_ar_b16__seed_000,1,4,3,1564,400000,100329324,100000,25083702,4.465189766099688,0.045267082187469776,,,0,0,0.0002999645014249971,79.61479806900024,games_001900000_001999999.pickle
2026-08-14 16:47:53,mamba_ar_b16__seed_000,1,5,4,1955,500000,125409747,100000,25080423,4.3210194153401975,0.04833219918180806,4.2153490705667735,0.05059777501974537,100000,25083099,0.0002998980809749782,105.3648910522461,games_002300000_002399999.pickle
2026-08-14 16:49:13,mamba_ar_b16__seed_000,1,6,5,2346,600000,150493148,100000,25083401,4.198018298504018,0.05046078081676404,,,0,0,0.000299797442140843,79.21182560920715,games_013100000_013199999.pickle
2026-08-14 16:50:33,mamba_ar_b16__seed_000,1,7,6,2737,700000,175578434,100000,25085286,4.089649055242835,0.05198956073293324,,,0,0,0.0002996626104507402,79.0582799911499,games_001200000_001299999.pickle
2026-08-14 16:51:53,mamba_ar_b16__seed_000,1,8,7,3128,800000,200663410,100000,25084976,3.997565855027233,0.05313084612877445,,,0,0,0.0002994936201062134,79.76489019393921,games_018700000_018799999.pickle
2026-08-14 16:53:12,mamba_ar_b16__seed_000,1,9,8,3519,900000,225746813,100000,25083403,3.919977516576612,0.053946747177805184,,,0,0,0.00029929051397352467,79.14645290374756,games_017400000_017499999.pickle
2026-08-14 16:54:56,mamba_ar_b16__seed_000,1,10,9,3910,1000000,250827813,100000,25081000,3.8545129321776557,0.05471109604880188,3.782849444848812,0.055756906273822064,100000,25083099,0.00029905334357278174,103.86138606071472,games_003200000_003299999.pickle
2026-08-14 16:56:17,mamba_ar_b16__seed_000,1,11,10,4301,1100000,275908525,100000,25080712,3.800734917723459,0.05532015996994025,,,0,0,0.00029878216906486924,78.66635823249817,games_008600000_008699999.pickle
2026-08-14 16:57:37,mamba_ar_b16__seed_000,1,12,11,4692,1200000,300991489,100000,25082964,3.756087177450423,0.055765857655419034,,,0,0,0.000298477059236188,79.7534556388855,games_012300000_012399999.pickle
2026-08-14 16:58:56,mamba_ar_b16__seed_000,1,13,12,5083,1300000,326075070,100000,25083581,3.7191786557335553,0.05612675478832149,,,0,0,0.0002981380914812068,79.61740636825562,games_010900000_010999999.pickle
2026-08-14 17:00:16,mamba_ar_b16__seed_000,1,14,13,5474,1400000,351154666,100000,25079596,3.6877817470546073,0.056554300156988174,,,0,0,0.00029776535178283037,79.35194253921509,games_017100000_017199999.pickle
2026-08-14 17:02:00,mamba_ar_b16__seed_000,1,15,14,5865,1500000,376236805,100000,25082139,3.6615468264791713,0.056849258350733164,3.6183449297036976,0.057934826952602624,100000,25083099,0.0002973589346905889,103.57659435272217,games_004200000_004299999.pickle
2026-08-14 17:03:20,mamba_ar_b16__seed_000,1,16,15,6256,1600000,401318535,100000,25081730,3.6392397892958903,0.0571276383247886,,,0,0,0.0002969189432966543,78.69934415817261,games_017000000_017099999.pickle
2026-08-14 17:04:40,mamba_ar_b16__seed_000,1,17,16,6647,1700000,426401392,100000,25082857,3.6196950120057156,0.05742583470455539,,,0,0,0.0002964454892096902,79.49038696289062,games_017900000_017999999.pickle
2026-08-14 17:05:59,mamba_ar_b16__seed_000,1,18,17,7038,1800000,451482336,100000,25080944,3.6023811732128332,0.05762035910610063,,,0,0,0.0002959386925265408,79.07692265510559,games_003100000_003199999.pickle
2026-08-14 17:07:19,mamba_ar_b16__seed_000,1,19,18,7429,1900000,476565201,100000,25082865,3.587155597228223,0.05791862293242817,,,0,0,0.00029539868180176684,79.4398021697998,games_003600000_003699999.pickle
2026-08-14 17:09:02,mamba_ar_b16__seed_000,1,20,19,7820,2000000,501648094,100000,25082893,3.5734056657131923,0.05810426253462868,3.541520347878563,0.05878252922416006,100000,25083099,0.000294825594015037,103.34342050552368,games_001000000_001099999.pickle
2026-08-14 17:10:22,mamba_ar_b16__seed_000,1,21,20,8211,2100000,526732012,100000,25083918,3.561140566703465,0.05826924645503944,,,0,0,0.0002942195745363807,78.32261323928833,games_018000000_018099999.pickle
2026-08-14 17:11:42,mamba_ar_b16__seed_000,1,22,21,8602,2200000,551816834,100000,25084822,3.5480443911706327,0.05847508106694957,,,0,0,0.0002935807770893139,79.33579587936401,games_000900000_000999999.pickle
2026-08-14 17:13:02,mamba_ar_b16__seed_000,1,23,22,8993,2300000,576899386,100000,25082552,3.532944981706871,0.05872703862031264,,,0,0,0.0002929093637118454,79.5044276714325,games_012100000_012199999.pickle
2026-08-14 17:14:21,mamba_ar_b16__seed_000,1,24,23,9384,2400000,601983225,100000,25083839,3.521255366066013,0.05881388411080138,,,0,0,0.0002922055047153738,79.05678009986877,games_002700000_002799999.pickle
2026-08-14 17:16:04,mamba_ar_b16__seed_000,1,25,24,9775,2500000,627064714,100000,25081489,3.5110518674629723,0.059037523649413316,3.482440094203775,0.05952235008919751,100000,25083099,0.00029146937864148637,102.96606349945068,games_005700000_005799999.pickle
2026-08-14 17:17:25,mamba_ar_b16__seed_000,1,26,25,10166,2600000,652148760,100000,25084046,3.501343619522218,0.059178092720767614,,,0,0,0.00029070117221667016,79.67616033554077,games_015700000_015799999.pickle
2026-08-14 17:18:46,mamba_ar_b16__seed_000,1,27,26,10557,2700000,677230984,100000,25082224,3.4922814725671514,0.059191202502616995,,,0,0,0.00028990108030494646,80.4756453037262,games_009600000_009699999.pickle
2026-08-14 17:20:06,mamba_ar_b16__seed_000,1,28,27,10948,2800000,702316505,100000,25085521,3.483751181618532,0.05936037764573437,,,0,0,0.0002890693058584414,79.77615237236023,games_016300000_016399999.pickle
2026-08-14 17:21:26,mamba_ar_b16__seed_000,1,29,28,11339,2900000,727398945,100000,25082440,3.4760954228428766,0.0595178937934268,,,0,0,0.00028820605986590536,79.51413440704346,games_016000000_016099999.pickle
2026-08-14 17:23:10,mamba_ar_b16__seed_000,1,30,29,11730,3000000,752480218,100000,25081273,3.4686587279522656,0.05951942710403894,3.444424263595074,0.06003859411470648,100000,25083099,0.0002873115612991927,103.55707168579102,games_004100000_004199999.pickle
2026-08-14 17:24:30,mamba_ar_b16__seed_000,1,31,30,12121,3100000,777561454,100000,25081236,3.461764072832331,0.05963023512876319,,,0,0,0.0002863860370577177,78.78299450874329,games_004300000_004399999.pickle
2026-08-14 17:25:50,mamba_ar_b16__seed_000,1,32,31,12512,3200000,802645357,100000,25083903,3.455623471055296,0.059666512025660444,,,0,0,0.0002854297219108986,79.91403412818909,games_001800000_001899999.pickle
2026-08-14 17:27:10,mamba_ar_b16__seed_000,1,33,32,12903,3300000,827727092,100000,25081735,3.4493686923160904,0.05985566787943498,,,0,0,0.0002844428584386062,79.27854132652283,games_016900000_016999999.pickle
2026-08-14 17:28:30,mamba_ar_b16__seed_000,1,34,33,13294,3400000,852813108,100000,25086016,3.4441662673306523,0.05981535689046838,,,0,0,0.00028342569696963014,80.41958022117615,games_015400000_015499999.pickle
2026-08-14 17:30:14,mamba_ar_b16__seed_000,1,35,34,13685,3500000,877895769,100000,25082661,3.438636809177385,0.05985230195472482,3.415735367294924,0.06032452369621473,100000,25083099,0.00028237849551818086,103.24814748764038,games_011900000_011999999.pickle
2026-08-14 17:31:34,mamba_ar_b16__seed_000,1,36,35,14076,3600000,902977654,100000,25081885,3.433470166187415,0.05996558871073685,,,0,0,0.00028130151971844143,78.58935713768005,games_015900000_015999999.pickle
2026-08-14 17:32:54,mamba_ar_b16__seed_000,1,37,36,14467,3700000,928057698,100000,25080044,3.428675050121365,0.060016441757438706,,,0,0,0.00028019504275718604,79.8041045665741,games_001500000_001599999.pickle
2026-08-14 17:34:14,mamba_ar_b16__seed_000,1,38,37,14858,3800000,953141941,100000,25084243,3.4239310430940084,0.06013759314961189,,,0,0,0.0002790593453044836,79.42931175231934,games_001700000_001799999.pickle
2026-08-14 17:35:33,mamba_ar_b16__seed_000,1,39,38,15249,3900000,978222293,100000,25080352,3.419316803101871,0.06012044807026632,,,0,0,0.00027789471544250243,79.59758043289185,games_006300000_006399999.pickle
2026-08-14 17:37:17,mamba_ar_b16__seed_000,1,40,39,15640,4000000,1003307072,100000,25084779,3.4150115147765985,0.06015727704836467,3.393727085111399,0.06061148983225717,100000,25083099,0.0002767014485924352,103.4425802230835,games_002800000_002899999.pickle
2026-08-14 17:38:37,mamba_ar_b16__seed_000,1,41,40,16031,4100000,1028392299,100000,25085227,3.4108722133898346,0.06023218366730347,,,0,0,0.000275479847439562,78.32788348197937,games_007600000_007699999.pickle
2026-08-14 17:39:57,mamba_ar_b16__seed_000,1,42,41,16422,4200000,1053473009,100000,25080710,3.4066997242228374,0.060327438896267294,,,0,0,0.0002742302218564711,80.2335593700409,games_018300000_018399999.pickle
2026-08-14 17:41:17,mamba_ar_b16__seed_000,1,43,42,16813,4300000,1078554951,100000,25081942,3.4028538917149476,0.06040509143988931,,,0,0,0.00027295288882445596,79.50686192512512,games_000400000_000499999.pickle
2026-08-14 17:42:37,mamba_ar_b16__seed_000,1,44,43,17204,4400000,1103634969,100000,25080018,3.399368960495886,0.06034895987714203,,,0,0,0.0002716481723531097,79.43918776512146,games_016800000_016899999.pickle
2026-08-14 17:44:21,mamba_ar_b16__seed_000,1,45,44,17595,4500000,1128715554,100000,25080585,3.3956341838417035,0.06050540687149044,3.3755691179031695,0.060801657721799046,100000,25083099,0.0002703164033981365,103.57521224021912,games_008000000_008099999.pickle
2026-08-14 17:45:41,mamba_ar_b16__seed_000,1,46,45,17986,4600000,1153798430,100000,25082876,3.3924186628916755,0.06044765361037546,,,0,0,0.00026895791977740095,79.01897382736206,games_010400000_010499999.pickle
2026-08-14 17:47:01,mamba_ar_b16__seed_000,1,47,46,18377,4700000,1178881815,100000,25083385,3.3889008253194848,0.060423941983906874,,,0,0,0.000267573066085237,79.25196886062622,games_016100000_016199999.pickle
2026-08-14 17:48:21,mamba_ar_b16__seed_000,1,48,47,18768,4800000,1203964012,100000,25082197,3.385824715989632,0.06049908626425349,,,0,0,0.0002661621936050375,79.58359479904175,games_015600000_015699999.pickle
2026-08-14 17:49:40,mamba_ar_b16__seed_000,1,49,48,19159,4900000,1229045788,100000,25081776,3.3827237674326924,0.06057577421949706,,,0,0,0.00026472566022014754,79.19657230377197,games_003700000_003799999.pickle
2026-08-14 17:51:23,mamba_ar_b16__seed_000,1,50,49,19550,5000000,1254127497,100000,25081709,3.379970026721602,0.06056608821990559,3.3603974216893575,0.060868515489254336,100000,25083099,0.0002632638303230833,103.08403205871582,games_003500000_003599999.pickle
2026-08-14 17:52:44,mamba_ar_b16__seed_000,1,51,50,19941,5100000,1279212127,100000,25084630,3.3766909549584474,0.06066730902548692,,,0,0,0.00026177707472310003,78.43420577049255,games_001100000_001199999.pickle
2026-08-14 17:54:04,mamba_ar_b16__seed_000,1,52,51,20332,5200000,1304298526,100000,25086399,3.3740075928297215,0.06069591733751823,,,0,0,0.000260265770552132,79.80676341056824,games_004000000_004099999.pickle
2026-08-14 17:55:24,mamba_ar_b16__seed_000,1,53,52,20723,5300000,1329380897,100000,25082371,3.3714967983425925,0.06062931610412748,,,0,0,0.00025873030116912885,79.49723887443542,games_001400000_001499999.pickle
2026-08-14 17:56:43,mamba_ar_b16__seed_000,1,54,53,21114,5400000,1354465406,100000,25084509,3.3687990217298402,0.06067059155911722,,,0,0,0.00025717105606281254,79.31787157058716,games_019200000_019299999.pickle
2026-08-14 17:58:28,mamba_ar_b16__seed_000,1,55,54,21505,5500000,1379547102,100000,25081696,3.3660348676005447,0.060747008495757225,3.3469560560132248,0.061053062063822335,100000,25083099,0.00025558843075287906,104.20829844474792,games_013400000_013499999.pickle
2026-08-14 17:59:48,mamba_ar_b16__seed_000,1,56,55,21896,5600000,1404629513,100000,25082411,3.363594724575961,0.06070209917220478,,,0,0,0.00025398282668967053,78.24262237548828,games_003800000_003899999.pickle
2026-08-14 18:01:07,mamba_ar_b16__seed_000,1,57,56,22287,5700000,1429711951,100000,25082438,3.3613516127261556,0.06077826246395984,,,0,0,0.0002523546511523431,79.35133504867554,games_009400000_009499999.pickle
2026-08-14 18:02:27,mamba_ar_b16__seed_000,1,58,57,22678,5800000,1454794869,100000,25082918,3.3588958059218252,0.0608105883055552,,,0,0,0.00025070431714555583,79.7501323223114,games_010200000_010299999.pickle
2026-08-14 18:03:47,mamba_ar_b16__seed_000,1,59,58,23069,5900000,1479880582,100000,25085713,3.356879373716221,0.060902873280898974,,,0,0,0.0002490322432947076,79.53638815879822,games_011300000_011399999.pickle
2026-08-14 18:05:30,mamba_ar_b16__seed_000,1,60,59,23460,6000000,1504964789,100000,25084207,3.354361274061722,0.060856458408272585,3.3357872486970424,0.06117473761914347,100000,25083099,0.0002473388537397484,103.2277820110321,games_010500000_010599999.pickle
2026-08-14 18:06:51,mamba_ar_b16__seed_000,1,61,60,23851,6100000,1530043443,100000,25078654,3.3521441925310014,0.06093237699280033,,,0,0,0.000245624578027591,78.67178463935852,games_011100000_011199999.pickle
2026-08-14 18:08:11,mamba_ar_b16__seed_000,1,62,61,24242,6200000,1555124418,100000,25080975,3.3503999284364303,0.060862546212816684,,,0,0,0.00024388985100315248,79.30071187019348,games_006700000_006799999.pickle
2026-08-14 18:09:30,mamba_ar_b16__seed_000,1,63,62,24633,6300000,1580207807,100000,25083389,3.348169193939665,0.06088415724047496,,,0,0,0.00024213511269905008,79.50524878501892,games_008700000_008799999.pickle
2026-08-14 18:10:50,mamba_ar_b16__seed_000,1,64,63,25024,6400000,1605290455,100000,25082648,3.3550086960215064,0.059289433874764735,,,0,0,0.00024036080822398284,79.42226982116699,games_008300000_008399999.pickle
2026-08-14 18:12:34,mamba_ar_b16__seed_000,1,65,64,25415,6500000,1630370325,100000,25079870,3.3448409520644033,0.06077535489617769,3.326161836489736,0.06130841328657197,100000,25083099,0.00023856738764982443,103.36617636680603,games_009100000_009199999.pickle
2026-08-14 18:13:54,mamba_ar_b16__seed_000,1,66,65,25806,6600000,1655451284,100000,25080959,3.3428491069633126,0.060897153095302296,,,0,0,0.00023675530589745768,78.55311274528503,games_018800000_018899999.pickle
2026-08-14 18:15:14,mamba_ar_b16__seed_000,1,67,66,26197,6700000,1680532517,100000,25081233,3.3412641172450854,0.060835884742986915,,,0,0,0.00023492502262137887,79.86487579345703,games_008900000_008999999.pickle
2026-08-14 18:16:34,mamba_ar_b16__seed_000,1,68,67,26588,6800000,1705615598,100000,25083081,3.3416474566138303,0.06087194790783477,,,0,0,0.00023307700209310118,79.79621601104736,games_011600000_011699999.pickle
2026-08-14 18:17:54,mamba_ar_b16__seed_000,1,69,68,26979,6900000,1730699182,100000,25083584,3.338800310762827,0.06083608307329606,,,0,0,0.0002312117130833872,79.87843251228333,games_005200000_005299999.pickle
2026-08-14 18:19:38,mamba_ar_b16__seed_000,1,70,69,27370,7000000,1755781358,100000,25082176,3.3362856763332305,0.06102297504012411,3.318215182493687,0.06122429289937419,100000,25083099,0.00022932962874334004,103.79784488677979,games_010100000_010199999.pickle
2026-08-14 18:20:59,mamba_ar_b16__seed_000,1,71,70,27761,7100000,1780860630,100000,25079272,3.3344344347231347,0.06106361460571902,,,0,0,0.00022743122648438338,79.18045330047607,games_016700000_016799999.pickle
2026-08-14 18:22:20,mamba_ar_b16__seed_000,1,72,71,28152,7200000,1805941914,100000,25081284,3.333008773106438,0.06115500306922086,,,0,0,0.00022551698785716072,80.61594748497009,games_019800000_019899999.pickle
2026-08-14 18:23:40,mamba_ar_b16__seed_000,1,73,72,28543,7300000,1831023689,100000,25081775,3.3309095434489473,0.06115843077294171,,,0,0,0.00022358739842938492,80.08662223815918,games_013900000_013999999.pickle
2026-08-14 18:25:01,mamba_ar_b16__seed_000,1,74,73,28934,7400000,1856110412,100000,25086723,3.3295454250946364,0.061121494425557296,,,0,0,0.00022164294766266826,79.89359784126282,games_004600000_004699999.pickle
2026-08-14 18:26:44,mamba_ar_b16__seed_000,1,75,74,29325,7500000,1881193734,100000,25083322,3.3279904093742703,0.06115366218238557,3.310184738138385,0.061419125284319934,100000,25083099,0.00021968412878836557,103.09307599067688,games_006100000_006199999.pickle
2026-08-14 18:28:04,mamba_ar_b16__seed_000,1,76,75,29716,7600000,1906272359,100000,25078625,3.32641981991384,0.061097767521146,,,0,0,0.0002177114386824603,78.85421848297119,games_016400000_016499999.pickle
2026-08-14 18:29:24,mamba_ar_b16__seed_000,1,77,76,30107,7700000,1931356452,100000,25084093,3.324993033121001,0.061096129726516325,,,0,0,0.0002157253777395267,79.24420666694641,games_005400000_005499999.pickle
2026-08-14 18:30:44,mamba_ar_b16__seed_000,1,78,77,30498,7800000,1956441763,100000,25085311,3.3232640374284528,0.061198962213384556,,,0,0,0.0002137264497457989,79.32488226890564,games_017500000_017599999.pickle
2026-08-14 18:32:03,mamba_ar_b16__seed_000,1,79,78,30889,7900000,1981527063,100000,25085300,3.3218546894133802,0.06127748123402949,,,0,0,0.00021171516175138045,79.0794825553894,games_007100000_007199999.pickle
2026-08-14 18:33:47,mamba_ar_b16__seed_000,1,80,79,31280,8000000,2006614036,100000,25086973,3.32039058190104,0.06117908286503916,3.3027293404128213,0.06139241407132348,100000,25083099,0.000209692023941625,103.66954565048218,games_019100000_019199999.pickle
2026-08-14 18:35:07,mamba_ar_b16__seed_000,1,81,80,31671,8100000,2031696302,100000,25082266,3.319180363282499,0.06122804056060963,,,0,0,0.0002076575495077226,78.51647138595581,games_019600000_019699999.pickle
2026-08-14 18:36:28,mamba_ar_b16__seed_000,1,82,81,32062,8200000,2056774687,100000,25078385,3.3177457951391442,0.06118372455004579,,,0,0,0.0002056122545165226,80.18051266670227,games_009200000_009299999.pickle
2026-08-14 18:37:47,mamba_ar_b16__seed_000,1,83,82,32453,8300000,2081857248,100000,25082561,3.316416809068167,0.061242709626022636,,,0,0,0.00020355665777962818,79.21562457084656,games_004900000_004999999.pickle
2026-08-14 18:39:08,mamba_ar_b16__seed_000,1,84,83,32844,8400000,2106939175,100000,25081927,3.3149827756594235,0.06121981775961632,,,0,0,0.00020149128072179362,80.77855181694031,games_018100000_018199999.pickle
2026-08-14 18:40:52,mamba_ar_b16__seed_000,1,85,84,33235,8500000,2132019216,100000,25080041,3.3140233930107557,0.06133375140814164,3.296516420205104,0.061494395090495,100000,25083099,0.00019941664724865935,103.73170948028564,games_014000000_014099999.pickle
2026-08-14 18:42:12,mamba_ar_b16__seed_000,1,86,85,33626,8600000,2157099789,100000,25080573,3.31249592359278,0.061256933802907934,,,0,0,0.00019733328361385758,78.80239915847778,games_014400000_014499999.pickle
2026-08-14 18:43:32,mamba_ar_b16__seed_000,1,87,86,34017,8700000,2182181030,100000,25081241,3.31135878803847,0.06125948871509189,,,0,0,0.00019524171828552215,79.43222332000732,games_012500000_012599999.pickle
2026-08-14 18:44:52,mamba_ar_b16__seed_000,1,88,87,34408,8800000,2207264705,100000,25083675,3.310593377040328,0.06134631388741881,,,0,0,0.00019314248181223672,79.99770474433899,games_019900000_019999999.pickle
2026-08-14 18:46:12,mamba_ar_b16__seed_000,1,89,88,34799,8900000,2232345496,100000,25080791,3.308970973861916,0.06133422984944933,,,0,0,0.00019103610668845547,79.50629186630249,games_017700000_017799999.pickle
2026-08-14 18:47:56,mamba_ar_b16__seed_000,1,90,89,35190,9000000,2257426767,100000,25081271,3.307779093424155,0.061280746099350386,3.290542219642275,0.06152134550838395,100000,25083099,0.0001889231272194299,103.21948003768921,games_004500000_004599999.pickle
2026-08-14 18:49:16,mamba_ar_b16__seed_000,1,91,90,35581,9100000,2282512197,100000,25085430,3.3065723088588435,0.06132866767681479,,,0,0,0.0001868040793856764,78.88823342323303,games_007300000_007399999.pickle
2026-08-14 18:50:35,mamba_ar_b16__seed_000,1,92,91,35972,9200000,2307594848,100000,25082651,3.3058361052053202,0.06131796037029738,,,0,0,0.00018467950070701885,78.98842740058899,games_013000000_013099999.pickle
2026-08-14 18:51:55,mamba_ar_b16__seed_000,1,93,92,36363,9300000,2332679371,100000,25084523,3.304915667319839,0.06131477963523564,,,0,0,0.00018254993010624097,79.56501793861389,games_018600000_018699999.pickle
2026-08-14 18:53:16,mamba_ar_b16__seed_000,1,94,93,36754,9400000,2357761083,100000,25081712,3.303726103686307,0.06137228591094579,,,0,0,0.00018041590777238245,80.00111961364746,games_005100000_005199999.pickle
2026-08-14 18:54:59,mamba_ar_b16__seed_000,1,95,94,37145,9500000,2382844249,100000,25083166,3.3026364732513644,0.06135066841243247,3.28546241828213,0.0615915920118164,100000,25083099,0.00017827797502371418,103.0694489479065,games_013600000_013699999.pickle
2026-08-14 18:56:19,mamba_ar_b16__seed_000,1,96,95,37536,9600000,2407922937,100000,25078688,3.301343755144448,0.061386185752619914,,,0,0,0.0001761366741704267,78.85744333267212,games_007000000_007099999.pickle
2026-08-14 18:57:39,mamba_ar_b16__seed_000,1,97,96,37927,9700000,2433007498,100000,25084561,3.3005466040495555,0.06143858766354333,,,0,0,0.00017399254837706756,79.54940509796143,games_006900000_006999999.pickle
2026-08-14 18:58:59,mamba_ar_b16__seed_000,1,98,97,38318,9800000,2458091110,100000,25083612,3.2996498786121915,0.06129093369806549,,,0,0,0.00017184614152476133,79.56674647331238,games_014900000_014999999.pickle
2026-08-14 19:00:19,mamba_ar_b16__seed_000,1,99,98,38709,9900000,2483177750,100000,25086640,3.2984010805139907,0.06143445276051317,,,0,0,0.00016969799807324835,79.75190711021423,games_009800000_009899999.pickle
2026-08-14 19:02:04,mamba_ar_b16__seed_000,1,100,99,39100,10000000,2508262710,100000,25084960,3.297444074676291,0.061422422040936085,3.2809138638510795,0.0616999518281214,100000,25083099,0.00016754866292277657,104.26030731201172,games_000100000_000199999.pickle
2026-08-14 19:03:24,mamba_ar_b16__seed_000,1,101,100,39491,10100000,2533342451,100000,25079741,3.296822815925255,0.06141670282799173,,,0,0,0.00016539868127588136,78.43493103981018,games_002900000_002999999.pickle
2026-08-14 19:04:44,mamba_ar_b16__seed_000,1,102,101,39882,10200000,2558424110,100000,25081659,3.295702457265973,0.0613187907546307,,,0,0,0.00016324859849908913,79.32242894172668,games_006400000_006499999.pickle
2026-08-14 19:06:04,mamba_ar_b16__seed_000,1,103,102,40273,10300000,2583507271,100000,25083161,3.2944376690464243,0.0615038909968325,,,0,0,0.00016109895998457903,79.7377188205719,games_013200000_013299999.pickle
2026-08-14 19:07:23,mamba_ar_b16__seed_000,1,104,103,40664,10400000,2608593983,100000,25086712,3.293466384682583,0.06150395476298369,,,0,0,0.00015895031101183802,79.11768388748169,games_002100000_002199999.pickle
2026-08-14 19:09:07,mamba_ar_b16__seed_000,1,105,104,41055,10500000,2633673045,100000,25079062,3.2929248931661266,0.06149013866627069,3.2760083021424986,0.06173252356098423,100000,25083099,0.00015680319660934503,104.11427021026611,games_008200000_008299999.pickle
2026-08-14 19:10:29,mamba_ar_b16__seed_000,1,106,105,41446,10600000,2658756423,100000,25083378,3.292153541903594,0.06148486061167679,,,0,0,0.0001546581614163183,79.31462407112122,games_011800000_011899999.pickle
2026-08-14 19:11:49,mamba_ar_b16__seed_000,1,107,106,41837,10700000,2683836021,100000,25079598,3.2911431285112664,0.06150309905286361,,,0,0,0.00015251574954456177,80.31245517730713,games_015300000_015399999.pickle
2026-08-14 19:13:09,mamba_ar_b16__seed_000,1,108,107,42228,10800000,2708918466,100000,25082445,3.290452470293102,0.06152378685570725,,,0,0,0.0001503765044404449,79.36609530448914,games_014700000_014799999.pickle
2026-08-14 19:14:29,mamba_ar_b16__seed_000,1,109,108,42619,10900000,2734002105,100000,25083639,3.289293950069168,0.06154505731803906,,,0,0,0.0001482409687470518,79.57934713363647,games_007800000_007899999.pickle
2026-08-14 19:16:13,mamba_ar_b16__seed_000,1,110,109,43010,11000000,2759081850,100000,25079745,3.2887812322356935,0.06153806587746406,3.2715711703869306,0.06180412555880754,100000,25083099,0.00014610968416653355,103.74935507774353,games_014300000_014399999.pickle
2026-08-14 19:17:34,mamba_ar_b16__seed_000,1,111,110,43401,11100000,2784165501,100000,25083651,3.2878344499658185,0.0615385296183558,,,0,0,0.00014398319132269974,78.9174575805664,games_009000000_009099999.pickle
2026-08-14 19:18:53,mamba_ar_b16__seed_000,1,112,111,43792,11200000,2809251639,100000,25086138,3.2870156964562747,0.061583572569041914,,,0,0,0.00014186202962388313,79.39170742034912,games_003900000_003999999.pickle
2026-08-14 19:20:13,mamba_ar_b16__seed_000,1,113,112,44183,11300000,2834336668,100000,25085029,3.2862053017859374,0.06148954422177467,,,0,0,0.00013974673712611283,79.2811233997345,games_015200000_015299999.pickle
2026-08-14 19:21:33,mamba_ar_b16__seed_000,1,114,113,44574,11400000,2859419115,100000,25082447,3.285709208616546,0.06150480453521939,,,0,0,0.00013763785039663042,79.49562120437622,games_006000000_006099999.pickle
2026-08-14 19:23:17,mamba_ar_b16__seed_000,1,115,114,44965,11500000,2884498871,100000,25079756,3.2848461021362643,0.06155797528492701,3.268003931400416,0.06170645022770113,100000,25083099,0.00013553590437778384,103.64956784248352,games_000300000_000399999.pickle
2026-08-14 19:24:37,mamba_ar_b16__seed_000,1,116,115,45356,11600000,2909578487,100000,25079616,3.283641126003733,0.061604651363083074,,,0,0,0.0001334414322513333,78.62648272514343,games_013700000_013799999.pickle
2026-08-14 19:25:57,mamba_ar_b16__seed_000,1,117,116,45747,11700000,2934657536,100000,25079049,3.283316845989335,0.06149838456793158,,,0,0,0.0001313549653032039,79.76650524139404,games_013300000_013399999.pickle
2026-08-14 19:27:17,mamba_ar_b16__seed_000,1,118,117,46138,11800000,2959741126,100000,25083590,3.2826977630301033,0.06149024122942529,,,0,0,0.00012927703278871908,79.23349332809448,games_014800000_014899999.pickle
2026-08-14 19:28:37,mamba_ar_b16__seed_000,1,119,118,46529,11900000,2984823816,100000,25082690,3.281778784476771,0.06154463496538848,,,0,0,0.00012720816179834915,80.0144555568695,games_005000000_005099999.pickle
2026-08-14 19:30:20,mamba_ar_b16__seed_000,1,120,119,46920,12000000,3009908329,100000,25084513,3.281319007601364,0.06157209430376424,3.264692736426362,0.06184203953426967,100000,25083099,0.00012514887712400906,103.12338495254517,games_010700000_010799999.pickle
2026-08-14 19:31:41,mamba_ar_b16__seed_000,1,121,120,47311,12100000,3034991193,100000,25082864,3.2804635778646283,0.06158718557817002,,,0,0,0.0001230997011259391,79.07280802726746,games_006600000_006699999.pickle
2026-08-14 19:33:01,mamba_ar_b16__seed_000,1,122,121,47702,12200000,3060074589,100000,25083396,3.2797953030915528,0.06162478956198754,,,0,0,0.00012106115360020245,79.2547926902771,games_002000000_002099999.pickle
2026-08-14 19:34:20,mamba_ar_b16__seed_000,1,123,122,48093,12300000,3085155385,100000,25080796,3.2789407573943574,0.061582535099763185,,,0,0,0.00011903375164683323,79.21031880378723,games_018400000_018499999.pickle
2026-08-14 19:35:41,mamba_ar_b16__seed_000,1,124,123,48484,12400000,3110234528,100000,25079143,3.278308795614071,0.06159317325954878,,,0,0,0.00011701800953866838,80.36511063575745,games_001300000_001399999.pickle
2026-08-14 19:37:24,mamba_ar_b16__seed_000,1,125,124,48875,12500000,3135318143,100000,25083615,3.2775629746220485,0.06151964140734898,3.2611715749067067,0.06180799270456972,100000,25083099,0.00011501443859089663,103.41144371032715,games_019700000_019799999.pickle
2026-08-14 19:38:45,mamba_ar_b16__seed_000,1,126,125,49266,12600000,3160399820,100000,25081677,3.276982301316193,0.06160883899429851,,,0,0,0.00011302354703135788,78.71029162406921,games_008400000_008499999.pickle
2026-08-14 19:40:05,mamba_ar_b16__seed_000,1,127,126,49657,12700000,3185481087,100000,25081267,3.27652873312155,0.0616049420469867,,,0,0,0.00011104583987162547,79.44370079040527,games_018200000_018299999.pickle
2026-08-14 19:41:25,mamba_ar_b16__seed_000,1,128,127,50048,12800000,3210565385,100000,25084298,3.2757764844223303,0.061675156306945485,,,0,0,0.00010908181877890453,79.65611457824707,games_002200000_002299999.pickle
2026-08-14 19:42:44,mamba_ar_b16__seed_000,1,129,128,50439,12900000,3235647799,100000,25082414,3.274930771789926,0.061568715036758426,,,0,0,0.00010713198194877857,79.63714456558228,games_009500000_009599999.pickle
2026-08-14 19:44:28,mamba_ar_b16__seed_000,1,130,129,50830,13000000,3260730683,100000,25082884,3.27450796530332,0.06165562939253716,3.2582408691526914,0.06183430524274532,100000,25083099,0.00010519682397883666,103.41783547401428,games_009300000_009399999.pickle
2026-08-14 19:45:49,mamba_ar_b16__seed_000,1,131,130,51221,13100000,3285813658,100000,25082975,3.2740832822717802,0.061675937563227645,,,0,0,0.00010327683574321323,78.95014071464539,games_004400000_004499999.pickle
2026-08-14 19:47:09,mamba_ar_b16__seed_000,1,132,131,51612,13200000,3310895552,100000,25081894,3.273336566680836,0.061681227103503426,,,0,0,0.0001013725042680726,79.85251474380493,games_017600000_017699999.pickle
2026-08-14 19:48:30,mamba_ar_b16__seed_000,1,133,132,52003,13300000,3335978439,100000,25082887,3.272972221032963,0.06165913038638654,,,0,0,9.948431260806927e-05,80.47742199897766,games_010300000_010399999.pickle
2026-08-14 19:49:50,mamba_ar_b16__seed_000,1,134,133,52394,13400000,3361062356,100000,25083917,3.272480412204702,0.061732782802622094,,,0,0,9.761273972381588e-05,80.0007734298706,games_006200000_006299999.pickle
2026-08-14 19:51:34,mamba_ar_b16__seed_000,1,135,134,52785,13500000,3386144544,100000,25082188,3.27173684298257,0.061640714916896405,3.255275612493399,0.061937641756307706,100000,25083099,9.575826036038953e-05,103.40344023704529,games_012200000_012299999.pickle
2026-08-14 19:52:54,mamba_ar_b16__seed_000,1,136,135,53176,13600000,3411226230,100000,25081686,3.2708988852695335,0.061695174718318375,,,0,0,9.392134492690751e-05,78.63504028320312,games_000800000_000899999.pickle
2026-08-14 19:54:15,mamba_ar_b16__seed_000,1,137,136,53567,13700000,3436309284,100000,25083054,3.2707707210325574,0.06175408305543655,,,0,0,9.210245937720277e-05,80.09728574752808,games_010000000_010099999.pickle
2026-08-14 19:55:35,mamba_ar_b16__seed_000,1,138,137,53958,13800000,3461395464,100000,25086180,3.2700586098979936,0.06163556986356632,,,0,0,9.030206509162974e-05,79.63476800918579,games_015000000_015099999.pickle
2026-08-14 19:56:54,mamba_ar_b16__seed_000,1,139,138,54349,13900000,3486477351,100000,25081887,3.2692798071529645,0.06174567328207802,,,0,0,8.852061876002992e-05,79.2625937461853,games_012700000_012799999.pickle
2026-08-14 19:58:38,mamba_ar_b16__seed_000,1,140,139,54740,14000000,3511560662,100000,25083311,3.269308005269327,0.061641264185577416,3.2528845429238986,0.06188433893276106,100000,25083099,8.67585722658876e-05,103.49755072593689,games_007200000_007299999.pickle
2026-08-14 19:59:59,mamba_ar_b16__seed_000,1,141,140,55131,14100000,3536642408,100000,25081746,3.2686248982979675,0.06170096770775049,,,0,0,8.501637257170465e-05,78.76443099975586,games_007700000_007799999.pickle
2026-08-14 20:01:18,mamba_ar_b16__seed_000,1,142,141,55522,14200000,3561724988,100000,25082580,3.267815836302094,0.061732405518092635,,,0,0,8.32944616056235e-05,79.33657717704773,games_004800000_004899999.pickle
2026-08-14 20:02:38,mamba_ar_b16__seed_000,1,143,142,55913,14300000,3586809080,100000,25084092,3.26764675767821,0.061656447440872085,,,0,0,8.159327614932723e-05,79.18760132789612,games_012900000_012999999.pickle
2026-08-14 20:03:57,mamba_ar_b16__seed_000,1,144,143,56304,14400000,3611894841,100000,25085761,3.2671089160449367,0.061745426020761336,,,0,0,7.991324772724505e-05,79.35015726089478,games_016500000_016599999.pickle
2026-08-14 20:05:41,mamba_ar_b16__seed_000,1,145,144,56695,14500000,3636976124,100000,25081283,3.266726673898477,0.061641144912722365,3.2502612515985017,0.06197563546673399,100000,25083099,7.825480249709143e-05,103.72598910331726,games_012800000_012899999.pickle
2026-08-14 20:07:02,mamba_ar_b16__seed_000,1,146,145,57086,14600000,3662060035,100000,25083911,3.266192957249308,0.061684200681464706,,,0,0,7.661836114176645e-05,78.61796808242798,games_008500000_008599999.pickle
2026-08-14 20:08:21,mamba_ar_b16__seed_000,1,147,146,57477,14700000,3687141052,100000,25081017,3.265545144789479,0.061730351683905005,,,0,0,7.5004338762645e-05,79.49721097946167,games_019400000_019499999.pickle
2026-08-14 20:09:42,mamba_ar_b16__seed_000,1,148,147,57868,14800000,3712220651,100000,25079599,3.265239686120397,0.06173487861588218,,,0,0,7.341314477428167e-05,79.99752497673035,games_007500000_007599999.pickle
2026-08-14 20:11:02,mamba_ar_b16__seed_000,1,149,148,58259,14900000,3737306418,100000,25085767,3.2646512616531496,0.061857227646258534,,,0,0,7.184518280055834e-05,79.64443635940552,games_004700000_004799999.pickle
2026-08-14 20:12:46,mamba_ar_b16__seed_000,1,150,149,58650,15000000,3762387177,100000,25080759,3.2646525794839945,0.06180219665601029,3.2480907028162456,0.06193134269413839,100000,25083099,7.030085057230043e-05,103.93330335617065,games_002500000_002599999.pickle
2026-08-14 20:14:09,mamba_ar_b16__seed_000,1,151,150,59041,15100000,3787473357,100000,25086180,3.2641682074742535,0.06174439472251256,,,0,0,6.878053982638824e-05,79.27888512611389,games_014200000_014299999.pickle
2026-08-14 20:15:29,mamba_ar_b16__seed_000,1,152,151,59432,15200000,3812554942,100000,25081585,3.26354207776866,0.061727917115285975,,,0,0,6.728463620638827e-05,79.71558380126953,games_010600000_010699999.pickle
2026-08-14 20:16:48,mamba_ar_b16__seed_000,1,153,152,59823,15300000,3837636164,100000,25081222,3.2630047444517274,0.061789931925964374,,,0,0,6.581351916473091e-05,79.19049835205078,games_017200000_017299999.pickle
2026-08-14 20:18:08,mamba_ar_b16__seed_000,1,154,153,60214,15400000,3862719790,100000,25083626,3.2628603111122687,0.06174876790141904,,,0,0,6.436756186645785e-05,79.7835955619812,games_007400000_007499999.pickle
2026-08-14 20:19:52,mamba_ar_b16__seed_000,1,155,154,60605,15500000,3887806720,100000,25086930,3.262685736603629,0.06175327152425586,3.246313407148954,0.061957336292457324,100000,25083099,6.294713109456475e-05,103.77581763267517,games_011700000_011799999.pickle
2026-08-14 20:21:13,mamba_ar_b16__seed_000,1,156,155,60996,15600000,3912892218,100000,25085498,3.262172058170636,0.061787730903329084,,,0,0,6.155258715696267e-05,78.63756084442139,games_016200000_016299999.pickle
2026-08-14 20:22:33,mamba_ar_b16__seed_000,1,157,156,61387,15700000,3937975847,100000,25083629,3.2616352236851727,0.06182287259949507,,,0,0,6.0184283795082003e-05,79.46333575248718,games_015800000_015899999.pickle
2026-08-14 20:23:52,mamba_ar_b16__seed_000,1,158,157,61778,15800000,3963056647,100000,25080800,3.2614189632262387,0.06167044113425409,,,0,0,5.8842568094142126e-05,79.4016010761261,games_008800000_008899999.pickle
2026-08-14 20:25:12,mamba_ar_b16__seed_000,1,159,158,62169,15900000,3988141419,100000,25084772,3.2609381428420923,0.061854419087404904,,,0,0,5.752778039510931e-05,79.72131061553955,games_005900000_005999999.pickle
2026-08-14 20:26:56,mamba_ar_b16__seed_000,1,160,159,62560,16000000,4013222833,100000,25081414,3.2605829486689406,0.06178531242297584,3.244616215887682,0.062061191083286796,100000,25083099,5.6240254208365557e-05,103.66482591629028,games_014100000_014199999.pickle
2026-08-14 20:28:17,mamba_ar_b16__seed_000,1,161,160,62951,16100000,4038304774,100000,25081941,3.26005235418768,0.061712767763866444,,,0,0,5.498031612911e-05,78.90064525604248,games_019300000_019399999.pickle
2026-08-14 20:29:37,mamba_ar_b16__seed_000,1,162,161,63342,16200000,4063387180,100000,25082406,3.259945183961106,0.061741285903752614,,,0,0,5.3748285754514426e-05,79.55415725708008,games_011200000_011299999.pickle
2026-08-14 20:30:57,mamba_ar_b16__seed_000,1,163,162,63733,16300000,4088469847,100000,25082667,3.259576036637508,0.06175934162025115,,,0,0,5.2544475602653916e-05,79.61339616775513,games_005600000_005699999.pickle
2026-08-14 20:32:16,mamba_ar_b16__seed_000,1,164,163,64124,16400000,4113550710,100000,25080863,3.259327082792712,0.06184013684058639,,,0,0,5.1369191033233234e-05,79.20546364784241,games_013500000_013599999.pickle
2026-08-14 20:34:00,mamba_ar_b16__seed_000,1,165,164,64515,16500000,4138631939,100000,25081229,3.2588215753773526,0.061774325333100705,3.2429567235952055,0.06203647324439456,100000,25083099,5.022273017012898e-05,103.25173926353455,games_017300000_017399999.pickle
2026-08-14 20:35:21,mamba_ar_b16__seed_000,1,166,165,64906,16600000,4163715532,100000,25083593,3.2585950461623985,0.06174346713407445,,,0,0,4.9105383825767093e-05,79.03445863723755,games_010800000_010899999.pickle
2026-08-14 20:36:41,mamba_ar_b16__seed_000,1,167,166,65297,16700000,4188796964,100000,25081432,3.258364235782696,0.061844834058916574,,,0,0,4.801743542735521e-05,79.2299873828888,games_005500000_005599999.pickle
2026-08-14 20:38:00,mamba_ar_b16__seed_000,1,168,167,65688,16800000,4213882980,100000,25086016,3.2581584698691466,0.061774017843247805,,,0,0,4.695916094498811e-05,79.32975888252258,games_018900000_018999999.pickle
2026-08-14 20:39:20,mamba_ar_b16__seed_000,1,169,168,66079,16900000,4238963077,100000,25080097,3.2576572970389743,0.06180311025112861,,,0,0,4.5930828821644965e-05,79.56204986572266,games_000200000_000299999.pickle
2026-08-14 20:41:04,mamba_ar_b16__seed_000,1,170,169,66470,17000000,4264041979,100000,25078902,3.2575449063436333,0.06188480659958717,3.2414450189021524,0.062015502948818246,100000,25083099,4.493269990509573e-05,104.19348788261414,games_013800000_013899999.pickle
2026-08-14 20:42:25,mamba_ar_b16__seed_000,1,171,170,66861,17100000,4289125791,100000,25083812,3.2575185968664004,0.061725067944218365,,,0,0,4.396502738173431e-05,78.88537311553955,games_019000000_019099999.pickle
2026-08-14 20:43:45,mamba_ar_b16__seed_000,1,172,171,67252,17200000,4314207789,100000,25081998,3.2567833675352182,0.061869991377879865,,,0,0,4.302805671235495e-05,79.15883731842041,games_000600000_000699999.pickle
2026-08-14 20:45:05,mamba_ar_b16__seed_000,1,173,172,67643,17300000,4339294952,100000,25087163,3.2567828777395254,0.06179224011898037,,,0,0,4.212202556988852e-05,79.71430850028992,games_000500000_000599999.pickle
2026-08-14 20:46:24,mamba_ar_b16__seed_000,1,174,173,68034,17400000,4364379540,100000,25084588,3.256417546058374,0.061777654071894665,,,0,0,4.124716377911407e-05,79.05634069442749,games_018500000_018599999.pickle
2026-08-14 20:48:09,mamba_ar_b16__seed_000,1,175,174,68425,17500000,4389464863,100000,25085323,3.2563966094038053,0.06177086099309943,3.240152197446207,0.06204057959504924,100000,25083099,4.0403693258361266e-05,104.66243934631348,games_008100000_008199999.pickle
2026-08-14 20:49:30,mamba_ar_b16__seed_000,1,176,175,68816,17600000,4414547727,100000,25082864,3.255961834536958,0.06183867201129823,,,0,0,3.959182796321835e-05,78.78556990623474,games_002600000_002699999.pickle
2026-08-14 20:50:50,mamba_ar_b16__seed_000,1,177,176,69207,17700000,4439629047,100000,25081320,3.2556863130022227,0.06189080160055372,,,0,0,3.8811773832259994e-05,79.64444398880005,games_015100000_015199999.pickle
2026-08-14 20:52:09,mamba_ar_b16__seed_000,1,178,177,69598,17800000,4464710828,100000,25081781,3.255704166633966,0.061813433424045924,,,0,0,3.806372873480866e-05,79.21621561050415,games_005800000_005899999.pickle
2026-08-14 20:53:29,mamba_ar_b16__seed_000,1,179,178,69989,17900000,4489793103,100000,25082275,3.255381158607682,0.06181843552867513,,,0,0,3.73478824207429e-05,79.42992925643921,games_006800000_006899999.pickle
2026-08-14 20:55:13,mamba_ar_b16__seed_000,1,180,179,70380,18000000,4514876959,100000,25083856,3.2553892686468,0.06186301659521566,3.2391172978289915,0.061988592398411375,100000,25083099,3.666441647236518e-05,103.32407927513123,games_011400000_011499999.pickle
2026-08-14 20:56:33,mamba_ar_b16__seed_000,1,181,180,70771,18100000,4539961500,100000,25084541,3.2549027026461417,0.061780839442108985,,,0,0,3.601350425834156e-05,78.71699213981628,games_017800000_017899999.pickle
2026-08-14 20:57:53,mamba_ar_b16__seed_000,1,182,181,71162,18200000,4565043876,100000,25082376,3.2549978707788245,0.06185526442949424,,,0,0,3.539531088972481e-05,79.391122341156,games_000000000_000099999.pickle
2026-08-14 20:59:13,mamba_ar_b16__seed_000,1,183,182,71553,18300000,4590130333,100000,25086457,3.25472964683957,0.06187669306989026,,,0,0,3.480999317807213e-05,79.52909064292908,games_015500000_015599999.pickle
2026-08-14 21:00:33,mamba_ar_b16__seed_000,1,184,183,71944,18400000,4615215852,100000,25085519,3.254320761498947,0.06180753126933511,,,0,0,3.4257699595668296e-05,79.80386185646057,games_011000000_011099999.pickle
2026-08-14 21:02:17,mamba_ar_b16__seed_000,1,185,184,72335,18500000,4640298552,100000,25082700,3.254100672227534,0.0619303344536274,3.2381383336580996,0.06212446077735451,100000,25083099,3.373857023786386e-05,103.62155628204346,games_009900000_009999999.pickle
2026-08-14 21:03:38,mamba_ar_b16__seed_000,1,186,185,72726,18600000,4665384362,100000,25085810,3.2536354921362807,0.061907269488208676,,,0,0,3.3252736787538545e-05,78.62357974052429,games_000700000_000799999.pickle
2026-08-14 21:04:57,mamba_ar_b16__seed_000,1,187,186,73117,18700000,4690465280,100000,25080918,3.2538737818827688,0.061875725601431335,,,0,0,3.280032248169839e-05,79.25421118736267,games_012400000_012499999.pickle
2026-08-14 21:06:18,mamba_ar_b16__seed_000,1,188,187,73508,18800000,4715549409,100000,25084129,3.2538378848182568,0.06185704115937213,,,0,0,3.238144208021533e-05,80.1289439201355,games_002400000_002499999.pickle
2026-08-14 21:07:38,mamba_ar_b16__seed_000,1,189,188,73899,18900000,4740629733,100000,25080324,3.2532385145439493,0.06182667337152423,,,0,0,3.199620183671711e-05,80.16979956626892,games_005300000_005399999.pickle
2026-08-14 21:09:21,mamba_ar_b16__seed_000,1,190,189,74290,19000000,4765709511,100000,25079778,3.2532473240909177,0.06183041173649942,3.2374322799608874,0.06214618855509042,100000,25083099,3.1644699471634826e-05,103.06220316886902,games_009700000_009799999.pickle
2026-08-14 21:10:42,mamba_ar_b16__seed_000,1,191,190,74681,19100000,4790791919,100000,25082408,3.2533440847832384,0.06187157150142841,,,0,0,3.132702414741511e-05,78.36489486694336,games_016600000_016699999.pickle
2026-08-14 21:12:02,mamba_ar_b16__seed_000,1,192,191,75072,19200000,4815873115,100000,25081196,3.253044964463071,0.06186738463349196,,,0,0,3.104325644590308e-05,79.73354291915894,games_012000000_012099999.pickle
2026-08-14 21:13:21,mamba_ar_b16__seed_000,1,193,192,75463,19300000,4840957896,100000,25084781,3.252942623942529,0.06188361779997202,,,0,0,3.0793468347901885e-05,79.38564705848694,games_011500000_011599999.pickle
2026-08-14 21:14:41,mamba_ar_b16__seed_000,1,194,193,75854,19400000,4866039845,100000,25081949,3.252694283672861,0.06179152983685598,,,0,0,3.057772321491396e-05,79.54180884361267,games_012600000_012699999.pickle
2026-08-14 21:16:25,mamba_ar_b16__seed_000,1,195,194,76245,19500000,4891119210,100000,25079365,3.252503577383022,0.06187509133504776,3.236668514212178,0.062029616037476074,100000,25083099,3.039607577306866e-05,103.13866329193115,games_003000000_003099999.pickle
2026-08-14 21:17:46,mamba_ar_b16__seed_000,1,196,195,76636,19600000,4916203020,100000,25083810,3.2527635663352776,0.06183940956337972,,,0,0,3.024857209924043e-05,79.21922421455383,games_006500000_006599999.pickle
2026-08-14 21:19:05,mamba_ar_b16__seed_000,1,197,196,77027,19700000,4941287774,100000,25084754,3.252439110572127,0.061900826294728664,,,0,0,3.013524960936085e-05,79.12376046180725,games_001600000_001699999.pickle
2026-08-14 21:20:25,mamba_ar_b16__seed_000,1,198,197,77418,19800000,4966369533,100000,25081759,3.251988693832809,0.06188433594310511,,,0,0,3.0056137048927726e-05,79.17896342277527,games_019500000_019599999.pickle
2026-08-14 21:21:45,mamba_ar_b16__seed_000,1,199,198,77809,19900000,4991451315,100000,25081782,3.25169264859458,0.061822840179378,,,0,0,3.0011254485713408e-05,79.63904666900635,games_014500000_014599999.pickle
2026-08-14 21:23:28,mamba_ar_b16__seed_000,1,200,199,78200,20000000,5016537246,100000,25085931,3.2518652465536917,0.06188739815955007,3.235929328735507,0.06210257352969025,100000,25083099,2.9999999999999997e-05,103.13310599327087,games_003400000_003499999.pickle
