board,system,metric,n,mean,sd,ci95_t_low,ci95_t_high
8,Mamba-AR,top1_legal,5,0.9983761761349339,0.00013674554307300835,0.9982063841171853,0.9985459681526825
8,Mamba-AR,legal_probability_mass,5,0.9937463535504394,0.000545675476003885,0.9930688079571827,0.9944238991436961
8,Mamba-AR,linear_relative_macro,5,0.9791686192837401,0.0014090023939205452,0.977419111737826,0.9809181268296542
8,Mamba-JEPA,top1_legal,5,0.997240418957183,4.407894835509825e-05,0.9971856877139318,0.9972951502004341
8,Mamba-JEPA,legal_probability_mass,5,0.9897544784039807,0.00046095465852981636,0.9891821275996799,0.9903268292082814
8,Mamba-JEPA,linear_relative_macro,5,0.9817472599505933,0.0007615578140892177,0.980801661030288,0.9826928588708986
8,Transformer-AR,top1_legal,5,0.9971259279798759,0.00011451287167260034,0.9969837414697891,0.9972681144899627
8,Transformer-AR,legal_probability_mass,5,0.9844365492525832,0.0006052241795827568,0.9836850641779529,0.9851880343272135
8,Transformer-AR,linear_relative_macro,5,0.969526990032372,0.0006603738333259243,0.9687070276181754,0.9703469524465685
8,Transformer-JEPA,top1_legal,5,0.9941928499761159,0.00013547508979329064,0.9940246354344662,0.9943610645177656
8,Transformer-JEPA,legal_probability_mass,5,0.9776362732656001,0.0007668635871297473,0.9766840863579277,0.9785884601732725
8,Transformer-JEPA,linear_relative_macro,5,0.9661603762405017,0.0024149877655282896,0.9631617728759426,0.9691589796050607
16,Mamba-AR,top1_legal,5,0.9902588461367406,0.0005173924873651058,0.9896164185122382,0.990901273761243
16,Mamba-AR,legal_probability_mass,5,0.9071963481155066,0.003611411047645791,0.9027121890349296,0.9116805071960837
16,Mamba-AR,linear_relative_macro,5,0.8343205891960503,0.0042546393600009225,0.8290377566773964,0.8396034217147043
16,Mamba-JEPA,top1_legal,5,0.9845609617883853,0.0007891879912516771,0.9835810554718333,0.9855408681049372
16,Mamba-JEPA,legal_probability_mass,5,0.9064891283504022,0.0025322891558688947,0.903344876072518,0.9096333806282864
16,Mamba-JEPA,linear_relative_macro,5,0.8389388155032952,0.0013354472367149088,0.8372806387479655,0.8405969922586248
16,Transformer-AR,top1_legal,5,0.9899255410665807,0.0001883181067758542,0.9896917132531873,0.9901593688799741
16,Transformer-AR,legal_probability_mass,5,0.8889151747888114,0.001322841874476508,0.8872726496579576,0.8905576999196653
16,Transformer-AR,linear_relative_macro,5,0.8296402129311913,0.0008003396961344634,0.8286464599441677,0.8306339659182148
16,Transformer-JEPA,top1_legal,5,0.975308850872308,0.0006213651721582548,0.9745373241083014,0.9760803776363146
16,Transformer-JEPA,legal_probability_mass,5,0.8784442404351159,0.000987138796323831,0.8772185457304904,0.8796699351397415
16,Transformer-JEPA,linear_relative_macro,5,0.783367260268179,0.0033428912213590897,0.7792165125887061,0.787518007947652
