system,architecture,objective,board,seed,legal_readout,top1_legal,legal_probability_mass,linear_relative_macro,linear_relative_overall,checkpoint_sha256,source_results
Mamba-AR,mamba,ar,8,0,Native AR head,0.998157927762006,0.9930032617188288,0.9796368705059604,,1d7e725418192720c9ecc3118869efa46170ed5f79ccc2139f9fffb17380cb2a,/content/drive/MyDrive/Master_Thesis_Artifacts/runs/seeded_replications/Mamba-AR/mamba_ar_8x8_bf16/seed_000/thesis_eval/final/results__unified_eval_v4.json
Mamba-AR,mamba,ar,8,1,Native AR head,0.998500157717472,0.9942991976178632,0.9801564155307144,,5992d241b42782f4af086ed71dce537ba8ebc362bf31aecadfb04183e7b031b3,/content/drive/MyDrive/Master_Thesis_Artifacts/runs/seeded_replications/Mamba-AR/mamba_ar_8x8_bf16/seed_001/thesis_eval/final/results__unified_eval_v4.json
Mamba-AR,mamba,ar,8,2,Native AR head,0.9983380309397588,0.9942390044704672,0.9805134504776988,,01c0e04cee8c0175e13d8bad97ae414b05eab5b6cdb642db10921a0f627c57ea,/content/drive/MyDrive/Master_Thesis_Artifacts/runs/seeded_replications/Mamba-AR/mamba_ar_8x8_bf16/seed_002/thesis_eval/final/results__unified_eval_v4.json
Mamba-AR,mamba,ar,8,3,Native AR head,0.998414345845586,0.9937448117600716,0.9770557479313536,,fefed6e1bbe8a99dc13bcbde77acb4bb4cc631d4359f08dda325fbd25db3dc2c,/content/drive/MyDrive/Master_Thesis_Artifacts/runs/seeded_replications/Mamba-AR/mamba_ar_8x8_bf16/seed_003/thesis_eval/final/results__unified_eval_v4.json
Mamba-AR,mamba,ar,8,42,native,0.9984704184098468,0.9934454921849663,0.9784806119729735,0.9832353515625,84968ae53eb2344db59aa9f1ee647fbdffdce86bb3010e4a70c361b4104c2b4d,G:\My Drive\Master_Thesis_Artifacts\runs\Mamba-AR\mamba_ar_8x8_bf16\thesis_eval\final\results__unified_eval_v4.json
Mamba-JEPA,mamba,jepa,8,0,Frozen MLP,0.997221459073164,0.9900541198938472,0.982072274343146,,c466a775c883a691b9d5f487cbe2a05013514d1631d9fb0bcaee895c28859729,/content/drive/MyDrive/Master_Thesis_Artifacts/runs/seeded_replications/Mamba-JEPA/mamba_jepa_v5_hd_infonce_allpos_b8/seed_000/thesis_eval/final/results__unified_eval_v4.json
Mamba-JEPA,mamba,jepa,8,1,Frozen MLP,0.9972177281222124,0.9902521298559394,0.9822475297626952,,21fc832a9d851ed2d2951344f9d80e89610511cb77f065fde40b43805d24b26d,/content/drive/MyDrive/Master_Thesis_Artifacts/runs/seeded_replications/Mamba-JEPA/mamba_jepa_v5_hd_infonce_allpos_b8/seed_001/thesis_eval/final/results__unified_eval_v4.json
Mamba-JEPA,mamba,jepa,8,2,Frozen MLP,0.9972692830808156,0.9897242323681572,0.9818762555784618,,2d233f6c79f9a072f9e942a4ef8e831ec389ba3aed4236291a01efe0eac412c2,/content/drive/MyDrive/Master_Thesis_Artifacts/runs/seeded_replications/Mamba-JEPA/mamba_jepa_v5_hd_infonce_allpos_b8/seed_002/thesis_eval/final/results__unified_eval_v4.json
Mamba-JEPA,mamba,jepa,8,3,Frozen MLP,0.997301504929943,0.989700636235032,0.9821338364534032,,efc79dc529c0351cac7dbf9fde3f7716493a16f5649f6adfdca647577c2fcd23,/content/drive/MyDrive/Master_Thesis_Artifacts/runs/seeded_replications/Mamba-JEPA/mamba_jepa_v5_hd_infonce_allpos_b8/seed_003/thesis_eval/final/results__unified_eval_v4.json
Mamba-JEPA,mamba,jepa,8,42,mlp,0.9971921195797794,0.9890412736669274,0.9804064036152611,0.9847822265625,6fb692303ad514c5122cb1e500f30b5f7576125ce81317e3a6f0a428612c351f,G:\My Drive\Master_Thesis_Artifacts\runs\Mamba-JEPA\mamba_jepa_v5_hd_infonce_allpos_b8\thesis_eval\final\results__unified_eval_v4.json
Transformer-AR,transformer,ar,8,0,Native AR head,0.9970766303407717,0.9842304830401428,0.9688189262033444,,c38baa5b2c844b04ae3e53da49d3540136c531f1f0725f4659fca50224118770,/content/drive/MyDrive/Master_Thesis_Artifacts/runs/seeded_replications/Transformer-AR/transformer_ar_b8_bf16/seed_000/thesis_eval/final/results__unified_eval_v4.json
Transformer-AR,transformer,ar,8,1,Native AR head,0.9972038218504838,0.9834693940528386,0.9693618471684252,,ba14a88df9f37c2f78cc2ba24b26b70b74081f2722fc71708fa42cc25481c930,/content/drive/MyDrive/Master_Thesis_Artifacts/runs/seeded_replications/Transformer-AR/transformer_ar_b8_bf16/seed_001/thesis_eval/final/results__unified_eval_v4.json
Transformer-AR,transformer,ar,8,2,Native AR head,0.99696232757071,0.9847464194773996,0.97053371073882,,25965b0c96cdfb3b2784d51773c992df7cba26d9f0fc0cf2c878ae1f9ab9fcad,/content/drive/MyDrive/Master_Thesis_Artifacts/runs/seeded_replications/Transformer-AR/transformer_ar_b8_bf16/seed_002/thesis_eval/final/results__unified_eval_v4.json
Transformer-AR,transformer,ar,8,3,Native AR head,0.9971298811861712,0.984964727626826,0.9697711576714808,,8945cc94c8face57f7b2fe99ba886d0f5cfe3492db6dbddb4a01c7450c853c2a,/content/drive/MyDrive/Master_Thesis_Artifacts/runs/seeded_replications/Transformer-AR/transformer_ar_b8_bf16/seed_003/thesis_eval/final/results__unified_eval_v4.json
Transformer-AR,transformer,ar,8,42,native,0.9972569789512421,0.9847717220657087,0.9691493083797895,0.9759423828125,a8372296a542876e0b4e5cee22a1e6940f9d3de6772e12835314e982a52b56d2,G:\My Drive\Master_Thesis_Artifacts\runs\Transformer-AR\transformer_ar_b8_bf16\thesis_eval\final\results__unified_eval_v4.json
Transformer-JEPA,transformer,jepa,8,0,Frozen Linear,0.9939762101000232,0.9776463783406212,0.9689135927698734,,37d4dd61621ee4b0c1e8eace9422e22c26776978fc8279e8872e2f06f1a71351,/content/drive/MyDrive/Master_Thesis_Artifacts/runs/seeded_replications/Transformer-JEPA/jepa_v5_infonce_b8_run_001_hd_allpos_bf16/seed_000/thesis_eval/final/results__unified_eval_v4.json
Transformer-JEPA,transformer,jepa,8,1,Frozen Linear,0.9942906275120325,0.976557864358744,0.963819299050075,,c75a1fc74eb33d49b0593af85c6407343bf71de7c5183d9a613e6e07bcd69043,/content/drive/MyDrive/Master_Thesis_Artifacts/runs/seeded_replications/Transformer-JEPA/jepa_v5_infonce_b8_run_001_hd_allpos_bf16/seed_001/thesis_eval/final/results__unified_eval_v4.json
Transformer-JEPA,transformer,jepa,8,2,Frozen Linear,0.994228897232652,0.9776219741129883,0.9674089124075408,,a7948e0bc69fdd42ab9944424a8037928d3c89a55de739f6d4a87428d3b310d1,/content/drive/MyDrive/Master_Thesis_Artifacts/runs/seeded_replications/Transformer-JEPA/jepa_v5_infonce_b8_run_001_hd_allpos_bf16/seed_002/thesis_eval/final/results__unified_eval_v4.json
Transformer-JEPA,transformer,jepa,8,3,Frozen MLP,0.9943123348630232,0.9787266795226008,0.963415612224504,,4a3d91e22f2ab45bbc85b58d27a15a36eaffefbeb858b43adb7ee113e73ecf8e,/content/drive/MyDrive/Master_Thesis_Artifacts/runs/seeded_replications/Transformer-JEPA/jepa_v5_infonce_b8_run_001_hd_allpos_bf16/seed_003/thesis_eval/final/results__unified_eval_v4.json
Transformer-JEPA,transformer,jepa,8,42,linear,0.9941561801728491,0.9776284699930459,0.9672444647505151,0.97453125,0c4eda770574ddd8577a7bf7ca0422a659e374232226e8b8ea7359c7d3447001,G:\My Drive\Master_Thesis_Artifacts\runs\Transformer-JEPA\jepa_v5_infonce_b8_run_001_hd_allpos_bf16\thesis_eval\final\results__unified_eval_v4.json
Mamba-AR,mamba,ar,16,0,Native AR head,0.9909764519715988,0.913066883789632,0.8412872080299055,,1e350a96ded6586032173bb406c6d6d9eec316a7a0105bf16a643fc0f55ee2bd,/content/drive/MyDrive/Master_Thesis_Artifacts/runs/seeded_replications/Mamba-AR/mamba_ar_b16/seed_000/thesis_eval/final/results__unified_eval_v4.json
Mamba-AR,mamba,ar,16,1,Native AR head,0.990193019436702,0.9035171240518638,0.8298276841427126,,3af7b6265cc72414d0691fb732b6b487e0d5051d71c12bec7eb2e25242b209b2,/content/drive/MyDrive/Master_Thesis_Artifacts/runs/seeded_replications/Mamba-AR/mamba_ar_b16/seed_001/thesis_eval/final/results__unified_eval_v4.json
Mamba-AR,mamba,ar,16,2,Native AR head,0.989588042068533,0.9052022862261198,0.8325872355136847,,c9b9b03fe7d38540fad933324c3f27309c5d1d14c50069bdff11eb602e2ba1cc,/content/drive/MyDrive/Master_Thesis_Artifacts/runs/seeded_replications/Mamba-AR/mamba_ar_b16/seed_002/thesis_eval/final/results__unified_eval_v4.json
Mamba-AR,mamba,ar,16,3,Native AR head,0.9900432701949172,0.9068031526661146,0.8344027746045989,,ce2a4acc067f71be608b3a6c4920c221adbaf94c98bf0c31dd93d36becfbf1ee,/content/drive/MyDrive/Master_Thesis_Artifacts/runs/seeded_replications/Mamba-AR/mamba_ar_b16/seed_003/thesis_eval/final/results__unified_eval_v4.json
Mamba-AR,mamba,ar,16,42,native,0.9904934470119522,0.9073922938438035,0.8334980436893495,0.873739501953125,86b7b3c19c1f85fb348a36b756849495aa535427abe9834cbe6ddebe7e52f184,G:\My Drive\Master_Thesis_Artifacts\runs\Mamba-AR\mamba_ar_b16\thesis_eval\final\results__unified_eval_v4.json
Mamba-JEPA,mamba,jepa,16,0,Frozen Linear,0.9853392462222804,0.9101844211710616,0.8386664991048612,,2da5d0c983cd5cca2e0b677249a6239101e4470e2602fca80b01c30637746fc0,/content/drive/MyDrive/Master_Thesis_Artifacts/runs/seeded_replications/Mamba-JEPA/mamba_jepa_v5_hd_infonce_allpos_b16/seed_000/thesis_eval/final/results__unified_eval_v4.json
Mamba-JEPA,mamba,jepa,16,1,Frozen Linear,0.9841422888908468,0.906974110000906,0.8381303456313945,,3bdf5631e3bc6c89754742c33cbfe961436e4a01fec60377d37a2ccbc444b771,/content/drive/MyDrive/Master_Thesis_Artifacts/runs/seeded_replications/Mamba-JEPA/mamba_jepa_v5_hd_infonce_allpos_b16/seed_001/thesis_eval/final/results__unified_eval_v4.json
Mamba-JEPA,mamba,jepa,16,2,Frozen Linear,0.9854685026232032,0.9070781047466708,0.8411174999279266,,325876cd5b57f99214b75b95944ab63a33a8ca161649e5ac930b9171657c8744,/content/drive/MyDrive/Master_Thesis_Artifacts/runs/seeded_replications/Mamba-JEPA/mamba_jepa_v5_hd_infonce_allpos_b16/seed_002/thesis_eval/final/results__unified_eval_v4.json
Mamba-JEPA,mamba,jepa,16,3,Frozen Linear,0.9837227039546,0.9039634583663312,0.839116688802259,,cc489ef82235bbaf6d70cc83217be4a11c96aaf1efb24211cf94a0376cbac53c,/content/drive/MyDrive/Master_Thesis_Artifacts/runs/seeded_replications/Mamba-JEPA/mamba_jepa_v5_hd_infonce_allpos_b16/seed_003/thesis_eval/final/results__unified_eval_v4.json
Mamba-JEPA,mamba,jepa,16,42,linear,0.984132067250996,0.904245547467041,0.8376630440500344,0.875616455078125,93fdf9560afd7bc712ac2c2fdf32c682a59a89176fcdff697c62695ac3fa05cc,G:\My Drive\Master_Thesis_Artifacts\runs\Mamba-JEPA\mamba_jepa_v5_hd_infonce_allpos_b16\thesis_eval\final\results__unified_eval_v4.json
Transformer-AR,transformer,ar,16,0,Native AR head,0.9901423056359698,0.8907714040740595,0.8305052327094465,,1fab25e92011b84d29d64657b993ed04653436011cfa8a6870a31c8eec1aa4f9,/content/drive/MyDrive/Master_Thesis_Artifacts/runs/seeded_replications/Transformer-AR/transformer_ar_b16/seed_000/thesis_eval/final/results__unified_eval_v4.json
Transformer-AR,transformer,ar,16,1,Native AR head,0.9899168843864886,0.8891349360554937,0.8300258171045097,,e945a9010c1efb9ab251f997c9502a223fac094630418b005dab44368747c302,/content/drive/MyDrive/Master_Thesis_Artifacts/runs/seeded_replications/Transformer-AR/transformer_ar_b16/seed_001/thesis_eval/final/results__unified_eval_v4.json
Transformer-AR,transformer,ar,16,2,Native AR head,0.9900254884691888,0.8893703875038265,0.8300965268135875,,2839b9b76efea48101943b3f7a8984b550ecdab9ed2097abde38421f6b46bd88,/content/drive/MyDrive/Master_Thesis_Artifacts/runs/seeded_replications/Transformer-AR/transformer_ar_b16/seed_002/thesis_eval/final/results__unified_eval_v4.json
Transformer-AR,transformer,ar,16,3,Native AR head,0.9896348486739258,0.8874315746226382,0.8287963350984621,,8d632f09d64539ce21780222f8d84a7bb3dab0d94d406c31baae492765766d99,/content/drive/MyDrive/Master_Thesis_Artifacts/runs/seeded_replications/Transformer-AR/transformer_ar_b16/seed_003/thesis_eval/final/results__unified_eval_v4.json
Transformer-AR,transformer,ar,16,42,native,0.9899081781673307,0.8878675716880394,0.8287771529299505,0.87024560546875,39ba5994de998b615353189561ee7f104209a48c2e27ae654a2fb1c47beb0623,G:\My Drive\Master_Thesis_Artifacts\runs\Transformer-AR\transformer_ar_b16\thesis_eval\final\results__unified_eval_v4.json
Transformer-JEPA,transformer,jepa,16,0,Frozen Linear,0.974350777631546,0.8776270453891325,0.7867139236395752,,318065f6633a198860466a57e4fec40959b7e6ece35bd595a7a1bb66bb67e6c8,/content/drive/MyDrive/Master_Thesis_Artifacts/runs/seeded_replications/Transformer-JEPA/transformer_jepa_v5_hd_infonce_allpos_b16/seed_000/thesis_eval/final/results__unified_eval_v4.json
Transformer-JEPA,transformer,jepa,16,1,Frozen Linear,0.975942760385664,0.8777069921612284,0.7779826584620634,,7046e3d2667316b7d5cdbadf2c1e586ed5a2242d528dbec09cf8802ad1010cb4,/content/drive/MyDrive/Master_Thesis_Artifacts/runs/seeded_replications/Transformer-JEPA/transformer_jepa_v5_hd_infonce_allpos_b16/seed_001/thesis_eval/final/results__unified_eval_v4.json
Transformer-JEPA,transformer,jepa,16,2,Frozen Linear,0.9751213722388988,0.8796851431096082,0.7854200848507095,,bbf3750b24981667030cde758d79aba5e90ca6ab74cb7c6fb253135ecfd60bf5,/content/drive/MyDrive/Master_Thesis_Artifacts/runs/seeded_replications/Transformer-JEPA/transformer_jepa_v5_hd_infonce_allpos_b16/seed_002/thesis_eval/final/results__unified_eval_v4.json
Transformer-JEPA,transformer,jepa,16,3,Frozen Linear,0.9757358385100348,0.8778602557589739,0.7829781137923039,,d27263bbcc9659b83bf42c99d630f5c49f6de85ccb5d58be10381843b0d8a39c,/content/drive/MyDrive/Master_Thesis_Artifacts/runs/seeded_replications/Transformer-JEPA/transformer_jepa_v5_hd_infonce_allpos_b16/seed_003/thesis_eval/final/results__unified_eval_v4.json
Transformer-JEPA,transformer,jepa,16,42,linear,0.9753935055953963,0.879341765756636,0.7837415205962436,0.834909912109375,b11199e3483a8a0a2da0fb225d0a7aedcb33a67fd968356542c70a78e812a571,G:\My Drive\Master_Thesis_Artifacts\runs\Transformer-JEPA\transformer_jepa_v5_hd_infonce_allpos_b16\thesis_eval\final\results__unified_eval_v4.json
