board,system,architecture,objective,legal_readout,k,legal_precision_at_k,checkpoint_sha256,split_manifest_hash,source_results
8,Transformer-AR,transformer,ar,native,1,0.9972275642656302,a8372296a542876e0b4e5cee22a1e6940f9d3de6772e12835314e982a52b56d2,9b203eaa68ee72bda13dbeae13566df1869b618995743b21c52397aaf9b5146f,G:\My Drive\Master_Thesis_Artifacts\runs\Transformer-AR\transformer_ar_b8_bf16\thesis_eval\final\results__unified_eval_v4.json
8,Transformer-AR,transformer,ar,native,2,0.9827814917698614,a8372296a542876e0b4e5cee22a1e6940f9d3de6772e12835314e982a52b56d2,9b203eaa68ee72bda13dbeae13566df1869b618995743b21c52397aaf9b5146f,G:\My Drive\Master_Thesis_Artifacts\runs\Transformer-AR\transformer_ar_b8_bf16\thesis_eval\final\results__unified_eval_v4.json
8,Transformer-AR,transformer,ar,native,3,0.9678315147773923,a8372296a542876e0b4e5cee22a1e6940f9d3de6772e12835314e982a52b56d2,9b203eaa68ee72bda13dbeae13566df1869b618995743b21c52397aaf9b5146f,G:\My Drive\Master_Thesis_Artifacts\runs\Transformer-AR\transformer_ar_b8_bf16\thesis_eval\final\results__unified_eval_v4.json
8,Transformer-AR,transformer,ar,native,5,0.9244889445139758,a8372296a542876e0b4e5cee22a1e6940f9d3de6772e12835314e982a52b56d2,9b203eaa68ee72bda13dbeae13566df1869b618995743b21c52397aaf9b5146f,G:\My Drive\Master_Thesis_Artifacts\runs\Transformer-AR\transformer_ar_b8_bf16\thesis_eval\final\results__unified_eval_v4.json
8,Transformer-JEPA,transformer,jepa,linear,1,0.9941552957456984,0c4eda770574ddd8577a7bf7ca0422a659e374232226e8b8ea7359c7d3447001,9b203eaa68ee72bda13dbeae13566df1869b618995743b21c52397aaf9b5146f,G:\My Drive\Master_Thesis_Artifacts\runs\Transformer-JEPA\jepa_v5_infonce_b8_run_001_hd_allpos_bf16\thesis_eval\final\results__unified_eval_v4.json
8,Transformer-JEPA,transformer,jepa,linear,2,0.9801499842282528,0c4eda770574ddd8577a7bf7ca0422a659e374232226e8b8ea7359c7d3447001,9b203eaa68ee72bda13dbeae13566df1869b618995743b21c52397aaf9b5146f,G:\My Drive\Master_Thesis_Artifacts\runs\Transformer-JEPA\jepa_v5_infonce_b8_run_001_hd_allpos_bf16\thesis_eval\final\results__unified_eval_v4.json
8,Transformer-JEPA,transformer,jepa,linear,3,0.9655208124880581,0c4eda770574ddd8577a7bf7ca0422a659e374232226e8b8ea7359c7d3447001,9b203eaa68ee72bda13dbeae13566df1869b618995743b21c52397aaf9b5146f,G:\My Drive\Master_Thesis_Artifacts\runs\Transformer-JEPA\jepa_v5_infonce_b8_run_001_hd_allpos_bf16\thesis_eval\final\results__unified_eval_v4.json
8,Transformer-JEPA,transformer,jepa,linear,5,0.9225624171135328,0c4eda770574ddd8577a7bf7ca0422a659e374232226e8b8ea7359c7d3447001,9b203eaa68ee72bda13dbeae13566df1869b618995743b21c52397aaf9b5146f,G:\My Drive\Master_Thesis_Artifacts\runs\Transformer-JEPA\jepa_v5_infonce_b8_run_001_hd_allpos_bf16\thesis_eval\final\results__unified_eval_v4.json
8,Mamba-AR,mamba,ar,native,1,0.9984275737625962,84968ae53eb2344db59aa9f1ee647fbdffdce86bb3010e4a70c361b4104c2b4d,9b203eaa68ee72bda13dbeae13566df1869b618995743b21c52397aaf9b5146f,G:\My Drive\Master_Thesis_Artifacts\runs\Mamba-AR\mamba_ar_8x8_bf16\thesis_eval\final\results__unified_eval_v4.json
8,Mamba-AR,mamba,ar,native,2,0.9839375777988068,84968ae53eb2344db59aa9f1ee647fbdffdce86bb3010e4a70c361b4104c2b4d,9b203eaa68ee72bda13dbeae13566df1869b618995743b21c52397aaf9b5146f,G:\My Drive\Master_Thesis_Artifacts\runs\Mamba-AR\mamba_ar_8x8_bf16\thesis_eval\final\results__unified_eval_v4.json
8,Mamba-AR,mamba,ar,native,3,0.9689959106516389,84968ae53eb2344db59aa9f1ee647fbdffdce86bb3010e4a70c361b4104c2b4d,9b203eaa68ee72bda13dbeae13566df1869b618995743b21c52397aaf9b5146f,G:\My Drive\Master_Thesis_Artifacts\runs\Mamba-AR\mamba_ar_8x8_bf16\thesis_eval\final\results__unified_eval_v4.json
8,Mamba-AR,mamba,ar,native,5,0.9256935668230275,84968ae53eb2344db59aa9f1ee647fbdffdce86bb3010e4a70c361b4104c2b4d,9b203eaa68ee72bda13dbeae13566df1869b618995743b21c52397aaf9b5146f,G:\My Drive\Master_Thesis_Artifacts\runs\Mamba-AR\mamba_ar_8x8_bf16\thesis_eval\final\results__unified_eval_v4.json
8,Mamba-JEPA,mamba,jepa,mlp,1,0.9971916114655515,6fb692303ad514c5122cb1e500f30b5f7576125ce81317e3a6f0a428612c351f,9b203eaa68ee72bda13dbeae13566df1869b618995743b21c52397aaf9b5146f,G:\My Drive\Master_Thesis_Artifacts\runs\Mamba-JEPA\mamba_jepa_v5_hd_infonce_allpos_b8\thesis_eval\final\results__unified_eval_v4.json
8,Mamba-JEPA,mamba,jepa,mlp,2,0.9828503447737856,6fb692303ad514c5122cb1e500f30b5f7576125ce81317e3a6f0a428612c351f,9b203eaa68ee72bda13dbeae13566df1869b618995743b21c52397aaf9b5146f,G:\My Drive\Master_Thesis_Artifacts\runs\Mamba-JEPA\mamba_jepa_v5_hd_infonce_allpos_b8\thesis_eval\final\results__unified_eval_v4.json
8,Mamba-JEPA,mamba,jepa,mlp,3,0.9680242805765562,6fb692303ad514c5122cb1e500f30b5f7576125ce81317e3a6f0a428612c351f,9b203eaa68ee72bda13dbeae13566df1869b618995743b21c52397aaf9b5146f,G:\My Drive\Master_Thesis_Artifacts\runs\Mamba-JEPA\mamba_jepa_v5_hd_infonce_allpos_b8\thesis_eval\final\results__unified_eval_v4.json
8,Mamba-JEPA,mamba,jepa,mlp,5,0.9249095244394246,6fb692303ad514c5122cb1e500f30b5f7576125ce81317e3a6f0a428612c351f,9b203eaa68ee72bda13dbeae13566df1869b618995743b21c52397aaf9b5146f,G:\My Drive\Master_Thesis_Artifacts\runs\Mamba-JEPA\mamba_jepa_v5_hd_infonce_allpos_b8\thesis_eval\final\results__unified_eval_v4.json
12,Transformer-AR,transformer,ar,native,1,0.9941532373597305,cc3270ad1e75d9198b247c3228fe1999f491816c151d49285a12e2f0d942f175,0ef44a8ff8095d9eb17b6bd95af4ebac29288521851bdfc9edbfb580bd185e4e,G:\My Drive\Master_Thesis_Artifacts\runs\Transformer-AR\transformer_ar_b12\thesis_eval\final\results__unified_eval_v4.json
12,Transformer-AR,transformer,ar,native,2,0.987619687441238,cc3270ad1e75d9198b247c3228fe1999f491816c151d49285a12e2f0d942f175,0ef44a8ff8095d9eb17b6bd95af4ebac29288521851bdfc9edbfb580bd185e4e,G:\My Drive\Master_Thesis_Artifacts\runs\Transformer-AR\transformer_ar_b12\thesis_eval\final\results__unified_eval_v4.json
12,Transformer-AR,transformer,ar,native,3,0.9811836123628621,cc3270ad1e75d9198b247c3228fe1999f491816c151d49285a12e2f0d942f175,0ef44a8ff8095d9eb17b6bd95af4ebac29288521851bdfc9edbfb580bd185e4e,G:\My Drive\Master_Thesis_Artifacts\runs\Transformer-AR\transformer_ar_b12\thesis_eval\final\results__unified_eval_v4.json
12,Transformer-AR,transformer,ar,native,5,0.9633716331225554,cc3270ad1e75d9198b247c3228fe1999f491816c151d49285a12e2f0d942f175,0ef44a8ff8095d9eb17b6bd95af4ebac29288521851bdfc9edbfb580bd185e4e,G:\My Drive\Master_Thesis_Artifacts\runs\Transformer-AR\transformer_ar_b12\thesis_eval\final\results__unified_eval_v4.json
12,Transformer-JEPA,transformer,jepa,linear,1,0.9852300420624812,8cda977e9fd018c8b4943cd941885f673edd35df9ff45223b2f49aa0117c1462,0ef44a8ff8095d9eb17b6bd95af4ebac29288521851bdfc9edbfb580bd185e4e,G:\My Drive\Master_Thesis_Artifacts\runs\Transformer-JEPA\transformer_jepa_v5_hd_infonce_allpos_b12\thesis_eval\final\results__unified_eval_v4.json
12,Transformer-JEPA,transformer,jepa,linear,2,0.9789116710931091,8cda977e9fd018c8b4943cd941885f673edd35df9ff45223b2f49aa0117c1462,0ef44a8ff8095d9eb17b6bd95af4ebac29288521851bdfc9edbfb580bd185e4e,G:\My Drive\Master_Thesis_Artifacts\runs\Transformer-JEPA\transformer_jepa_v5_hd_infonce_allpos_b12\thesis_eval\final\results__unified_eval_v4.json
12,Transformer-JEPA,transformer,jepa,linear,3,0.9727326733072421,8cda977e9fd018c8b4943cd941885f673edd35df9ff45223b2f49aa0117c1462,0ef44a8ff8095d9eb17b6bd95af4ebac29288521851bdfc9edbfb580bd185e4e,G:\My Drive\Master_Thesis_Artifacts\runs\Transformer-JEPA\transformer_jepa_v5_hd_infonce_allpos_b12\thesis_eval\final\results__unified_eval_v4.json
12,Transformer-JEPA,transformer,jepa,linear,5,0.9554052462485145,8cda977e9fd018c8b4943cd941885f673edd35df9ff45223b2f49aa0117c1462,0ef44a8ff8095d9eb17b6bd95af4ebac29288521851bdfc9edbfb580bd185e4e,G:\My Drive\Master_Thesis_Artifacts\runs\Transformer-JEPA\transformer_jepa_v5_hd_infonce_allpos_b12\thesis_eval\final\results__unified_eval_v4.json
12,Mamba-AR,mamba,ar,native,1,0.9951147395492429,3acd7992e6f7777a8c49d3c3acdcb331175731b3ffd0b60a711ce462618965f7,0ef44a8ff8095d9eb17b6bd95af4ebac29288521851bdfc9edbfb580bd185e4e,G:\My Drive\Master_Thesis_Artifacts\runs\Mamba-AR\mamba_ar_b12\thesis_eval\final\results__unified_eval_v4.json
12,Mamba-AR,mamba,ar,native,2,0.9888989547299198,3acd7992e6f7777a8c49d3c3acdcb331175731b3ffd0b60a711ce462618965f7,0ef44a8ff8095d9eb17b6bd95af4ebac29288521851bdfc9edbfb580bd185e4e,G:\My Drive\Master_Thesis_Artifacts\runs\Mamba-AR\mamba_ar_b12\thesis_eval\final\results__unified_eval_v4.json
12,Mamba-AR,mamba,ar,native,3,0.9826881132432073,3acd7992e6f7777a8c49d3c3acdcb331175731b3ffd0b60a711ce462618965f7,0ef44a8ff8095d9eb17b6bd95af4ebac29288521851bdfc9edbfb580bd185e4e,G:\My Drive\Master_Thesis_Artifacts\runs\Mamba-AR\mamba_ar_b12\thesis_eval\final\results__unified_eval_v4.json
12,Mamba-AR,mamba,ar,native,5,0.965305867985375,3acd7992e6f7777a8c49d3c3acdcb331175731b3ffd0b60a711ce462618965f7,0ef44a8ff8095d9eb17b6bd95af4ebac29288521851bdfc9edbfb580bd185e4e,G:\My Drive\Master_Thesis_Artifacts\runs\Mamba-AR\mamba_ar_b12\thesis_eval\final\results__unified_eval_v4.json
12,Mamba-JEPA,mamba,jepa,linear,1,0.98991891302739,1641cdb2a8f662034caaa027e93338f66e650aa227d1b84910353a41caab6466,0ef44a8ff8095d9eb17b6bd95af4ebac29288521851bdfc9edbfb580bd185e4e,G:\My Drive\Master_Thesis_Artifacts\runs\Mamba-JEPA\mamba_jepa_v5_hd_infonce_allpos_b12\thesis_eval\final\results__unified_eval_v4.json
12,Mamba-JEPA,mamba,jepa,linear,2,0.9839476072014469,1641cdb2a8f662034caaa027e93338f66e650aa227d1b84910353a41caab6466,0ef44a8ff8095d9eb17b6bd95af4ebac29288521851bdfc9edbfb580bd185e4e,G:\My Drive\Master_Thesis_Artifacts\runs\Mamba-JEPA\mamba_jepa_v5_hd_infonce_allpos_b12\thesis_eval\final\results__unified_eval_v4.json
12,Mamba-JEPA,mamba,jepa,linear,3,0.9780532829823712,1641cdb2a8f662034caaa027e93338f66e650aa227d1b84910353a41caab6466,0ef44a8ff8095d9eb17b6bd95af4ebac29288521851bdfc9edbfb580bd185e4e,G:\My Drive\Master_Thesis_Artifacts\runs\Mamba-JEPA\mamba_jepa_v5_hd_infonce_allpos_b12\thesis_eval\final\results__unified_eval_v4.json
12,Mamba-JEPA,mamba,jepa,linear,5,0.9612715326529196,1641cdb2a8f662034caaa027e93338f66e650aa227d1b84910353a41caab6466,0ef44a8ff8095d9eb17b6bd95af4ebac29288521851bdfc9edbfb580bd185e4e,G:\My Drive\Master_Thesis_Artifacts\runs\Mamba-JEPA\mamba_jepa_v5_hd_infonce_allpos_b12\thesis_eval\final\results__unified_eval_v4.json
16,Transformer-AR,transformer,ar,native,1,0.9899009366504092,39ba5994de998b615353189561ee7f104209a48c2e27ae654a2fb1c47beb0623,20dc4d4e6c57313038b202fb3f6f762a18beae2fe62617601bf77765f68a124e,G:\My Drive\Master_Thesis_Artifacts\runs\Transformer-AR\transformer_ar_b16\thesis_eval\final\results__unified_eval_v4.json
16,Transformer-AR,transformer,ar,native,2,0.9854604490164832,39ba5994de998b615353189561ee7f104209a48c2e27ae654a2fb1c47beb0623,20dc4d4e6c57313038b202fb3f6f762a18beae2fe62617601bf77765f68a124e,G:\My Drive\Master_Thesis_Artifacts\runs\Transformer-AR\transformer_ar_b16\thesis_eval\final\results__unified_eval_v4.json
16,Transformer-AR,transformer,ar,native,3,0.9811725280577159,39ba5994de998b615353189561ee7f104209a48c2e27ae654a2fb1c47beb0623,20dc4d4e6c57313038b202fb3f6f762a18beae2fe62617601bf77765f68a124e,G:\My Drive\Master_Thesis_Artifacts\runs\Transformer-AR\transformer_ar_b16\thesis_eval\final\results__unified_eval_v4.json
16,Transformer-AR,transformer,ar,native,5,0.9701180730509973,39ba5994de998b615353189561ee7f104209a48c2e27ae654a2fb1c47beb0623,20dc4d4e6c57313038b202fb3f6f762a18beae2fe62617601bf77765f68a124e,G:\My Drive\Master_Thesis_Artifacts\runs\Transformer-AR\transformer_ar_b16\thesis_eval\final\results__unified_eval_v4.json
16,Transformer-JEPA,transformer,jepa,linear,1,0.9753785294831777,b11199e3483a8a0a2da0fb225d0a7aedcb33a67fd968356542c70a78e812a571,20dc4d4e6c57313038b202fb3f6f762a18beae2fe62617601bf77765f68a124e,G:\My Drive\Master_Thesis_Artifacts\runs\Transformer-JEPA\transformer_jepa_v5_hd_infonce_allpos_b16\thesis_eval\final\results__unified_eval_v4.json
16,Transformer-JEPA,transformer,jepa,linear,2,0.9698915115383864,b11199e3483a8a0a2da0fb225d0a7aedcb33a67fd968356542c70a78e812a571,20dc4d4e6c57313038b202fb3f6f762a18beae2fe62617601bf77765f68a124e,G:\My Drive\Master_Thesis_Artifacts\runs\Transformer-JEPA\transformer_jepa_v5_hd_infonce_allpos_b16\thesis_eval\final\results__unified_eval_v4.json
16,Transformer-JEPA,transformer,jepa,linear,3,0.9648908995440143,b11199e3483a8a0a2da0fb225d0a7aedcb33a67fd968356542c70a78e812a571,20dc4d4e6c57313038b202fb3f6f762a18beae2fe62617601bf77765f68a124e,G:\My Drive\Master_Thesis_Artifacts\runs\Transformer-JEPA\transformer_jepa_v5_hd_infonce_allpos_b16\thesis_eval\final\results__unified_eval_v4.json
16,Transformer-JEPA,transformer,jepa,linear,5,0.9529735391176039,b11199e3483a8a0a2da0fb225d0a7aedcb33a67fd968356542c70a78e812a571,20dc4d4e6c57313038b202fb3f6f762a18beae2fe62617601bf77765f68a124e,G:\My Drive\Master_Thesis_Artifacts\runs\Transformer-JEPA\transformer_jepa_v5_hd_infonce_allpos_b16\thesis_eval\final\results__unified_eval_v4.json
16,Mamba-AR,mamba,ar,native,1,0.9904866172579223,86b7b3c19c1f85fb348a36b756849495aa535427abe9834cbe6ddebe7e52f184,20dc4d4e6c57313038b202fb3f6f762a18beae2fe62617601bf77765f68a124e,G:\My Drive\Master_Thesis_Artifacts\runs\Mamba-AR\mamba_ar_b16\thesis_eval\final\results__unified_eval_v4.json
16,Mamba-AR,mamba,ar,native,2,0.986374812464591,86b7b3c19c1f85fb348a36b756849495aa535427abe9834cbe6ddebe7e52f184,20dc4d4e6c57313038b202fb3f6f762a18beae2fe62617601bf77765f68a124e,G:\My Drive\Master_Thesis_Artifacts\runs\Mamba-AR\mamba_ar_b16\thesis_eval\final\results__unified_eval_v4.json
16,Mamba-AR,mamba,ar,native,3,0.9823636113063601,86b7b3c19c1f85fb348a36b756849495aa535427abe9834cbe6ddebe7e52f184,20dc4d4e6c57313038b202fb3f6f762a18beae2fe62617601bf77765f68a124e,G:\My Drive\Master_Thesis_Artifacts\runs\Mamba-AR\mamba_ar_b16\thesis_eval\final\results__unified_eval_v4.json
16,Mamba-AR,mamba,ar,native,5,0.9717354446009537,86b7b3c19c1f85fb348a36b756849495aa535427abe9834cbe6ddebe7e52f184,20dc4d4e6c57313038b202fb3f6f762a18beae2fe62617601bf77765f68a124e,G:\My Drive\Master_Thesis_Artifacts\runs\Mamba-AR\mamba_ar_b16\thesis_eval\final\results__unified_eval_v4.json
16,Mamba-JEPA,mamba,jepa,linear,1,0.9841221150047066,93fdf9560afd7bc712ac2c2fdf32c682a59a89176fcdff697c62695ac3fa05cc,20dc4d4e6c57313038b202fb3f6f762a18beae2fe62617601bf77765f68a124e,G:\My Drive\Master_Thesis_Artifacts\runs\Mamba-JEPA\mamba_jepa_v5_hd_infonce_allpos_b16\thesis_eval\final\results__unified_eval_v4.json
16,Mamba-JEPA,mamba,jepa,linear,2,0.9798336890342968,93fdf9560afd7bc712ac2c2fdf32c682a59a89176fcdff697c62695ac3fa05cc,20dc4d4e6c57313038b202fb3f6f762a18beae2fe62617601bf77765f68a124e,G:\My Drive\Master_Thesis_Artifacts\runs\Mamba-JEPA\mamba_jepa_v5_hd_infonce_allpos_b16\thesis_eval\final\results__unified_eval_v4.json
16,Mamba-JEPA,mamba,jepa,linear,3,0.9758174643392008,93fdf9560afd7bc712ac2c2fdf32c682a59a89176fcdff697c62695ac3fa05cc,20dc4d4e6c57313038b202fb3f6f762a18beae2fe62617601bf77765f68a124e,G:\My Drive\Master_Thesis_Artifacts\runs\Mamba-JEPA\mamba_jepa_v5_hd_infonce_allpos_b16\thesis_eval\final\results__unified_eval_v4.json
16,Mamba-JEPA,mamba,jepa,linear,5,0.965547260517831,93fdf9560afd7bc712ac2c2fdf32c682a59a89176fcdff697c62695ac3fa05cc,20dc4d4e6c57313038b202fb3f6f762a18beae2fe62617601bf77765f68a124e,G:\My Drive\Master_Thesis_Artifacts\runs\Mamba-JEPA\mamba_jepa_v5_hd_infonce_allpos_b16\thesis_eval\final\results__unified_eval_v4.json
