system,board,probe,encoding,input_layernorm,layer,max_layer,normalized_depth,overall,macro,empty,occupied,final_overall,final_macro,n_labels,n_occupied_labels,source_results,source_sha256,recall_black,recall_empty,recall_white,recall_mine,recall_yours
Mamba-AR,8,linear,absolute,True,11,15,0.7333333333333333,75.49755859375,68.78160722977395,99.99794932368695,53.22230011410332,74.441796875,67.53969728259209,1024000,536356,G:\My Drive\Master_Thesis_Artifacts\runs\Mamba-AR\mamba_ar_8x8_bf16\thesis_eval\final\results__unified_eval_v4.json,b56cb4d27e594e901b090da6d6456681ccc7fcfbe662cdee9125589a03a85778,56.79139072847682,99.99794932368695,49.5554816371581,,
Mamba-AR,8,linear,relative,True,12,15,0.8,98.32353515625,97.84806119729735,99.99036182132868,96.80809014908009,97.5013671875,96.85879495674733,1024000,536356,G:\My Drive\Master_Thesis_Artifacts\runs\Mamba-AR\mamba_ar_8x8_bf16\thesis_eval\final\results__unified_eval_v4.json,b56cb4d27e594e901b090da6d6456681ccc7fcfbe662cdee9125589a03a85778,,99.99036182132868,,96.39223992760945,97.16158184295396
Mamba-AR,8,mlp,absolute,True,10,15,0.6666666666666666,89.43369140625,86.55061601709436,99.98010843976344,79.84510287943083,74.26064453125,67.30807949074821,1024000,536356,G:\My Drive\Master_Thesis_Artifacts\runs\Mamba-AR\mamba_ar_8x8_bf16\thesis_eval\final\results__unified_eval_v4.json,b56cb4d27e594e901b090da6d6456681ccc7fcfbe662cdee9125589a03a85778,80.51949963208241,99.98010843976344,79.15223997943724,,
Mamba-AR,8,mlp,relative,True,12,15,0.8,98.16025390624999,97.6182968860484,99.96841958477906,96.51630633385288,96.88525390625,96.07606080098856,1024000,536356,G:\My Drive\Master_Thesis_Artifacts\runs\Mamba-AR\mamba_ar_8x8_bf16\thesis_eval\final\results__unified_eval_v4.json,b56cb4d27e594e901b090da6d6456681ccc7fcfbe662cdee9125589a03a85778,,99.96841958477906,,95.54173209814925,97.34473897521687
Mamba-JEPA,8,linear,absolute,True,12,15,0.8,75.60166015624999,68.9191469049239,99.99938479710609,53.41974360312926,74.50986328125,67.68365720949942,1024000,536356,G:\My Drive\Master_Thesis_Artifacts\runs\Mamba-JEPA\mamba_jepa_v5_hd_infonce_allpos_b8\thesis_eval\final\results__unified_eval_v4.json,eee68eb7e2358001c0341a04f0297dbcbce034694436c65f5681a722e26e1336,56.39367181751288,99.99938479710609,50.364384100152705,,
Mamba-JEPA,8,linear,relative,True,13,15,0.8666666666666667,98.47822265625,98.04064036152612,99.97006012582949,97.12187427753209,96.541796875,95.70381905655834,1024000,536356,G:\My Drive\Master_Thesis_Artifacts\runs\Mamba-JEPA\mamba_jepa_v5_hd_infonce_allpos_b8\thesis_eval\final\results__unified_eval_v4.json,eee68eb7e2358001c0341a04f0297dbcbce034694436c65f5681a722e26e1336,,99.97006012582949,,96.509103598833,97.64275735991583
Mamba-JEPA,8,mlp,absolute,True,9,15,0.6,91.41220703125,89.30618225170286,99.12251560564674,84.40215081028273,78.21142578125,72.44200207496458,1024000,536356,G:\My Drive\Master_Thesis_Artifacts\runs\Mamba-JEPA\mamba_jepa_v5_hd_infonce_allpos_b8\thesis_eval\final\results__unified_eval_v4.json,eee68eb7e2358001c0341a04f0297dbcbce034694436c65f5681a722e26e1336,84.70419426048565,99.12251560564674,84.09183688897625,,
Mamba-JEPA,8,mlp,relative,True,12,15,0.8,98.30205078125,97.81606679998195,99.98851621264693,96.76875060594084,95.6642578125,94.64338765708123,1024000,536356,G:\My Drive\Master_Thesis_Artifacts\runs\Mamba-JEPA\mamba_jepa_v5_hd_infonce_allpos_b8\thesis_eval\final\results__unified_eval_v4.json,eee68eb7e2358001c0341a04f0297dbcbce034694436c65f5681a722e26e1336,,99.98851621264693,,96.24981232830577,97.20987185899315
Transformer-AR,8,linear,absolute,True,3,8,0.375,75.5728515625,68.87814109589239,99.99876959421216,53.36530215006451,75.17294921874999,68.39348786154996,1024000,536356,G:\My Drive\Master_Thesis_Artifacts\runs\Transformer-AR\transformer_ar_b8_bf16\thesis_eval\final\results__unified_eval_v4.json,781186a9468b73fb54aec8f58ef4026179fd19ecd7c2fc1b61f905d751066e97,56.83296541574687,99.99876959421216,49.80268827771814,,
Transformer-AR,8,linear,relative,True,6,8,0.75,97.59423828125,96.91493083797896,99.9913871594852,95.41479912595365,97.509765625,96.82400071516955,1024000,536356,G:\My Drive\Master_Thesis_Artifacts\runs\Transformer-AR\transformer_ar_b8_bf16\thesis_eval\final\results__unified_eval_v4.json,781186a9468b73fb54aec8f58ef4026179fd19ecd7c2fc1b61f905d751066e97,,99.9913871594852,,94.90669166250746,95.84671369194419
Transformer-AR,8,mlp,absolute,True,5,8,0.625,95.19677734375,93.88431803455913,99.99876959421216,90.8309033552342,85.566015625,81.65136103574272,1024000,536356,G:\My Drive\Master_Thesis_Artifacts\runs\Transformer-AR\transformer_ar_b8_bf16\thesis_eval\final\results__unified_eval_v4.json,781186a9468b73fb54aec8f58ef4026179fd19ecd7c2fc1b61f905d751066e97,91.1092715231788,99.99876959421216,90.54491298628645,,
Transformer-AR,8,mlp,relative,True,6,8,0.75,97.37724609375,96.61225838155802,99.98031350739474,95.01058998128109,97.16611328125,96.37738314874099,1024000,536356,G:\My Drive\Master_Thesis_Artifacts\runs\Transformer-AR\transformer_ar_b8_bf16\thesis_eval\final\results__unified_eval_v4.json,781186a9468b73fb54aec8f58ef4026179fd19ecd7c2fc1b61f905d751066e97,,99.98031350739474,,93.9121331271988,95.94432851008054
Transformer-JEPA,8,linear,absolute,True,4,8,0.5,75.68828125,69.0224928469246,100.0,53.58455950898284,75.03330078125,68.3367940454112,1024000,536356,G:\My Drive\Master_Thesis_Artifacts\runs\Transformer-JEPA\jepa_v5_infonce_b8_run_001_hd_allpos_bf16\thesis_eval\final\results__unified_eval_v4.json,1835e02701f93d20e14b5f2a187fd907f9c188d349b06a58c2d2e89d74a60126,57.29654157468727,100.0,49.77093696608657,,
Transformer-JEPA,8,linear,relative,True,6,8,0.75,97.453125,96.72444647505151,99.98810607738432,95.1483716039347,96.59853515625,95.72488996484485,1024000,536356,G:\My Drive\Master_Thesis_Artifacts\runs\Transformer-JEPA\jepa_v5_infonce_b8_run_001_hd_allpos_bf16\thesis_eval\final\results__unified_eval_v4.json,1835e02701f93d20e14b5f2a187fd907f9c188d349b06a58c2d2e89d74a60126,,99.98810607738432,,94.40474596353691,95.78048738423331
Transformer-JEPA,8,mlp,absolute,True,5,8,0.625,95.93798828125,94.83128340609593,99.99938479710609,92.24544891825579,89.53154296875,86.89218595687524,1024000,536356,G:\My Drive\Master_Thesis_Artifacts\runs\Transformer-JEPA\jepa_v5_infonce_b8_run_001_hd_allpos_bf16\thesis_eval\final\results__unified_eval_v4.json,1835e02701f93d20e14b5f2a187fd907f9c188d349b06a58c2d2e89d74a60126,92.11515820456218,99.99938479710609,92.37930721661954,,
Transformer-JEPA,8,mlp,relative,True,6,8,0.75,97.21689453124999,96.41389403870383,99.96657397609732,94.71694173272975,95.974609375,94.9738658263792,1024000,536356,G:\My Drive\Master_Thesis_Artifacts\runs\Transformer-JEPA\jepa_v5_infonce_b8_run_001_hd_allpos_bf16\thesis_eval\final\results__unified_eval_v4.json,1835e02701f93d20e14b5f2a187fd907f9c188d349b06a58c2d2e89d74a60126,,99.96657397609732,,93.65811695294208,95.61699118707207
Mamba-AR,12,linear,absolute,True,10,15,0.6666666666666666,74.55108506944444,66.77043534484967,99.99725097368739,50.157439081616694,74.25581597222222,66.40140130880401,2304000,1176328,G:\My Drive\Master_Thesis_Artifacts\runs\Mamba-AR\mamba_ar_b12\thesis_eval\final\results__unified_eval_v4.json,3ebccaa408f8c75584b2e15f12498bbf3876d39c0121268b72d078fd12159c54,50.506319870528834,99.99725097368739,49.8077351903328,,
Mamba-AR,12,linear,relative,True,12,15,0.8,93.41306423611111,91.36731030499548,99.97188898899681,87.12552961418923,93.18849826388889,91.08810880654828,2304000,1176328,G:\My Drive\Master_Thesis_Artifacts\runs\Mamba-AR\mamba_ar_b12\thesis_eval\final\results__unified_eval_v4.json,3ebccaa408f8c75584b2e15f12498bbf3876d39c0121268b72d078fd12159c54,,99.97188898899681,,85.77233234575917,88.35770958023048
Mamba-AR,12,mlp,absolute,True,11,15,0.7333333333333333,74.4771701388889,66.67685899663148,99.98075681581169,50.028478451588335,74.05438368055556,66.14286416312635,2304000,1176328,G:\My Drive\Master_Thesis_Artifacts\runs\Mamba-AR\mamba_ar_b12\thesis_eval\final\results__unified_eval_v4.json,3ebccaa408f8c75584b2e15f12498bbf3876d39c0121268b72d078fd12159c54,53.0534578004507,99.98075681581169,46.99636237363206,,
Mamba-AR,12,mlp,relative,True,12,15,0.8,92.42330729166667,90.06420346219292,99.89855206123767,85.25725817969138,92.01236979166667,89.54421329236864,2304000,1176328,G:\My Drive\Master_Thesis_Artifacts\runs\Mamba-AR\mamba_ar_b12\thesis_eval\final\results__unified_eval_v4.json,3ebccaa408f8c75584b2e15f12498bbf3876d39c0121268b72d078fd12159c54,,99.89855206123767,,82.79212961063655,87.50192871470452
Mamba-JEPA,12,linear,absolute,True,12,15,0.8,74.77860243055555,67.06760819690888,99.99671890407849,50.60357315306615,73.73697916666667,65.82762224609765,2304000,1176328,G:\My Drive\Master_Thesis_Artifacts\runs\Mamba-JEPA\mamba_jepa_v5_hd_infonce_allpos_b12\thesis_eval\final\results__unified_eval_v4.json,6ff2e6d4d61e64d479a73796503502baeba2f4d68c4e82e4635ca5510de7ab38,51.044650908454855,99.99671890407849,50.1614547781933,,
Mamba-JEPA,12,linear,relative,True,12,15,0.8,94.54192708333333,92.85442358398045,99.97960399832576,89.32916669500344,93.03450520833333,91.00901394160003,2304000,1176328,G:\My Drive\Master_Thesis_Artifacts\runs\Mamba-JEPA\mamba_jepa_v5_hd_infonce_allpos_b12\thesis_eval\final\results__unified_eval_v4.json,6ff2e6d4d61e64d479a73796503502baeba2f4d68c4e82e4635ca5510de7ab38,,99.97960399832576,,88.49425560036602,90.08941115324957
Mamba-JEPA,12,mlp,absolute,True,9,15,0.6,75.24244791666666,67.79386949878837,99.60006101064849,51.892329350317254,73.19869791666666,65.21539953745504,2304000,1176328,G:\My Drive\Master_Thesis_Artifacts\runs\Mamba-JEPA\mamba_jepa_v5_hd_infonce_allpos_b12\thesis_eval\final\results__unified_eval_v4.json,6ff2e6d4d61e64d479a73796503502baeba2f4d68c4e82e4635ca5510de7ab38,53.21105123994451,99.60006101064849,50.570496245772134,,
Mamba-JEPA,12,mlp,relative,True,12,15,0.8,93.7669704861111,91.84564267078855,99.88303336431161,87.90388395073482,91.41414930555555,89.01516148805202,2304000,1176328,G:\My Drive\Master_Thesis_Artifacts\runs\Mamba-JEPA\mamba_jepa_v5_hd_infonce_allpos_b12\thesis_eval\final\results__unified_eval_v4.json,6ff2e6d4d61e64d479a73796503502baeba2f4d68c4e82e4635ca5510de7ab38,,99.88303336431161,,86.18329638105499,89.47059826699908
Transformer-AR,12,linear,absolute,True,5,8,0.625,74.95915798611111,67.30458525247734,99.99210763413475,50.9616365503499,74.71853298611111,66.99173976555444,2304000,1176328,G:\My Drive\Master_Thesis_Artifacts\runs\Transformer-AR\transformer_ar_b12\thesis_eval\final\results__unified_eval_v4.json,bd017698c6df12ae05c845bbf470035952a563e9dd1a5523c4db04c6d3f79dbf,51.65040069150915,99.99210763413475,50.271247431788126,,
Transformer-AR,12,linear,relative,True,7,8,0.875,91.73532986111111,89.16675195239668,99.97942664178946,83.83223046633252,91.73038194444445,89.16327040531527,2304000,1176328,G:\My Drive\Master_Thesis_Artifacts\runs\Transformer-AR\transformer_ar_b12\thesis_eval\final\results__unified_eval_v4.json,bd017698c6df12ae05c845bbf470035952a563e9dd1a5523c4db04c6d3f79dbf,,99.97942664178946,,82.22616221306987,85.2946670023307
Transformer-AR,12,mlp,absolute,True,5,8,0.625,79.00021701388889,72.59137820782452,99.95734575302038,58.909929883501874,75.8958767361111,68.5314693774862,2304000,1176328,G:\My Drive\Master_Thesis_Artifacts\runs\Transformer-AR\transformer_ar_b12\thesis_eval\final\results__unified_eval_v4.json,bd017698c6df12ae05c845bbf470035952a563e9dd1a5523c4db04c6d3f79dbf,60.21156239969976,99.95734575302038,57.60522647075344,,
Transformer-AR,12,mlp,relative,True,7,8,0.875,90.859375,88.0102484029801,99.93934406458615,82.1549771832346,90.79539930555556,87.93277453508024,2304000,1176328,G:\My Drive\Master_Thesis_Artifacts\runs\Transformer-AR\transformer_ar_b12\thesis_eval\final\results__unified_eval_v4.json,bd017698c6df12ae05c845bbf470035952a563e9dd1a5523c4db04c6d3f79dbf,,99.93934406458615,,79.71114793456681,84.38025320978731
Transformer-JEPA,12,linear,absolute,True,5,8,0.625,74.901171875,67.22721835686008,99.99716229541924,50.84321719792438,73.801953125,65.99330645741034,2304000,1176328,G:\My Drive\Master_Thesis_Artifacts\runs\Transformer-JEPA\transformer_jepa_v5_hd_infonce_allpos_b12\thesis_eval\final\results__unified_eval_v4.json,177ae9616a0501120e22d0753eede69b0c1103907012d6eba2382ec5616290f4,51.66619399956186,99.99716229541924,50.018298775599135,,
Transformer-JEPA,12,linear,relative,True,6,8,0.75,91.20950520833333,88.47530936664641,99.97126824111976,82.81015159037275,90.25238715277779,87.44083149278022,2304000,1176328,G:\My Drive\Master_Thesis_Artifacts\runs\Transformer-JEPA\transformer_jepa_v5_hd_infonce_allpos_b12\thesis_eval\final\results__unified_eval_v4.json,177ae9616a0501120e22d0753eede69b0c1103907012d6eba2382ec5616290f4,,99.97126824111976,,80.95795288539918,84.49670697342027
Transformer-JEPA,12,mlp,absolute,True,6,8,0.75,81.48980034722221,75.83700943798041,99.97481537184572,63.76937384811039,76.384375,69.46487042969454,2304000,1176328,G:\My Drive\Master_Thesis_Artifacts\runs\Transformer-JEPA\transformer_jepa_v5_hd_infonce_allpos_b12\thesis_eval\final\results__unified_eval_v4.json,177ae9616a0501120e22d0753eede69b0c1103907012d6eba2382ec5616290f4,64.84375663361394,99.97481537184572,62.69245630848162,,
Transformer-JEPA,12,mlp,relative,True,6,8,0.75,90.38020833333333,87.39891480900332,99.91788392369413,81.23703592875457,88.7162326388889,85.5435543917201,2304000,1176328,G:\My Drive\Master_Thesis_Artifacts\runs\Transformer-JEPA\transformer_jepa_v5_hd_infonce_allpos_b12\thesis_eval\final\results__unified_eval_v4.json,177ae9616a0501120e22d0753eede69b0c1103907012d6eba2382ec5616290f4,,99.91788392369413,,79.05421193543727,83.22464856787857
Mamba-AR,16,linear,absolute,True,11,15,0.7333333333333333,74.623779296875,66.58341571065488,99.97987993213555,49.88273848801627,74.423974609375,66.323308445753,4096000,2073144,G:\My Drive\Master_Thesis_Artifacts\runs\Mamba-AR\mamba_ar_b16\thesis_eval\final\results__unified_eval_v4.json,7e93404c83952b11b2df1690ecaa7c38441e0c89aa679e51f0f714df8f84a812,49.15686907962294,99.97987993213555,50.61349812020614,,
Mamba-AR,16,linear,relative,True,11,15,0.7333333333333333,87.3739501953125,83.34980436893495,99.94888415191195,75.10404487097857,87.06201171875,82.93357796641497,4096000,2073144,G:\My Drive\Master_Thesis_Artifacts\runs\Mamba-AR\mamba_ar_b16\thesis_eval\final\results__unified_eval_v4.json,7e93404c83952b11b2df1690ecaa7c38441e0c89aa679e51f0f714df8f84a812,,99.94888415191195,,73.21090687930801,76.88962207558488
Mamba-AR,16,mlp,absolute,True,11,15,0.7333333333333333,74.3322021484375,66.26084707843506,99.79346033528832,49.48855458183319,74.0994873046875,65.92327817959676,4096000,2073144,G:\My Drive\Master_Thesis_Artifacts\runs\Mamba-AR\mamba_ar_b16\thesis_eval\final\results__unified_eval_v4.json,7e93404c83952b11b2df1690ecaa7c38441e0c89aa679e51f0f714df8f84a812,47.711556729855815,99.79346033528832,51.27752417016103,,
Mamba-AR,16,mlp,relative,True,11,15,0.7333333333333333,85.7954345703125,81.40510729442984,99.43120024361596,72.49042999425028,85.28952636718749,80.6613905517798,4096000,2073144,G:\My Drive\Master_Thesis_Artifacts\runs\Mamba-AR\mamba_ar_b16\thesis_eval\final\results__unified_eval_v4.json,7e93404c83952b11b2df1690ecaa7c38441e0c89aa679e51f0f714df8f84a812,,99.43120024361596,,69.0277104219171,75.75641121775645
Mamba-JEPA,16,linear,absolute,True,13,15,0.8666666666666667,74.2754638671875,66.18031249022283,99.80616514472607,49.36405768243788,73.54658203125,65.34601022374545,4096000,2073144,G:\My Drive\Master_Thesis_Artifacts\runs\Mamba-JEPA\mamba_jepa_v5_hd_infonce_allpos_b16\thesis_eval\final\results__unified_eval_v4.json,ec76268d32e19eaf25f29080129cafecd06e25c1f848a4779fb104b590a81c00,48.37594658728602,99.80616514472607,50.358825738656385,,
Mamba-JEPA,16,linear,relative,True,12,15,0.8,87.5616455078125,83.76630440500344,99.37350953305624,76.03630042100308,85.962451171875,81.74664869874138,4096000,2073144,G:\My Drive\Master_Thesis_Artifacts\runs\Mamba-JEPA\mamba_jepa_v5_hd_infonce_allpos_b16\thesis_eval\final\results__unified_eval_v4.json,ec76268d32e19eaf25f29080129cafecd06e25c1f848a4779fb104b590a81c00,,99.37350953305624,,73.44553715525946,78.47986652669466
Mamba-JEPA,16,mlp,absolute,True,13,15,0.8666666666666667,73.82155761718751,65.65803318662294,99.57045879686937,48.69724437858634,72.98115234375,64.69895545524311,4096000,2073144,G:\My Drive\Master_Thesis_Artifacts\runs\Mamba-JEPA\mamba_jepa_v5_hd_infonce_allpos_b16\thesis_eval\final\results__unified_eval_v4.json,ec76268d32e19eaf25f29080129cafecd06e25c1f848a4779fb104b590a81c00,47.33878690680851,99.57045879686937,50.06485385619093,,
Mamba-JEPA,16,mlp,relative,True,13,15,0.8666666666666667,85.5826416015625,81.26155810168079,99.02889775643942,72.46254963475765,83.5094970703125,78.69526950240312,4096000,2073144,G:\My Drive\Master_Thesis_Artifacts\runs\Mamba-JEPA\mamba_jepa_v5_hd_infonce_allpos_b16\thesis_eval\final\results__unified_eval_v4.json,ec76268d32e19eaf25f29080129cafecd06e25c1f848a4779fb104b590a81c00,,99.02889775643942,,69.4823624814164,75.27341406718656
Transformer-AR,16,linear,absolute,True,5,8,0.625,74.7871826171875,66.80634861924696,99.95634884539483,50.228541770373894,74.59326171875,66.54094961555937,4096000,2073144,G:\My Drive\Master_Thesis_Artifacts\runs\Transformer-AR\transformer_ar_b16\thesis_eval\final\results__unified_eval_v4.json,58e6a7372e4b0b3f8e5428b546474404407961d66f0711f1f9beae84bf39e44c,49.39531869560368,99.95634884539483,51.067378316742364,,
Transformer-AR,16,linear,relative,True,8,8,1.0,87.024560546875,82.87771529299505,99.96939970022581,74.39372277082538,87.024560546875,82.87771529299505,4096000,2073144,G:\My Drive\Master_Thesis_Artifacts\runs\Transformer-AR\transformer_ar_b16\thesis_eval\final\results__unified_eval_v4.json,58e6a7372e4b0b3f8e5428b546474404407961d66f0711f1f9beae84bf39e44c,,99.96939970022581,,72.21653562087087,76.44721055788843
Transformer-AR,16,mlp,absolute,True,7,8,0.875,74.94052734374999,67.03267035722074,99.88590389034118,50.60024773966497,74.5926025390625,66.56975841951252,4096000,2073144,G:\My Drive\Master_Thesis_Artifacts\runs\Transformer-AR\transformer_ar_b16\thesis_eval\final\results__unified_eval_v4.json,58e6a7372e4b0b3f8e5428b546474404407961d66f0711f1f9beae84bf39e44c,48.87669078084557,99.88590389034118,52.33541640047547,,
Transformer-AR,16,mlp,relative,True,7,8,0.875,85.163330078125,80.48584044215886,99.6995831636063,70.97968110271164,85.1208740234375,80.42601894897244,4096000,2073144,G:\My Drive\Master_Thesis_Artifacts\runs\Transformer-AR\transformer_ar_b16\thesis_eval\final\results__unified_eval_v4.json,58e6a7372e4b0b3f8e5428b546474404407961d66f0711f1f9beae84bf39e44c,,99.6995831636063,,67.43449035243236,74.32344781043791
Transformer-JEPA,16,linear,absolute,True,6,8,0.75,74.3572265625,66.26106609557519,99.88773298741977,49.44601050385308,73.6142822265625,65.49731744174899,4096000,2073144,G:\My Drive\Master_Thesis_Artifacts\runs\Transformer-JEPA\transformer_jepa_v5_hd_infonce_allpos_b16\thesis_eval\final\results__unified_eval_v4.json,ed06b3b9c9058ee344d2277ea656613e7a4eabfdccfaf5f68e20efb25ea4473d,48.93476480022152,99.88773298741977,49.960700499084304,,
Transformer-JEPA,16,linear,relative,True,7,8,0.875,83.49099121093751,78.37415205962436,99.45992201125537,67.90941680848026,82.47099609375,77.2082697499509,4096000,2073144,G:\My Drive\Master_Thesis_Artifacts\runs\Transformer-JEPA\transformer_jepa_v5_hd_infonce_allpos_b16\thesis_eval\final\results__unified_eval_v4.json,ed06b3b9c9058ee344d2277ea656613e7a4eabfdccfaf5f68e20efb25ea4473d,,99.45992201125537,,65.15844748495425,70.50408668266347
Transformer-JEPA,16,mlp,absolute,True,7,8,0.875,73.8241455078125,65.70478500320822,99.43095306833507,48.83847914086045,73.0837646484375,64.89872086381901,4096000,2073144,G:\My Drive\Master_Thesis_Artifacts\runs\Transformer-JEPA\transformer_jepa_v5_hd_infonce_allpos_b16\thesis_eval\final\results__unified_eval_v4.json,ed06b3b9c9058ee344d2277ea656613e7a4eabfdccfaf5f68e20efb25ea4473d,47.882028975474306,99.43095306833507,49.80137296581525,,
Transformer-JEPA,16,mlp,relative,True,7,8,0.875,81.5550048828125,75.99060987507289,98.92384826206117,64.60747540932998,80.2083984375,74.4057202182023,4096000,2073144,G:\My Drive\Master_Thesis_Artifacts\runs\Transformer-JEPA\transformer_jepa_v5_hd_infonce_allpos_b16\thesis_eval\final\results__unified_eval_v4.json,ed06b3b9c9058ee344d2277ea656613e7a4eabfdccfaf5f68e20efb25ea4473d,,98.92384826206117,,61.66870721798653,67.37927414517097
