board,metric_label,effect_label,p_exact_sign_flip,wins_positive,ties,wins_negative,hedges_gz
8,Top-1 νομιμότητα,Αρχιτεκτονική,0.0625,5,0,0,45.071562415802596
8,Top-1 νομιμότητα,Objective,0.0625,0,0,5,-14.426684336205023
8,Top-1 νομιμότητα,Αλληλεπίδραση,0.0625,5,0,0,6.615406966738136
8,Νόμιμη μάζα,Αρχιτεκτονική,0.0625,5,0,0,9.073902950652473
8,Νόμιμη μάζα,Objective,0.0625,0,0,5,-9.71277271173054
8,Νόμιμη μάζα,Αλληλεπίδραση,0.0625,5,0,0,4.268261107564493
8,Σχετική κατάσταση,Αρχιτεκτονική,0.0625,5,0,0,7.884057168579795
8,Σχετική κατάσταση,Objective,0.5,2,0,3,-0.2822944906940134
8,Σχετική κατάσταση,Αλληλεπίδραση,0.0625,5,0,0,1.3120631977109578
16,Top-1 νομιμότητα,Αρχιτεκτονική,0.0625,5,0,0,5.4820698290402285
16,Top-1 νομιμότητα,Objective,0.0625,0,0,5,-17.8491569776433
16,Top-1 νομιμότητα,Αλληλεπίδραση,0.0625,5,0,0,4.929218205242554
16,Νόμιμη μάζα,Αρχιτεκτονική,0.0625,5,0,0,7.652640750058229
16,Νόμιμη μάζα,Objective,0.0625,0,0,5,-2.6113485932975706
16,Νόμιμη μάζα,Αλληλεπίδραση,0.0625,5,0,0,2.0490678328531833
16,Σχετική κατάσταση,Αρχιτεκτονική,0.0625,5,0,0,24.61861245185053
16,Σχετική κατάσταση,Objective,0.0625,0,0,5,-8.732893303884236
16,Σχετική κατάσταση,Αλληλεπίδραση,0.0625,5,0,0,5.872914773693692
