system,board,method,readout,n_cases,target_top1_legal,delta_top1_pp,target_legal_mass,delta_legal_mass_pp,topn_error,delta_topn_error,delta_vs_random_top1_pp,delta_vs_random_legal_mass_pp,delta_vs_random_topn_error,source_results
Transformer-AR,8,li,native_ar,1000,0.985,5.399999999999993,0.9303783056735992,2.2877828180789983,1.268,-0.9339999999999999,,,,G:\My Drive\Master_Thesis_Artifacts\runs\Transformer-AR\transformer_ar_b8_bf16\causal_intervention\causal_intervention_suite_v2\full\readout_native\results__causal_intervention_suite_v2.json
Transformer-AR,8,nanda,native_ar,1000,0.943,1.19999999999999,0.9113792117536068,0.3878734260797545,1.694,-0.508,,,,G:\My Drive\Master_Thesis_Artifacts\runs\Transformer-AR\transformer_ar_b8_bf16\causal_intervention\causal_intervention_suite_v2\full\readout_native\results__causal_intervention_suite_v2.json
Transformer-AR,8,adapted,native_ar,1000,0.998,6.699999999999995,0.9711849647760391,6.368448728322984,0.34,-1.8619999999999999,7.599999999999996,6.378337299823755,-1.886,G:\My Drive\Master_Thesis_Artifacts\runs\Transformer-AR\transformer_ar_b8_bf16\causal_intervention\causal_intervention_suite_v2\full\readout_native\results__causal_intervention_suite_v2.json
Transformer-AR,12,li,native_ar,1000,0.96,-1.0000000000000009,0.8993863717317582,-0.4947233557701103,5.594,2.6660000000000004,,,,G:\My Drive\Master_Thesis_Artifacts\runs\Transformer-AR\transformer_ar_b12\causal_intervention\causal_intervention_suite_v2\full\readout_native\results__causal_intervention_suite_v2.json
Transformer-AR,12,nanda,native_ar,1000,0.979,0.9000000000000008,0.9081878233551979,0.38542180657386016,2.3,-0.6280000000000001,,,,G:\My Drive\Master_Thesis_Artifacts\runs\Transformer-AR\transformer_ar_b12\causal_intervention\causal_intervention_suite_v2\full\readout_native\results__causal_intervention_suite_v2.json
Transformer-AR,12,adapted,native_ar,1000,0.997,2.7000000000000024,0.931568363070488,2.7234757781028684,1.688,-1.24,4.400000000000004,2.8689864933490683,-1.414,G:\My Drive\Master_Thesis_Artifacts\runs\Transformer-AR\transformer_ar_b12\causal_intervention\causal_intervention_suite_v2\full\readout_native\results__causal_intervention_suite_v2.json
Transformer-AR,16,li,native_ar,1000,0.955,-0.9000000000000008,0.8743960602879525,0.11340003013611266,10.066,5.054000000000001,,,,G:\My Drive\Master_Thesis_Artifacts\runs\Transformer-AR\transformer_ar_b16\causal_intervention\causal_intervention_suite_v2\full\readout_native\results__causal_intervention_suite_v2.json
Transformer-AR,16,nanda,native_ar,1000,0.988,2.400000000000002,0.8739173405170441,0.06552805304527176,4.582,-0.4299999999999997,,,,G:\My Drive\Master_Thesis_Artifacts\runs\Transformer-AR\transformer_ar_b16\causal_intervention\causal_intervention_suite_v2\full\readout_native\results__causal_intervention_suite_v2.json
Transformer-AR,16,adapted,native_ar,1000,0.994,3.0000000000000027,0.8838657121062279,1.0603652119636542,4.446,-0.5659999999999998,2.8000000000000025,1.1252150475978828,-0.7540000000000004,G:\My Drive\Master_Thesis_Artifacts\runs\Transformer-AR\transformer_ar_b16\causal_intervention\causal_intervention_suite_v2\full\readout_native\results__causal_intervention_suite_v2.json
Transformer-JEPA,8,li,linear,1000,0.972,4.799999999999994,0.9244527861177921,2.302239838242537,1.792,-0.688,,,,G:\My Drive\Master_Thesis_Artifacts\runs\Transformer-JEPA\jepa_v5_infonce_b8_run_001_hd_allpos_bf16\causal_intervention\causal_intervention_suite_v2\full\readout_best\results__causal_intervention_suite_v2.json
Transformer-JEPA,8,nanda,linear,1000,0.938,1.3999999999999901,0.907173563092947,0.5743175357580288,2.156,-0.32399999999999984,,,,G:\My Drive\Master_Thesis_Artifacts\runs\Transformer-JEPA\jepa_v5_infonce_b8_run_001_hd_allpos_bf16\causal_intervention\causal_intervention_suite_v2\full\readout_best\results__causal_intervention_suite_v2.json
Transformer-JEPA,8,adapted,linear,1000,0.989,6.499999999999995,0.9610843334496021,5.965394571423532,0.364,-2.116,7.699999999999996,6.138444492220874,-2.124,G:\My Drive\Master_Thesis_Artifacts\runs\Transformer-JEPA\jepa_v5_infonce_b8_run_001_hd_allpos_bf16\causal_intervention\causal_intervention_suite_v2\full\readout_best\results__causal_intervention_suite_v2.json
Transformer-JEPA,12,li,linear,1000,0.953,0.20000000000000018,0.8880549218654633,-1.687489306926726,6.26,3.1359999999999997,,,,G:\My Drive\Master_Thesis_Artifacts\runs\Transformer-JEPA\transformer_jepa_v5_hd_infonce_allpos_b12\causal_intervention\causal_intervention_suite_v2\full\readout_best\results__causal_intervention_suite_v2.json
Transformer-JEPA,12,nanda,linear,1000,0.963,1.200000000000001,0.9119451458752156,0.701533094048501,2.432,-0.6920000000000002,,,,G:\My Drive\Master_Thesis_Artifacts\runs\Transformer-JEPA\transformer_jepa_v5_hd_infonce_allpos_b12\causal_intervention\causal_intervention_suite_v2\full\readout_best\results__causal_intervention_suite_v2.json
Transformer-JEPA,12,adapted,linear,1000,0.983,3.200000000000003,0.9267872961759567,2.1857481241226107,1.876,-1.2480000000000002,2.6000000000000023,2.339218598604198,-1.286,G:\My Drive\Master_Thesis_Artifacts\runs\Transformer-JEPA\transformer_jepa_v5_hd_infonce_allpos_b12\causal_intervention\causal_intervention_suite_v2\full\readout_best\results__causal_intervention_suite_v2.json
Transformer-JEPA,16,li,linear,1000,0.959,-0.10000000000000009,0.8689111557900906,0.4863281875848835,10.246,4.668,,,,G:\My Drive\Master_Thesis_Artifacts\runs\Transformer-JEPA\transformer_jepa_v5_hd_infonce_allpos_b16\causal_intervention\causal_intervention_suite_v2\full\readout_best\results__causal_intervention_suite_v2.json
Transformer-JEPA,16,nanda,linear,1000,0.957,-0.30000000000000027,0.8651317761540412,0.10839022397994835,5.336,-0.242,,,,G:\My Drive\Master_Thesis_Artifacts\runs\Transformer-JEPA\transformer_jepa_v5_hd_infonce_allpos_b16\causal_intervention\causal_intervention_suite_v2\full\readout_best\results__causal_intervention_suite_v2.json
Transformer-JEPA,16,adapted,linear,1000,0.959,-0.10000000000000009,0.8718456201553345,0.7797746241092751,5.124,-0.4540000000000006,0.9000000000000008,0.9273290514946075,-0.6200000000000001,G:\My Drive\Master_Thesis_Artifacts\runs\Transformer-JEPA\transformer_jepa_v5_hd_infonce_allpos_b16\causal_intervention\causal_intervention_suite_v2\full\readout_best\results__causal_intervention_suite_v2.json
Mamba-AR,8,li,native_ar,1000,0.935,0.7000000000000006,0.9120062349438667,0.012947818636888098,2.124,-0.13999999999999968,,,,G:\My Drive\Master_Thesis_Artifacts\runs\Mamba-AR\mamba_ar_8x8_bf16\causal_intervention\causal_intervention_suite_v2\full\readout_native\results__causal_intervention_suite_v2.json
Mamba-AR,8,nanda,native_ar,1000,0.93,0.20000000000000018,0.9119987210631371,0.012196430563926608,2.24,-0.023999999999999577,,,,G:\My Drive\Master_Thesis_Artifacts\runs\Mamba-AR\mamba_ar_8x8_bf16\causal_intervention\causal_intervention_suite_v2\full\readout_native\results__causal_intervention_suite_v2.json
Mamba-AR,8,adapted,native_ar,1000,0.992,6.399999999999995,0.9753561398983002,6.347938314080237,0.23,-2.034,7.099999999999995,6.437657868862157,-2.04,G:\My Drive\Master_Thesis_Artifacts\runs\Mamba-AR\mamba_ar_8x8_bf16\causal_intervention\causal_intervention_suite_v2\full\readout_native\results__causal_intervention_suite_v2.json
Mamba-AR,12,li,native_ar,1000,0.968,0.9000000000000008,0.9260611469745637,0.22767502367496695,2.742,0.021999999999999797,,,,G:\My Drive\Master_Thesis_Artifacts\runs\Mamba-AR\mamba_ar_b12\causal_intervention\causal_intervention_suite_v2\full\readout_native\results__causal_intervention_suite_v2.json
Mamba-AR,12,nanda,native_ar,1000,0.963,0.40000000000000036,0.9239270849227905,0.014268818497653601,2.696,-0.02400000000000002,,,,G:\My Drive\Master_Thesis_Artifacts\runs\Mamba-AR\mamba_ar_b12\causal_intervention\causal_intervention_suite_v2\full\readout_native\results__causal_intervention_suite_v2.json
Mamba-AR,12,adapted,native_ar,1000,0.994,3.500000000000003,0.9508506824970245,2.706628575921055,1.222,-1.4980000000000002,3.8000000000000034,2.7721220403909674,-1.6019999999999999,G:\My Drive\Master_Thesis_Artifacts\runs\Mamba-AR\mamba_ar_b12\causal_intervention\causal_intervention_suite_v2\full\readout_native\results__causal_intervention_suite_v2.json
Mamba-AR,16,li,native_ar,1000,0.97,0.40000000000000036,0.8945029693245887,0.5683667600154818,4.848,0.1639999999999997,,,,G:\My Drive\Master_Thesis_Artifacts\runs\Mamba-AR\mamba_ar_b16\causal_intervention\causal_intervention_suite_v2\full\readout_native\results__causal_intervention_suite_v2.json
Mamba-AR,16,nanda,native_ar,1000,0.97,0.40000000000000036,0.8888878344893455,0.006853276491158855,4.676,-0.008000000000000007,,,,G:\My Drive\Master_Thesis_Artifacts\runs\Mamba-AR\mamba_ar_b16\causal_intervention\causal_intervention_suite_v2\full\readout_native\results__causal_intervention_suite_v2.json
Mamba-AR,16,adapted,native_ar,1000,0.992,2.6000000000000023,0.903603486418724,1.4784184694290103,3.87,-0.8140000000000001,3.0000000000000027,1.4737379729747757,-0.944,G:\My Drive\Master_Thesis_Artifacts\runs\Mamba-AR\mamba_ar_b16\causal_intervention\causal_intervention_suite_v2\full\readout_native\results__causal_intervention_suite_v2.json
Mamba-JEPA,8,li,mlp,1000,0.927,1.100000000000001,0.9110986686944962,0.10210501849651221,2.402,-0.06999999999999984,,,,G:\My Drive\Master_Thesis_Artifacts\runs\Mamba-JEPA\mamba_jepa_v5_hd_infonce_allpos_b8\causal_intervention\causal_intervention_suite_v2\full\readout_best\results__causal_intervention_suite_v2.json
Mamba-JEPA,8,nanda,mlp,1000,0.917,0.10000000000000009,0.9101792952120304,0.010167670249938698,2.462,-0.009999999999999787,,,,G:\My Drive\Master_Thesis_Artifacts\runs\Mamba-JEPA\mamba_jepa_v5_hd_infonce_allpos_b8\causal_intervention\causal_intervention_suite_v2\full\readout_best\results__causal_intervention_suite_v2.json
Mamba-JEPA,8,adapted,mlp,1000,0.995,7.899999999999996,0.9705472812354564,6.0469662725925355,0.304,-2.168,6.799999999999995,6.2194035589694945,-2.128,G:\My Drive\Master_Thesis_Artifacts\runs\Mamba-JEPA\mamba_jepa_v5_hd_infonce_allpos_b8\causal_intervention\causal_intervention_suite_v2\full\readout_best\results__causal_intervention_suite_v2.json
Mamba-JEPA,12,li,linear,1000,0.959,1.6000000000000014,0.9223324445188046,0.04694641232491081,2.876,0.009999999999999787,,,,G:\My Drive\Master_Thesis_Artifacts\runs\Mamba-JEPA\mamba_jepa_v5_hd_infonce_allpos_b12\causal_intervention\causal_intervention_suite_v2\full\readout_best\results__causal_intervention_suite_v2.json
Mamba-JEPA,12,nanda,linear,1000,0.945,0.20000000000000018,0.9221394963860512,0.027651599049571818,2.848,-0.018000000000000238,,,,G:\My Drive\Master_Thesis_Artifacts\runs\Mamba-JEPA\mamba_jepa_v5_hd_infonce_allpos_b12\causal_intervention\causal_intervention_suite_v2\full\readout_best\results__causal_intervention_suite_v2.json
Mamba-JEPA,12,adapted,linear,1000,0.99,4.700000000000005,0.9474076899290085,2.5544709533453003,1.238,-1.6280000000000001,3.8000000000000034,2.627283123135571,-1.634,G:\My Drive\Master_Thesis_Artifacts\runs\Mamba-JEPA\mamba_jepa_v5_hd_infonce_allpos_b12\causal_intervention\causal_intervention_suite_v2\full\readout_best\results__causal_intervention_suite_v2.json
Mamba-JEPA,16,li,linear,1000,0.96,-0.30000000000000027,0.8850087222158909,-0.08044740259647298,4.816,0.15399999999999991,,,,G:\My Drive\Master_Thesis_Artifacts\runs\Mamba-JEPA\mamba_jepa_v5_hd_infonce_allpos_b16\causal_intervention\causal_intervention_suite_v2\full\readout_best\results__causal_intervention_suite_v2.json
Mamba-JEPA,16,nanda,linear,1000,0.964,0.10000000000000009,0.8859457329511643,0.013253670930868378,4.624,-0.038000000000000256,,,,G:\My Drive\Master_Thesis_Artifacts\runs\Mamba-JEPA\mamba_jepa_v5_hd_infonce_allpos_b16\causal_intervention\causal_intervention_suite_v2\full\readout_best\results__causal_intervention_suite_v2.json
Mamba-JEPA,16,adapted,linear,1000,0.976,1.3000000000000012,0.8939296600818634,0.8116463840007748,3.858,-0.8039999999999998,0.0,0.9940203309059092,-0.9780000000000002,G:\My Drive\Master_Thesis_Artifacts\runs\Mamba-JEPA\mamba_jepa_v5_hd_infonce_allpos_b16\causal_intervention\causal_intervention_suite_v2\full\readout_best\results__causal_intervention_suite_v2.json
