board,metric,effect,n,mean_difference,sd_difference,ci95_low,ci95_high,t_statistic,p_paired_t,p_exact_sign_flip,hedges_gz,wins_positive,ties,wins_negative,p_holm,significant_holm_0_05
8,top1_legal,architecture_main,5,0.002148908568062513,3.814216242584183e-05,0.0021015488181647048,0.002196268317960321,125.97884676732404,2.381103799761415e-08,0.0625,45.071562415802596,5,0,0,7.143311399284244e-08,True
8,top1_legal,objective_main,5,-0.0020344175907554217,0.00011281414597253637,-0.0021744948542976247,-0.001894340327213219,-40.323808582107326,2.260094265157569e-06,0.0625,-14.426684336205023,0,0,5,4.520188530315138e-06,True
8,top1_legal,interaction,5,0.0017973208260087191,0.00021734969111294761,0.0015274455395330629,0.0020671961124843754,18.490624595565198,5.0341234300824996e-05,0.0625,6.615406966738136,5,0,0,5.0341234300824996e-05,True
8,legal_probability_mass,architecture_main,5,0.010714004718118408,0.0009445994541828775,0.0095411295831366,0.011886879853100215,25.36232977361856,1.4351819626526648e-05,0.0625,9.073902950652473,5,0,0,3.2839861193490085e-05,True
8,legal_probability_mass,objective_main,5,-0.005396075566720948,0.0004444519172329748,-0.0059479355112817735,-0.004844215622160123,-27.148025041793073,1.0946620397830028e-05,0.0625,-9.71277271173054,0,0,5,3.2839861193490085e-05,True
8,legal_probability_mass,interaction,5,0.0028084008405243168,0.0005263784515051499,0.002154815667860125,0.0034619860131885087,11.930152477790934,0.00028280946007960714,0.0625,4.268261107564493,5,0,0,0.00028280946007960714,True
8,linear_relative_macro,architecture_main,5,0.012614256480730002,0.0012799761555257509,0.011024956169854412,0.014203556791605591,22.03660970929867,2.5097668493732904e-05,0.0625,7.884057168579795,5,0,0,7.52930054811987e-05,True
8,linear_relative_macro,objective_main,5,-0.0003939865625085082,0.0011165263949428211,-0.0017803371901532492,0.000992364065136233,-0.7890370885818697,0.4742273237989818,0.5,-0.2822944906940134,2,0,3,0.4742273237989818,False
8,linear_relative_macro,interaction,5,0.00594525445872367,0.003624980546117496,0.0014442466204205463,0.010446262297026793,3.66732812607181,0.021441493312887614,0.0625,1.3120631977109578,5,0,0,0.04288298662577523,True
16,top1_legal,architecture_main,5,0.0047927079931185945,0.0006994012323929375,0.003924286662556938,0.005661129323680251,15.32285099391825,0.0001058183662345917,0.0625,5.4820698290402285,5,0,0,0.0002116367324691834,True
16,top1_legal,objective_main,5,-0.010157287271314087,0.0004552500617944679,-0.010722554883224317,-0.009592019659403856,-49.88991042884388,9.659130039300178e-07,0.0625,-17.8491569776433,0,0,5,2.8977390117900534e-06,True
16,top1_legal,interaction,5,0.008918805845917421,0.0014475002687333537,0.007121496874840939,0.010716114816993904,13.777583728564826,0.00016082672806018309,0.0625,4.929218205242554,5,0,0,0.0002116367324691834,True
16,legal_probability_mass,architecture_main,5,0.023163030620990767,0.002421441839753371,0.02015641346482471,0.026169647777156822,21.38978115564397,2.8250363652654944e-05,0.0625,7.652640750058229,5,0,0,8.475109095796484e-05,True
16,legal_probability_mass,objective_main,5,-0.0055890770594000825,0.0017122423482625986,-0.007715106739437627,-0.0034630473793625387,-7.298941209452274,0.0018733949021838305,0.0625,-2.6113485932975706,0,0,5,0.003746789804367661,True
16,legal_probability_mass,interaction,5,0.009763714588591066,0.003811963442906926,0.005030536819064658,0.014496892358117474,5.727318705959868,0.004601087439366489,0.0625,2.0490678328531833,5,0,0,0.004601087439366489,True
16,linear_relative_macro,architecture_main,5,0.03012596574998756,0.0009789655142882939,0.02891041951541275,0.03134151198456237,68.81111369257569,2.672425944281136e-07,0.0625,24.61861245185053,5,0,0,8.017277832843407e-07,True
16,linear_relative_macro,objective_main,5,-0.02082736317788365,0.0019079461940633132,-0.023196391277561963,-0.018458335078205337,-24.40917883467235,1.6714550123863987e-05,0.0625,-8.732893303884236,0,0,5,3.3429100247727974e-05,True
16,linear_relative_macro,interaction,5,0.05089117897025708,0.006932323172570031,0.042283562862963156,0.059498795077551,16.41529582505236,8.062827257616872e-05,0.0625,5.872914773693692,5,0,0,8.062827257616872e-05,True
