system,architecture,objective,board,seed,precision,legal_readout,top1_legal,legal_probability_mass,top1_ci_low,top1_ci_high,legal_mass_ci_low,legal_mass_ci_high,linear_absolute_macro,linear_absolute_overall,linear_relative_macro,linear_relative_overall,linear_relative_layer,mlp_absolute_macro,mlp_absolute_overall,mlp_relative_macro,mlp_relative_overall,mlp_relative_layer,checkpoint_sha256,split_manifest_hash,source_results
Mamba-AR,mamba,ar,8,42,bf16,native,0.9984704184098468,0.9934454921849663,0.998410894452496,0.9985302508080912,0.9933488392949315,0.9935414791205869,0.6878160722977396,0.7549755859375,0.9784806119729735,0.9832353515625,12,0.8655061601709436,0.8943369140625,0.976182968860484,0.9816025390625,12,84968ae53eb2344db59aa9f1ee647fbdffdce86bb3010e4a70c361b4104c2b4d,9b203eaa68ee72bda13dbeae13566df1869b618995743b21c52397aaf9b5146f,G:\My Drive\Master_Thesis_Artifacts\runs\Mamba-AR\mamba_ar_8x8_bf16\thesis_eval\final\results__unified_eval_v4.json
Mamba-JEPA,mamba,jepa,8,42,bf16,mlp,0.9971921195797794,0.9890412736669274,0.9971041142787493,0.9972771957962191,0.9889425832508594,0.9891449643148369,0.689191469049239,0.7560166015625,0.9804064036152611,0.9847822265625,13,0.8930618225170287,0.9141220703125,0.9781606679998195,0.9830205078125,12,6fb692303ad514c5122cb1e500f30b5f7576125ce81317e3a6f0a428612c351f,9b203eaa68ee72bda13dbeae13566df1869b618995743b21c52397aaf9b5146f,G:\My Drive\Master_Thesis_Artifacts\runs\Mamba-JEPA\mamba_jepa_v5_hd_infonce_allpos_b8\thesis_eval\final\results__unified_eval_v4.json
Transformer-AR,transformer,ar,8,42,bf16,native,0.9972569789512421,0.9847717220657087,0.9971680813470116,0.9973398489687642,0.984649904195081,0.9848973340894304,0.6887814109589239,0.755728515625,0.9691493083797895,0.9759423828125,6,0.9388431803455913,0.9519677734375,0.9661225838155802,0.9737724609375,6,a8372296a542876e0b4e5cee22a1e6940f9d3de6772e12835314e982a52b56d2,9b203eaa68ee72bda13dbeae13566df1869b618995743b21c52397aaf9b5146f,G:\My Drive\Master_Thesis_Artifacts\runs\Transformer-AR\transformer_ar_b8_bf16\thesis_eval\final\results__unified_eval_v4.json
Transformer-JEPA,transformer,jepa,8,42,bf16,linear,0.9941561801728491,0.9776284699930459,0.9940371322847299,0.9942805229338932,0.9775180111313605,0.9777407932625132,0.6902249284692461,0.7568828125,0.9672444647505151,0.97453125,6,0.9483128340609593,0.9593798828125,0.9641389403870383,0.9721689453125,6,0c4eda770574ddd8577a7bf7ca0422a659e374232226e8b8ea7359c7d3447001,9b203eaa68ee72bda13dbeae13566df1869b618995743b21c52397aaf9b5146f,G:\My Drive\Master_Thesis_Artifacts\runs\Transformer-JEPA\jepa_v5_infonce_b8_run_001_hd_allpos_bf16\thesis_eval\final\results__unified_eval_v4.json
Mamba-AR,mamba,ar,12,42,bf16,native,0.9951178834019424,0.9541236508004808,0.9950482188734574,0.9951866632345028,0.9540274365335828,0.95422026900471,0.6677043534484968,0.7455108506944444,0.9136731030499549,0.9341306423611111,12,0.6667685899663148,0.7447717013888889,0.9006420346219292,0.9242330729166667,12,3acd7992e6f7777a8c49d3c3acdcb331175731b3ffd0b60a711ce462618965f7,0ef44a8ff8095d9eb17b6bd95af4ebac29288521851bdfc9edbfb580bd185e4e,G:\My Drive\Master_Thesis_Artifacts\runs\Mamba-AR\mamba_ar_b12\thesis_eval\final\results__unified_eval_v4.json
Mamba-JEPA,mamba,jepa,12,42,bf16,linear,0.9899254071068756,0.9547231496898568,0.989813261074479,0.990037073225393,0.9546349119793063,0.9548072008969203,0.6706760819690888,0.7477860243055555,0.9285442358398045,0.9454192708333333,12,0.6779386949878837,0.7524244791666667,0.9184564267078855,0.9376697048611111,12,1641cdb2a8f662034caaa027e93338f66e650aa227d1b84910353a41caab6466,0ef44a8ff8095d9eb17b6bd95af4ebac29288521851bdfc9edbfb580bd185e4e,G:\My Drive\Master_Thesis_Artifacts\runs\Mamba-JEPA\mamba_jepa_v5_hd_infonce_allpos_b12\thesis_eval\final\results__unified_eval_v4.json
Transformer-AR,transformer,ar,12,42,bf16,native,0.9941569950082461,0.9313532396113255,0.9940837123409492,0.9942284842682503,0.9312362832036294,0.9314738035094875,0.6730458525247734,0.7495915798611111,0.8916675195239668,0.9173532986111111,7,0.7259137820782452,0.7900021701388888,0.880102484029801,0.90859375,7,cc3270ad1e75d9198b247c3228fe1999f491816c151d49285a12e2f0d942f175,0ef44a8ff8095d9eb17b6bd95af4ebac29288521851bdfc9edbfb580bd185e4e,G:\My Drive\Master_Thesis_Artifacts\runs\Transformer-AR\transformer_ar_b12\thesis_eval\final\results__unified_eval_v4.json
Transformer-JEPA,transformer,jepa,12,42,bf16,linear,0.9852395964510525,0.9330207031950863,0.9851077741946715,0.985370279445945,0.9329183794686957,0.933125035992305,0.6722721835686007,0.74901171875,0.8847530936664642,0.9120950520833333,6,0.7583700943798042,0.8148980034722222,0.8739891480900331,0.9038020833333333,6,8cda977e9fd018c8b4943cd941885f673edd35df9ff45223b2f49aa0117c1462,0ef44a8ff8095d9eb17b6bd95af4ebac29288521851bdfc9edbfb580bd185e4e,G:\My Drive\Master_Thesis_Artifacts\runs\Transformer-JEPA\transformer_jepa_v5_hd_infonce_allpos_b12\thesis_eval\final\results__unified_eval_v4.json
Mamba-AR,mamba,ar,16,42,bf16,native,0.9904934470119522,0.9073922938438035,0.990412411370518,0.9905814215139441,0.9072853224484023,0.9075009745404312,0.6658341571065488,0.74623779296875,0.8334980436893495,0.873739501953125,11,0.6626084707843506,0.743322021484375,0.8140510729442983,0.857954345703125,11,86b7b3c19c1f85fb348a36b756849495aa535427abe9834cbe6ddebe7e52f184,20dc4d4e6c57313038b202fb3f6f762a18beae2fe62617601bf77765f68a124e,G:\My Drive\Master_Thesis_Artifacts\runs\Mamba-AR\mamba_ar_b16\thesis_eval\final\results__unified_eval_v4.json
Mamba-JEPA,mamba,jepa,16,42,bf16,linear,0.984132067250996,0.904245547467041,0.9840262299282867,0.9842427281593625,0.9041518408052429,0.9043352935997987,0.6618031249022283,0.742754638671875,0.8376630440500344,0.875616455078125,12,0.6565803318662294,0.738215576171875,0.812615581016808,0.855826416015625,13,93fdf9560afd7bc712ac2c2fdf32c682a59a89176fcdff697c62695ac3fa05cc,20dc4d4e6c57313038b202fb3f6f762a18beae2fe62617601bf77765f68a124e,G:\My Drive\Master_Thesis_Artifacts\runs\Mamba-JEPA\mamba_jepa_v5_hd_infonce_allpos_b16\thesis_eval\final\results__unified_eval_v4.json
Transformer-AR,transformer,ar,16,42,bf16,native,0.9899081781673307,0.8878675716880394,0.9898254349402391,0.9899895569482071,0.8877635903954416,0.8879843423457804,0.6680634861924696,0.747871826171875,0.8287771529299505,0.87024560546875,8,0.6703267035722074,0.7494052734375,0.8048584044215886,0.85163330078125,7,39ba5994de998b615353189561ee7f104209a48c2e27ae654a2fb1c47beb0623,20dc4d4e6c57313038b202fb3f6f762a18beae2fe62617601bf77765f68a124e,G:\My Drive\Master_Thesis_Artifacts\runs\Transformer-AR\transformer_ar_b16\thesis_eval\final\results__unified_eval_v4.json
Transformer-JEPA,transformer,jepa,16,42,bf16,linear,0.9753935055953963,0.879341765756636,0.9752617172968128,0.9755274925261177,0.8792334448341175,0.8794586425463475,0.6626106609557519,0.743572265625,0.7837415205962436,0.834909912109375,7,0.6570478500320821,0.738241455078125,0.7599060987507289,0.815550048828125,7,b11199e3483a8a0a2da0fb225d0a7aedcb33a67fd968356542c70a78e812a571,20dc4d4e6c57313038b202fb3f6f762a18beae2fe62617601bf77765f68a124e,G:\My Drive\Master_Thesis_Artifacts\runs\Transformer-JEPA\transformer_jepa_v5_hd_infonce_allpos_b16\thesis_eval\final\results__unified_eval_v4.json
