system,board,layer,normalized_depth,relative_macro,relative_overall,selected
Mamba-AR,8,0,0.0,0.5815451207504521,0.647833984375,False
Mamba-AR,8,1,0.06666666666666667,0.7199602264465627,0.778505859375,False
Mamba-AR,8,2,0.13333333333333333,0.82757317197759,0.8595244140625,False
Mamba-AR,8,3,0.2,0.8553285541806569,0.8812041015625,False
Mamba-AR,8,4,0.26666666666666666,0.8838400375415755,0.907099609375,False
Mamba-AR,8,5,0.3333333333333333,0.895376759190963,0.9161943359375,False
Mamba-AR,8,6,0.4,0.9116613798245209,0.929494140625,False
Mamba-AR,8,7,0.4666666666666667,0.9232601481076465,0.9387998046875,False
Mamba-AR,8,8,0.5333333333333333,0.9339459655916519,0.9478017578125,False
Mamba-AR,8,9,0.6,0.9485230985947215,0.959806640625,False
Mamba-AR,8,10,0.6666666666666666,0.9633619834714171,0.9713134765625,False
Mamba-AR,8,11,0.7333333333333333,0.9754751780518317,0.9808818359375,False
Mamba-AR,8,12,0.8,0.9784806119729735,0.9832353515625,True
Mamba-AR,8,13,0.8666666666666667,0.9781009520111782,0.9829423828125,False
Mamba-AR,8,14,0.9333333333333333,0.9685131089208406,0.9748916015625,False
Mamba-AR,8,15,1.0,0.9685879495674733,0.975013671875,False
Mamba-JEPA,8,0,0.0,0.5815926564404889,0.6481796875,False
Mamba-JEPA,8,1,0.06666666666666667,0.7045065195018451,0.7612861328125,False
Mamba-JEPA,8,2,0.13333333333333333,0.8086668619670863,0.8390458984375,False
Mamba-JEPA,8,3,0.2,0.841895368650358,0.8721640625,False
Mamba-JEPA,8,4,0.26666666666666666,0.8572038105645522,0.8862607421875,False
Mamba-JEPA,8,5,0.3333333333333333,0.8665779327341064,0.8946318359375,False
Mamba-JEPA,8,6,0.4,0.916426710765847,0.9335771484375,False
Mamba-JEPA,8,7,0.4666666666666667,0.9232728466297916,0.9393876953125,False
Mamba-JEPA,8,8,0.5333333333333333,0.9264804390842559,0.941888671875,False
Mamba-JEPA,8,9,0.6,0.9631779521578844,0.9709375,False
Mamba-JEPA,8,10,0.6666666666666666,0.9673962382921402,0.9740927734375,False
Mamba-JEPA,8,11,0.7333333333333333,0.9768807915744953,0.98200390625,False
Mamba-JEPA,8,12,0.8,0.9799630749315353,0.984421875,False
Mamba-JEPA,8,13,0.8666666666666667,0.9804064036152611,0.9847822265625,True
Mamba-JEPA,8,14,0.9333333333333333,0.963715786555419,0.971044921875,False
Mamba-JEPA,8,15,1.0,0.9570381905655835,0.96541796875,False
Transformer-AR,8,0,0.0,0.5821492733033781,0.647939453125,False
Transformer-AR,8,1,0.125,0.843129415307947,0.8771748046875,False
Transformer-AR,8,2,0.25,0.8938744068014629,0.917375,False
Transformer-AR,8,3,0.375,0.9299289558303561,0.9453740234375,False
Transformer-AR,8,4,0.5,0.9498459148413941,0.9608955078125,False
Transformer-AR,8,5,0.625,0.9644659484999254,0.9723056640625,False
Transformer-AR,8,6,0.75,0.9691493083797895,0.9759423828125,True
Transformer-AR,8,7,0.875,0.9686436778494955,0.9753984375,False
Transformer-AR,8,8,1.0,0.9682400071516954,0.97509765625,False
Transformer-JEPA,8,0,0.0,0.58172418703354,0.6480654296875,False
Transformer-JEPA,8,1,0.125,0.8374074807555264,0.8724609375,False
Transformer-JEPA,8,2,0.25,0.8913339958012165,0.9153515625,False
Transformer-JEPA,8,3,0.375,0.9234513211628963,0.9403837890625,False
Transformer-JEPA,8,4,0.5,0.9485170749924631,0.9599287109375,False
Transformer-JEPA,8,5,0.625,0.9637353420109936,0.971748046875,False
Transformer-JEPA,8,6,0.75,0.9672444647505151,0.97453125,True
Transformer-JEPA,8,7,0.875,0.961595266609196,0.9697490234375,False
Transformer-JEPA,8,8,1.0,0.9572488996484485,0.9659853515625,False
Mamba-AR,12,0,0.0,0.574560756277065,0.6502044270833334,False
Mamba-AR,12,1,0.06666666666666667,0.6912718252139646,0.7620776909722222,False
Mamba-AR,12,2,0.13333333333333333,0.8352240183097935,0.8688702256944445,False
Mamba-AR,12,3,0.2,0.833558285907027,0.8668129340277778,False
Mamba-AR,12,4,0.26666666666666666,0.8345424948656907,0.8670425347222223,False
Mamba-AR,12,5,0.3333333333333333,0.8425514113904713,0.8739678819444444,False
Mamba-AR,12,6,0.4,0.8472063062326555,0.8773893229166667,False
Mamba-AR,12,7,0.4666666666666667,0.8555303052676005,0.8838151041666666,False
Mamba-AR,12,8,0.5333333333333333,0.866172739441148,0.8926579861111111,False
Mamba-AR,12,9,0.6,0.8822584361194538,0.9068029513888889,False
Mamba-AR,12,10,0.6666666666666666,0.9045980984077856,0.92719140625,False
Mamba-AR,12,11,0.7333333333333333,0.9086642224465232,0.9303103298611111,False
Mamba-AR,12,12,0.8,0.9136731030499549,0.9341306423611111,True
Mamba-AR,12,13,0.8666666666666667,0.9132374486222187,0.9337643229166667,False
Mamba-AR,12,14,0.9333333333333333,0.911080329530046,0.9320486111111111,False
Mamba-AR,12,15,1.0,0.9108810880654827,0.9318849826388889,False
Mamba-JEPA,12,0,0.0,0.5743090054624332,0.64995703125,False
Mamba-JEPA,12,1,0.06666666666666667,0.669416378734789,0.7336284722222223,False
Mamba-JEPA,12,2,0.13333333333333333,0.734433762880358,0.7786488715277777,False
Mamba-JEPA,12,3,0.2,0.7406205251977274,0.78310546875,False
Mamba-JEPA,12,4,0.26666666666666666,0.7540997488569671,0.7939431423611111,False
Mamba-JEPA,12,5,0.3333333333333333,0.7944039737636331,0.8365212673611111,False
Mamba-JEPA,12,6,0.4,0.8097143242850396,0.852421875,False
Mamba-JEPA,12,7,0.4666666666666667,0.8102480970970384,0.8537022569444445,False
Mamba-JEPA,12,8,0.5333333333333333,0.8400840952745713,0.8765711805555556,False
Mamba-JEPA,12,9,0.6,0.8413648671882407,0.8782222222222222,False
Mamba-JEPA,12,10,0.6666666666666666,0.9198209248780774,0.9382777777777778,False
Mamba-JEPA,12,11,0.7333333333333333,0.9250039997274944,0.9426271701388889,False
Mamba-JEPA,12,12,0.8,0.9285442358398045,0.9454192708333333,True
Mamba-JEPA,12,13,0.8666666666666667,0.9247865005590287,0.9424418402777778,False
Mamba-JEPA,12,14,0.9333333333333333,0.9140071139417363,0.9337217881944444,False
Mamba-JEPA,12,15,1.0,0.9100901394160003,0.9303450520833333,False
Transformer-AR,12,0,0.0,0.5755774705390314,0.6502925347222223,False
Transformer-AR,12,1,0.125,0.6822846346156037,0.7463042534722222,False
Transformer-AR,12,2,0.25,0.7365284520557244,0.79754296875,False
Transformer-AR,12,3,0.375,0.7671296386446621,0.8220112847222222,False
Transformer-AR,12,4,0.5,0.8202987635968048,0.8628311631944444,False
Transformer-AR,12,5,0.625,0.8704015332188181,0.901203125,False
Transformer-AR,12,6,0.75,0.8856981031707575,0.912859375,False
Transformer-AR,12,7,0.875,0.8916675195239668,0.9173532986111111,True
Transformer-AR,12,8,1.0,0.8916327040531528,0.9173038194444444,False
Transformer-JEPA,12,0,0.0,0.5752837322142534,0.6500412326388889,False
Transformer-JEPA,12,1,0.125,0.6629473097407371,0.7272560763888889,False
Transformer-JEPA,12,2,0.25,0.751967516678222,0.8068567708333333,False
Transformer-JEPA,12,3,0.375,0.7886926802123201,0.8382795138888889,False
Transformer-JEPA,12,4,0.5,0.8091389877617589,0.8544110243055556,False
Transformer-JEPA,12,5,0.625,0.867731044350626,0.8991853298611111,False
Transformer-JEPA,12,6,0.75,0.8847530936664642,0.9120950520833333,True
Transformer-JEPA,12,7,0.875,0.8827138818118798,0.9099466145833334,False
Transformer-JEPA,12,8,1.0,0.8744083149278022,0.9025238715277778,False
Mamba-AR,16,0,0.0,0.5783936076773359,0.65674267578125,False
Mamba-AR,16,1,0.06666666666666667,0.6356113480418316,0.71365576171875,False
Mamba-AR,16,2,0.13333333333333333,0.6604286441055817,0.72976123046875,False
Mamba-AR,16,3,0.2,0.757059581424614,0.8003896484375,False
Mamba-AR,16,4,0.26666666666666666,0.7604086061756071,0.8041357421875,False
Mamba-AR,16,5,0.3333333333333333,0.768904851970957,0.812431396484375,False
Mamba-AR,16,6,0.4,0.7757385514515995,0.818674072265625,False
Mamba-AR,16,7,0.4666666666666667,0.7855980756881343,0.827725830078125,False
Mamba-AR,16,8,0.5333333333333333,0.7970782486016844,0.83823681640625,False
Mamba-AR,16,9,0.6,0.8152600953868854,0.856024169921875,False
Mamba-AR,16,10,0.6666666666666666,0.8241155961855214,0.86441259765625,False
Mamba-AR,16,11,0.7333333333333333,0.8334980436893495,0.873739501953125,True
Mamba-AR,16,12,0.8,0.8333083259140303,0.873652099609375,False
Mamba-AR,16,13,0.8666666666666667,0.8314349780895082,0.87223974609375,False
Mamba-AR,16,14,0.9333333333333333,0.8299230070960083,0.87105859375,False
Mamba-AR,16,15,1.0,0.8293357796641497,0.8706201171875,False
Mamba-JEPA,16,0,0.0,0.5767350454083422,0.655452880859375,False
Mamba-JEPA,16,1,0.06666666666666667,0.6193452483991854,0.69661181640625,False
Mamba-JEPA,16,2,0.13333333333333333,0.6468008656129153,0.717924560546875,False
Mamba-JEPA,16,3,0.2,0.6567242625492119,0.725121826171875,False
Mamba-JEPA,16,4,0.26666666666666666,0.6918846315812429,0.758366943359375,False
Mamba-JEPA,16,5,0.3333333333333333,0.7360530168571428,0.790510498046875,False
Mamba-JEPA,16,6,0.4,0.7460077237582273,0.8007802734375,False
Mamba-JEPA,16,7,0.4666666666666667,0.7490746925323295,0.804398681640625,False
Mamba-JEPA,16,8,0.5333333333333333,0.7498920781841555,0.80594091796875,False
Mamba-JEPA,16,9,0.6,0.8221566087152447,0.85944091796875,False
Mamba-JEPA,16,10,0.6666666666666666,0.8290786624267824,0.866242919921875,False
Mamba-JEPA,16,11,0.7333333333333333,0.835256924197771,0.872653564453125,False
Mamba-JEPA,16,12,0.8,0.8376630440500344,0.875616455078125,True
Mamba-JEPA,16,13,0.8666666666666667,0.8375267336647224,0.8761728515625,False
Mamba-JEPA,16,14,0.9333333333333333,0.8278056672716213,0.86850390625,False
Mamba-JEPA,16,15,1.0,0.8174664869874139,0.85962451171875,False
Transformer-AR,16,0,0.0,0.5781118931689441,0.655909423828125,False
Transformer-AR,16,1,0.125,0.6034246461409568,0.6803828125,False
Transformer-AR,16,2,0.25,0.6646927609391584,0.740898193359375,False
Transformer-AR,16,3,0.375,0.6850050482537249,0.76050634765625,False
Transformer-AR,16,4,0.5,0.7512839719754901,0.81131103515625,False
Transformer-AR,16,5,0.625,0.8108030394723734,0.85663818359375,False
Transformer-AR,16,6,0.75,0.823370314020255,0.866228759765625,False
Transformer-AR,16,7,0.875,0.8283870497036595,0.86997607421875,False
Transformer-AR,16,8,1.0,0.8287771529299505,0.87024560546875,True
Transformer-JEPA,16,0,0.0,0.5767742999489305,0.65456494140625,False
Transformer-JEPA,16,1,0.125,0.5930039313335925,0.669585205078125,False
Transformer-JEPA,16,2,0.25,0.6186833244831558,0.69577392578125,False
Transformer-JEPA,16,3,0.375,0.6454715390086386,0.7217841796875,False
Transformer-JEPA,16,4,0.5,0.6762650108995438,0.749509765625,False
Transformer-JEPA,16,5,0.625,0.7365680169883563,0.799029296875,False
Transformer-JEPA,16,6,0.75,0.781098388801771,0.83362841796875,False
Transformer-JEPA,16,7,0.875,0.7837415205962436,0.834909912109375,True
Transformer-JEPA,16,8,1.0,0.772082697499509,0.8247099609375,False
