board,system,legal_readout,P@1,P@2,P@3,P@5
8,Transformer-AR,native,0.9972275642656302,0.9827814917698614,0.9678315147773923,0.9244889445139758
8,Transformer-JEPA,linear,0.9941552957456984,0.9801499842282528,0.9655208124880581,0.9225624171135328
8,Mamba-AR,native,0.9984275737625962,0.9839375777988068,0.9689959106516389,0.9256935668230275
8,Mamba-JEPA,mlp,0.9971916114655515,0.9828503447737856,0.9680242805765562,0.9249095244394246
12,Transformer-AR,native,0.9941532373597305,0.987619687441238,0.9811836123628621,0.9633716331225554
12,Transformer-JEPA,linear,0.9852300420624812,0.9789116710931091,0.9727326733072421,0.9554052462485145
12,Mamba-AR,native,0.9951147395492429,0.9888989547299198,0.9826881132432073,0.965305867985375
12,Mamba-JEPA,linear,0.98991891302739,0.9839476072014469,0.9780532829823712,0.9612715326529196
16,Transformer-AR,native,0.9899009366504092,0.9854604490164832,0.9811725280577159,0.9701180730509973
16,Transformer-JEPA,linear,0.9753785294831777,0.9698915115383864,0.9648908995440143,0.9529735391176039
16,Mamba-AR,native,0.9904866172579223,0.986374812464591,0.9823636113063601,0.9717354446009537
16,Mamba-JEPA,linear,0.9841221150047066,0.9798336890342968,0.9758174643392008,0.965547260517831
