board,system,legal_readout,top1_legal,top1_ci_low,top1_ci_high,legal_probability_mass,legal_mass_ci_low,legal_mass_ci_high
8,Mamba-AR,native,99.84704184098469,99.8410894452496,99.85302508080912,99.34454921849662,99.33488392949315,99.35414791205869
8,Mamba-JEPA,mlp,99.71921195797793,99.71041142787493,99.7277195796219,98.90412736669273,98.89425832508594,98.91449643148368
8,Transformer-AR,native,99.72569789512421,99.71680813470117,99.73398489687642,98.47717220657087,98.4649904195081,98.48973340894304
8,Transformer-JEPA,linear,99.41561801728491,99.403713228473,99.42805229338933,97.76284699930459,97.75180111313605,97.77407932625131
12,Mamba-AR,native,99.51178834019424,99.50482188734574,99.51866632345028,95.41236508004808,95.40274365335829,95.422026900471
12,Mamba-JEPA,linear,98.99254071068756,98.9813261074479,99.0037073225393,95.47231496898569,95.46349119793062,95.48072008969203
12,Transformer-AR,native,99.4156995008246,99.40837123409491,99.42284842682503,93.13532396113256,93.12362832036294,93.14738035094875
12,Transformer-JEPA,linear,98.52395964510525,98.51077741946716,98.5370279445945,93.30207031950863,93.29183794686958,93.3125035992305
16,Mamba-AR,native,99.04934470119522,99.0412411370518,99.0581421513944,90.73922938438035,90.72853224484024,90.75009745404313
16,Mamba-JEPA,linear,98.4132067250996,98.40262299282867,98.42427281593625,90.4245547467041,90.41518408052428,90.43352935997987
16,Transformer-AR,native,98.99081781673307,98.98254349402391,98.99895569482071,88.78675716880394,88.77635903954416,88.79843423457804
16,Transformer-JEPA,linear,97.53935055953963,97.52617172968128,97.55274925261178,87.9341765756636,87.92334448341175,87.94586425463476
