board,system,legal_readout,0–25%,25–50%,50–75%,75–100%
8,Transformer-AR,native,0.9999226572824169,0.9986107915201113,0.9965968198742517,0.9939836797133738
8,Transformer-JEPA,linear,0.9998826524284946,0.9971329709766907,0.9919876519658001,0.9878098431645284
8,Mamba-AR,native,0.9999653291266007,0.9995912411262879,0.9981189792327303,0.9962796794677552
8,Mamba-JEPA,mlp,0.9999519941752932,0.9993196880283673,0.9965888155305612,0.9930439216743712
12,Transformer-AR,native,0.9970844314355459,0.9931909798584393,0.9930607180026763,0.993248451936252
12,Transformer-JEPA,linear,0.9945821875911115,0.9845624143500967,0.9820808124706932,0.9796727277718176
12,Mamba-AR,native,0.9989189529107093,0.9944601289398955,0.9938698720221416,0.9931901207569785
12,Mamba-JEPA,linear,0.9978962171927076,0.9890662453437062,0.9872788407653511,0.9854074833184264
16,Transformer-AR,native,0.9927512615409636,0.9877332579211814,0.9890491376620835,0.9900352048128388
16,Transformer-JEPA,linear,0.9833282191927027,0.9698887283367618,0.9732692084079139,0.9749394852745649
16,Mamba-AR,native,0.9953127789350771,0.9895407606555175,0.9887247641540905,0.9883523251665326
16,Mamba-JEPA,linear,0.9918176926395128,0.9825741757283923,0.9815246889223112,0.9805460129540748
