board,system,architecture,objective,legal_readout,phase_bin,phase,phase_start,phase_end,n_tokens,mean_legal_moves,top1_legal,legal_probability_mass,checkpoint_sha256,split_manifest_hash,source_results
8,Transformer-AR,transformer,ar,native,0,0–25%,0.0,0.25,749909,7.2214828732552885,0.9999226572824169,0.9995794792755485,a8372296a542876e0b4e5cee22a1e6940f9d3de6772e12835314e982a52b56d2,9b203eaa68ee72bda13dbeae13566df1869b618995743b21c52397aaf9b5146f,G:\My Drive\Master_Thesis_Artifacts\runs\Transformer-AR\transformer_ar_b8_bf16\thesis_eval\final\results__unified_eval_v4.json
8,Transformer-AR,transformer,ar,native,1,25–50%,0.25,0.5,699679,11.440670650398253,0.9986107915201113,0.9930474915459586,a8372296a542876e0b4e5cee22a1e6940f9d3de6772e12835314e982a52b56d2,9b203eaa68ee72bda13dbeae13566df1869b618995743b21c52397aaf9b5146f,G:\My Drive\Master_Thesis_Artifacts\runs\Transformer-AR\transformer_ar_b8_bf16\thesis_eval\final\results__unified_eval_v4.json
8,Transformer-AR,transformer,ar,native,2,50–75%,0.5,0.75,749593,10.837279697115635,0.9965968198742517,0.9782667421389885,a8372296a542876e0b4e5cee22a1e6940f9d3de6772e12835314e982a52b56d2,9b203eaa68ee72bda13dbeae13566df1869b618995743b21c52397aaf9b5146f,G:\My Drive\Master_Thesis_Artifacts\runs\Transformer-AR\transformer_ar_b8_bf16\thesis_eval\final\results__unified_eval_v4.json
8,Transformer-AR,transformer,ar,native,3,75–100%,0.75,1.0,749129,5.153512946368383,0.9939836797133738,0.9687113709935466,a8372296a542876e0b4e5cee22a1e6940f9d3de6772e12835314e982a52b56d2,9b203eaa68ee72bda13dbeae13566df1869b618995743b21c52397aaf9b5146f,G:\My Drive\Master_Thesis_Artifacts\runs\Transformer-AR\transformer_ar_b8_bf16\thesis_eval\final\results__unified_eval_v4.json
8,Transformer-JEPA,transformer,jepa,linear,0,0–25%,0.0,0.25,749909,7.2214828732552885,0.9998826524284946,0.9877121519737143,0c4eda770574ddd8577a7bf7ca0422a659e374232226e8b8ea7359c7d3447001,9b203eaa68ee72bda13dbeae13566df1869b618995743b21c52397aaf9b5146f,G:\My Drive\Master_Thesis_Artifacts\runs\Transformer-JEPA\jepa_v5_infonce_b8_run_001_hd_allpos_bf16\thesis_eval\final\results__unified_eval_v4.json
8,Transformer-JEPA,transformer,jepa,linear,1,25–50%,0.25,0.5,699679,11.440670650398253,0.9971329709766907,0.9834180343394774,0c4eda770574ddd8577a7bf7ca0422a659e374232226e8b8ea7359c7d3447001,9b203eaa68ee72bda13dbeae13566df1869b618995743b21c52397aaf9b5146f,G:\My Drive\Master_Thesis_Artifacts\runs\Transformer-JEPA\jepa_v5_infonce_b8_run_001_hd_allpos_bf16\thesis_eval\final\results__unified_eval_v4.json
8,Transformer-JEPA,transformer,jepa,linear,2,50–75%,0.5,0.75,749593,10.837279697115635,0.9919876519658001,0.9724405527884007,0c4eda770574ddd8577a7bf7ca0422a659e374232226e8b8ea7359c7d3447001,9b203eaa68ee72bda13dbeae13566df1869b618995743b21c52397aaf9b5146f,G:\My Drive\Master_Thesis_Artifacts\runs\Transformer-JEPA\jepa_v5_infonce_b8_run_001_hd_allpos_bf16\thesis_eval\final\results__unified_eval_v4.json
8,Transformer-JEPA,transformer,jepa,linear,3,75–100%,0.75,1.0,749129,5.153512946368383,0.9878098431645284,0.9673083314119516,0c4eda770574ddd8577a7bf7ca0422a659e374232226e8b8ea7359c7d3447001,9b203eaa68ee72bda13dbeae13566df1869b618995743b21c52397aaf9b5146f,G:\My Drive\Master_Thesis_Artifacts\runs\Transformer-JEPA\jepa_v5_infonce_b8_run_001_hd_allpos_bf16\thesis_eval\final\results__unified_eval_v4.json
8,Mamba-AR,mamba,ar,native,0,0–25%,0.0,0.25,749909,7.2214828732552885,0.9999653291266007,0.9997006403138483,84968ae53eb2344db59aa9f1ee647fbdffdce86bb3010e4a70c361b4104c2b4d,9b203eaa68ee72bda13dbeae13566df1869b618995743b21c52397aaf9b5146f,G:\My Drive\Master_Thesis_Artifacts\runs\Mamba-AR\mamba_ar_8x8_bf16\thesis_eval\final\results__unified_eval_v4.json
8,Mamba-AR,mamba,ar,native,1,25–50%,0.25,0.5,699679,11.440670650398253,0.9995912411262879,0.998343346613729,84968ae53eb2344db59aa9f1ee647fbdffdce86bb3010e4a70c361b4104c2b4d,9b203eaa68ee72bda13dbeae13566df1869b618995743b21c52397aaf9b5146f,G:\My Drive\Master_Thesis_Artifacts\runs\Mamba-AR\mamba_ar_8x8_bf16\thesis_eval\final\results__unified_eval_v4.json
8,Mamba-AR,mamba,ar,native,2,50–75%,0.5,0.75,749593,10.837279697115635,0.9981189792327303,0.9923446192514539,84968ae53eb2344db59aa9f1ee647fbdffdce86bb3010e4a70c361b4104c2b4d,9b203eaa68ee72bda13dbeae13566df1869b618995743b21c52397aaf9b5146f,G:\My Drive\Master_Thesis_Artifacts\runs\Mamba-AR\mamba_ar_8x8_bf16\thesis_eval\final\results__unified_eval_v4.json
8,Mamba-AR,mamba,ar,native,3,75–100%,0.75,1.0,749129,5.153512946368383,0.9962796794677552,0.9837052572380246,84968ae53eb2344db59aa9f1ee647fbdffdce86bb3010e4a70c361b4104c2b4d,9b203eaa68ee72bda13dbeae13566df1869b618995743b21c52397aaf9b5146f,G:\My Drive\Master_Thesis_Artifacts\runs\Mamba-AR\mamba_ar_8x8_bf16\thesis_eval\final\results__unified_eval_v4.json
8,Mamba-JEPA,mamba,jepa,mlp,0,0–25%,0.0,0.25,749909,7.2214828732552885,0.9999519941752932,0.997045140216148,6fb692303ad514c5122cb1e500f30b5f7576125ce81317e3a6f0a428612c351f,9b203eaa68ee72bda13dbeae13566df1869b618995743b21c52397aaf9b5146f,G:\My Drive\Master_Thesis_Artifacts\runs\Mamba-JEPA\mamba_jepa_v5_hd_infonce_allpos_b8\thesis_eval\final\results__unified_eval_v4.json
8,Mamba-JEPA,mamba,jepa,mlp,1,25–50%,0.25,0.5,699679,11.440670650398253,0.9993196880283673,0.9937846456578486,6fb692303ad514c5122cb1e500f30b5f7576125ce81317e3a6f0a428612c351f,9b203eaa68ee72bda13dbeae13566df1869b618995743b21c52397aaf9b5146f,G:\My Drive\Master_Thesis_Artifacts\runs\Mamba-JEPA\mamba_jepa_v5_hd_infonce_allpos_b8\thesis_eval\final\results__unified_eval_v4.json
8,Mamba-JEPA,mamba,jepa,mlp,2,50–75%,0.5,0.75,749593,10.837279697115635,0.9965888155305612,0.9871990549606006,6fb692303ad514c5122cb1e500f30b5f7576125ce81317e3a6f0a428612c351f,9b203eaa68ee72bda13dbeae13566df1869b618995743b21c52397aaf9b5146f,G:\My Drive\Master_Thesis_Artifacts\runs\Mamba-JEPA\mamba_jepa_v5_hd_infonce_allpos_b8\thesis_eval\final\results__unified_eval_v4.json
8,Mamba-JEPA,mamba,jepa,mlp,3,75–100%,0.75,1.0,749129,5.153512946368383,0.9930439216743712,0.9784331021673307,6fb692303ad514c5122cb1e500f30b5f7576125ce81317e3a6f0a428612c351f,9b203eaa68ee72bda13dbeae13566df1869b618995743b21c52397aaf9b5146f,G:\My Drive\Master_Thesis_Artifacts\runs\Mamba-JEPA\mamba_jepa_v5_hd_infonce_allpos_b8\thesis_eval\final\results__unified_eval_v4.json
12,Transformer-AR,transformer,ar,native,0,0–25%,0.0,0.25,1749230,11.701992876865821,0.9970844314355459,0.9725387350910907,cc3270ad1e75d9198b247c3228fe1999f491816c151d49285a12e2f0d942f175,0ef44a8ff8095d9eb17b6bd95af4ebac29288521851bdfc9edbfb580bd185e4e,G:\My Drive\Master_Thesis_Artifacts\runs\Transformer-AR\transformer_ar_b12\thesis_eval\final\results__unified_eval_v4.json
12,Transformer-AR,transformer,ar,native,1,25–50%,0.25,0.5,1698776,22.053474383909357,0.9931909798584393,0.9146716222783228,cc3270ad1e75d9198b247c3228fe1999f491816c151d49285a12e2f0d942f175,0ef44a8ff8095d9eb17b6bd95af4ebac29288521851bdfc9edbfb580bd185e4e,G:\My Drive\Master_Thesis_Artifacts\runs\Transformer-AR\transformer_ar_b12\thesis_eval\final\results__unified_eval_v4.json
12,Transformer-AR,transformer,ar,native,2,50–75%,0.5,0.75,1748740,22.372579685945308,0.9930607180026763,0.9120517876764278,cc3270ad1e75d9198b247c3228fe1999f491816c151d49285a12e2f0d942f175,0ef44a8ff8095d9eb17b6bd95af4ebac29288521851bdfc9edbfb580bd185e4e,G:\My Drive\Master_Thesis_Artifacts\runs\Transformer-AR\transformer_ar_b12\thesis_eval\final\results__unified_eval_v4.json
12,Transformer-AR,transformer,ar,native,3,75–100%,0.75,1.0,1748636,10.894246715725858,0.993248451936252,0.9254994173082038,cc3270ad1e75d9198b247c3228fe1999f491816c151d49285a12e2f0d942f175,0ef44a8ff8095d9eb17b6bd95af4ebac29288521851bdfc9edbfb580bd185e4e,G:\My Drive\Master_Thesis_Artifacts\runs\Transformer-AR\transformer_ar_b12\thesis_eval\final\results__unified_eval_v4.json
12,Transformer-JEPA,transformer,jepa,linear,0,0–25%,0.0,0.25,1749230,11.701992876865821,0.9945821875911115,0.9652303632928557,8cda977e9fd018c8b4943cd941885f673edd35df9ff45223b2f49aa0117c1462,0ef44a8ff8095d9eb17b6bd95af4ebac29288521851bdfc9edbfb580bd185e4e,G:\My Drive\Master_Thesis_Artifacts\runs\Transformer-JEPA\transformer_jepa_v5_hd_infonce_allpos_b12\thesis_eval\final\results__unified_eval_v4.json
12,Transformer-JEPA,transformer,jepa,linear,1,25–50%,0.25,0.5,1698776,22.053474383909357,0.9845624143500967,0.9178499422006389,8cda977e9fd018c8b4943cd941885f673edd35df9ff45223b2f49aa0117c1462,0ef44a8ff8095d9eb17b6bd95af4ebac29288521851bdfc9edbfb580bd185e4e,G:\My Drive\Master_Thesis_Artifacts\runs\Transformer-JEPA\transformer_jepa_v5_hd_infonce_allpos_b12\thesis_eval\final\results__unified_eval_v4.json
12,Transformer-JEPA,transformer,jepa,linear,2,50–75%,0.5,0.75,1748740,22.372579685945308,0.9820808124706932,0.9136862445978651,8cda977e9fd018c8b4943cd941885f673edd35df9ff45223b2f49aa0117c1462,0ef44a8ff8095d9eb17b6bd95af4ebac29288521851bdfc9edbfb580bd185e4e,G:\My Drive\Master_Thesis_Artifacts\runs\Transformer-JEPA\transformer_jepa_v5_hd_infonce_allpos_b12\thesis_eval\final\results__unified_eval_v4.json
12,Transformer-JEPA,transformer,jepa,linear,3,75–100%,0.75,1.0,1748636,10.894246715725858,0.9796727277718176,0.9347448492710188,8cda977e9fd018c8b4943cd941885f673edd35df9ff45223b2f49aa0117c1462,0ef44a8ff8095d9eb17b6bd95af4ebac29288521851bdfc9edbfb580bd185e4e,G:\My Drive\Master_Thesis_Artifacts\runs\Transformer-JEPA\transformer_jepa_v5_hd_infonce_allpos_b12\thesis_eval\final\results__unified_eval_v4.json
12,Mamba-AR,mamba,ar,native,0,0–25%,0.0,0.25,1749230,11.701992876865821,0.9989189529107093,0.9921845197749413,3acd7992e6f7777a8c49d3c3acdcb331175731b3ffd0b60a711ce462618965f7,0ef44a8ff8095d9eb17b6bd95af4ebac29288521851bdfc9edbfb580bd185e4e,G:\My Drive\Master_Thesis_Artifacts\runs\Mamba-AR\mamba_ar_b12\thesis_eval\final\results__unified_eval_v4.json
12,Mamba-AR,mamba,ar,native,1,25–50%,0.25,0.5,1698776,22.053474383909357,0.9944601289398955,0.9483693903873432,3acd7992e6f7777a8c49d3c3acdcb331175731b3ffd0b60a711ce462618965f7,0ef44a8ff8095d9eb17b6bd95af4ebac29288521851bdfc9edbfb580bd185e4e,G:\My Drive\Master_Thesis_Artifacts\runs\Mamba-AR\mamba_ar_b12\thesis_eval\final\results__unified_eval_v4.json
12,Mamba-AR,mamba,ar,native,2,50–75%,0.5,0.75,1748740,22.372579685945308,0.9938698720221416,0.9339290202887428,3acd7992e6f7777a8c49d3c3acdcb331175731b3ffd0b60a711ce462618965f7,0ef44a8ff8095d9eb17b6bd95af4ebac29288521851bdfc9edbfb580bd185e4e,G:\My Drive\Master_Thesis_Artifacts\runs\Mamba-AR\mamba_ar_b12\thesis_eval\final\results__unified_eval_v4.json
12,Mamba-AR,mamba,ar,native,3,75–100%,0.75,1.0,1748636,10.894246715725858,0.9931901207569785,0.9417196551006698,3acd7992e6f7777a8c49d3c3acdcb331175731b3ffd0b60a711ce462618965f7,0ef44a8ff8095d9eb17b6bd95af4ebac29288521851bdfc9edbfb580bd185e4e,G:\My Drive\Master_Thesis_Artifacts\runs\Mamba-AR\mamba_ar_b12\thesis_eval\final\results__unified_eval_v4.json
12,Mamba-JEPA,mamba,jepa,linear,0,0–25%,0.0,0.25,1749230,11.701992876865821,0.9978962171927076,0.9789921770277633,1641cdb2a8f662034caaa027e93338f66e650aa227d1b84910353a41caab6466,0ef44a8ff8095d9eb17b6bd95af4ebac29288521851bdfc9edbfb580bd185e4e,G:\My Drive\Master_Thesis_Artifacts\runs\Mamba-JEPA\mamba_jepa_v5_hd_infonce_allpos_b12\thesis_eval\final\results__unified_eval_v4.json
12,Mamba-JEPA,mamba,jepa,linear,1,25–50%,0.25,0.5,1698776,22.053474383909357,0.9890662453437062,0.9495499293431251,1641cdb2a8f662034caaa027e93338f66e650aa227d1b84910353a41caab6466,0ef44a8ff8095d9eb17b6bd95af4ebac29288521851bdfc9edbfb580bd185e4e,G:\My Drive\Master_Thesis_Artifacts\runs\Mamba-JEPA\mamba_jepa_v5_hd_infonce_allpos_b12\thesis_eval\final\results__unified_eval_v4.json
12,Mamba-JEPA,mamba,jepa,linear,2,50–75%,0.5,0.75,1748740,22.372579685945308,0.9872788407653511,0.9430079424335037,1641cdb2a8f662034caaa027e93338f66e650aa227d1b84910353a41caab6466,0ef44a8ff8095d9eb17b6bd95af4ebac29288521851bdfc9edbfb580bd185e4e,G:\My Drive\Master_Thesis_Artifacts\runs\Mamba-JEPA\mamba_jepa_v5_hd_infonce_allpos_b12\thesis_eval\final\results__unified_eval_v4.json
12,Mamba-JEPA,mamba,jepa,linear,3,75–100%,0.75,1.0,1748636,10.894246715725858,0.9854074833184264,0.9471085723330553,1641cdb2a8f662034caaa027e93338f66e650aa227d1b84910353a41caab6466,0ef44a8ff8095d9eb17b6bd95af4ebac29288521851bdfc9edbfb580bd185e4e,G:\My Drive\Master_Thesis_Artifacts\runs\Mamba-JEPA\mamba_jepa_v5_hd_infonce_allpos_b12\thesis_eval\final\results__unified_eval_v4.json
16,Transformer-AR,transformer,ar,native,0,0–25%,0.0,0.25,3148134,16.929260952678636,0.9927512615409636,0.9179861138522987,39ba5994de998b615353189561ee7f104209a48c2e27ae654a2fb1c47beb0623,20dc4d4e6c57313038b202fb3f6f762a18beae2fe62617601bf77765f68a124e,G:\My Drive\Master_Thesis_Artifacts\runs\Transformer-AR\transformer_ar_b16\thesis_eval\final\results__unified_eval_v4.json
16,Transformer-AR,transformer,ar,native,1,25–50%,0.25,0.5,3097644,33.65991185559089,0.9877332579211814,0.8653297583110086,39ba5994de998b615353189561ee7f104209a48c2e27ae654a2fb1c47beb0623,20dc4d4e6c57313038b202fb3f6f762a18beae2fe62617601bf77765f68a124e,G:\My Drive\Master_Thesis_Artifacts\runs\Transformer-AR\transformer_ar_b16\thesis_eval\final\results__unified_eval_v4.json
16,Transformer-AR,transformer,ar,native,2,50–75%,0.5,0.75,3147606,35.648139570200335,0.9890491376620835,0.8743768373714543,39ba5994de998b615353189561ee7f104209a48c2e27ae654a2fb1c47beb0623,20dc4d4e6c57313038b202fb3f6f762a18beae2fe62617601bf77765f68a124e,G:\My Drive\Master_Thesis_Artifacts\runs\Transformer-AR\transformer_ar_b16\thesis_eval\final\results__unified_eval_v4.json
16,Transformer-AR,transformer,ar,native,3,75–100%,0.75,1.0,3147581,18.00945646831646,0.9900352048128388,0.8931340469395873,39ba5994de998b615353189561ee7f104209a48c2e27ae654a2fb1c47beb0623,20dc4d4e6c57313038b202fb3f6f762a18beae2fe62617601bf77765f68a124e,G:\My Drive\Master_Thesis_Artifacts\runs\Transformer-AR\transformer_ar_b16\thesis_eval\final\results__unified_eval_v4.json
16,Transformer-JEPA,transformer,jepa,linear,0,0–25%,0.0,0.25,3148134,16.929260952678636,0.9833282191927027,0.9200022309578756,b11199e3483a8a0a2da0fb225d0a7aedcb33a67fd968356542c70a78e812a571,20dc4d4e6c57313038b202fb3f6f762a18beae2fe62617601bf77765f68a124e,G:\My Drive\Master_Thesis_Artifacts\runs\Transformer-JEPA\transformer_jepa_v5_hd_infonce_allpos_b16\thesis_eval\final\results__unified_eval_v4.json
16,Transformer-JEPA,transformer,jepa,linear,1,25–50%,0.25,0.5,3097644,33.65991185559089,0.9698887283367618,0.8428524427486622,b11199e3483a8a0a2da0fb225d0a7aedcb33a67fd968356542c70a78e812a571,20dc4d4e6c57313038b202fb3f6f762a18beae2fe62617601bf77765f68a124e,G:\My Drive\Master_Thesis_Artifacts\runs\Transformer-JEPA\transformer_jepa_v5_hd_infonce_allpos_b16\thesis_eval\final\results__unified_eval_v4.json
16,Transformer-JEPA,transformer,jepa,linear,2,50–75%,0.5,0.75,3147606,35.648139570200335,0.9732692084079139,0.8551500894995607,b11199e3483a8a0a2da0fb225d0a7aedcb33a67fd968356542c70a78e812a571,20dc4d4e6c57313038b202fb3f6f762a18beae2fe62617601bf77765f68a124e,G:\My Drive\Master_Thesis_Artifacts\runs\Transformer-JEPA\transformer_jepa_v5_hd_infonce_allpos_b16\thesis_eval\final\results__unified_eval_v4.json
16,Transformer-JEPA,transformer,jepa,linear,3,75–100%,0.75,1.0,3147581,18.00945646831646,0.9749394852745649,0.8984804469424226,b11199e3483a8a0a2da0fb225d0a7aedcb33a67fd968356542c70a78e812a571,20dc4d4e6c57313038b202fb3f6f762a18beae2fe62617601bf77765f68a124e,G:\My Drive\Master_Thesis_Artifacts\runs\Transformer-JEPA\transformer_jepa_v5_hd_infonce_allpos_b16\thesis_eval\final\results__unified_eval_v4.json
16,Mamba-AR,mamba,ar,native,0,0–25%,0.0,0.25,3148134,16.929260952678636,0.9953127789350771,0.9467704139865695,86b7b3c19c1f85fb348a36b756849495aa535427abe9834cbe6ddebe7e52f184,20dc4d4e6c57313038b202fb3f6f762a18beae2fe62617601bf77765f68a124e,G:\My Drive\Master_Thesis_Artifacts\runs\Mamba-AR\mamba_ar_b16\thesis_eval\final\results__unified_eval_v4.json
16,Mamba-AR,mamba,ar,native,1,25–50%,0.25,0.5,3097644,33.65991185559089,0.9895407606555175,0.8833356858658111,86b7b3c19c1f85fb348a36b756849495aa535427abe9834cbe6ddebe7e52f184,20dc4d4e6c57313038b202fb3f6f762a18beae2fe62617601bf77765f68a124e,G:\My Drive\Master_Thesis_Artifacts\runs\Mamba-AR\mamba_ar_b16\thesis_eval\final\results__unified_eval_v4.json
16,Mamba-AR,mamba,ar,native,2,50–75%,0.5,0.75,3147606,35.648139570200335,0.9887247641540905,0.8917440241948449,86b7b3c19c1f85fb348a36b756849495aa535427abe9834cbe6ddebe7e52f184,20dc4d4e6c57313038b202fb3f6f762a18beae2fe62617601bf77765f68a124e,G:\My Drive\Master_Thesis_Artifacts\runs\Mamba-AR\mamba_ar_b16\thesis_eval\final\results__unified_eval_v4.json
16,Mamba-AR,mamba,ar,native,3,75–100%,0.75,1.0,3147581,18.00945646831646,0.9883523251665326,0.9070764264064985,86b7b3c19c1f85fb348a36b756849495aa535427abe9834cbe6ddebe7e52f184,20dc4d4e6c57313038b202fb3f6f762a18beae2fe62617601bf77765f68a124e,G:\My Drive\Master_Thesis_Artifacts\runs\Mamba-AR\mamba_ar_b16\thesis_eval\final\results__unified_eval_v4.json
16,Mamba-JEPA,mamba,jepa,linear,0,0–25%,0.0,0.25,3148134,16.929260952678636,0.9918176926395128,0.9455818006903869,93fdf9560afd7bc712ac2c2fdf32c682a59a89176fcdff697c62695ac3fa05cc,20dc4d4e6c57313038b202fb3f6f762a18beae2fe62617601bf77765f68a124e,G:\My Drive\Master_Thesis_Artifacts\runs\Mamba-JEPA\mamba_jepa_v5_hd_infonce_allpos_b16\thesis_eval\final\results__unified_eval_v4.json
16,Mamba-JEPA,mamba,jepa,linear,1,25–50%,0.25,0.5,3097644,33.65991185559089,0.9825741757283923,0.881447958958486,93fdf9560afd7bc712ac2c2fdf32c682a59a89176fcdff697c62695ac3fa05cc,20dc4d4e6c57313038b202fb3f6f762a18beae2fe62617601bf77765f68a124e,G:\My Drive\Master_Thesis_Artifacts\runs\Mamba-JEPA\mamba_jepa_v5_hd_infonce_allpos_b16\thesis_eval\final\results__unified_eval_v4.json
16,Mamba-JEPA,mamba,jepa,linear,2,50–75%,0.5,0.75,3147606,35.648139570200335,0.9815246889223112,0.8889239875801277,93fdf9560afd7bc712ac2c2fdf32c682a59a89176fcdff697c62695ac3fa05cc,20dc4d4e6c57313038b202fb3f6f762a18beae2fe62617601bf77765f68a124e,G:\My Drive\Master_Thesis_Artifacts\runs\Mamba-JEPA\mamba_jepa_v5_hd_infonce_allpos_b16\thesis_eval\final\results__unified_eval_v4.json
16,Mamba-JEPA,mamba,jepa,linear,3,75–100%,0.75,1.0,3147581,18.00945646831646,0.9805460129540748,0.9004466222044413,93fdf9560afd7bc712ac2c2fdf32c682a59a89176fcdff697c62695ac3fa05cc,20dc4d4e6c57313038b202fb3f6f762a18beae2fe62617601bf77765f68a124e,G:\My Drive\Master_Thesis_Artifacts\runs\Mamba-JEPA\mamba_jepa_v5_hd_infonce_allpos_b16\thesis_eval\final\results__unified_eval_v4.json
