board,system,li,nanda,adapted,adapted_minus_random
8,Mamba-AR,0.7000000000000006,0.2000000000000001,6.399999999999995,7.099999999999995
8,Mamba-JEPA,1.100000000000001,0.1,7.899999999999996,6.799999999999995
8,Transformer-AR,5.399999999999993,1.19999999999999,6.699999999999995,7.599999999999996
8,Transformer-JEPA,4.799999999999994,1.39999999999999,6.499999999999995,7.699999999999996
12,Mamba-AR,0.9000000000000008,0.4000000000000003,3.500000000000003,3.8000000000000034
12,Mamba-JEPA,1.6000000000000014,0.2000000000000001,4.700000000000005,3.8000000000000034
12,Transformer-AR,-1.0000000000000009,0.9000000000000008,2.7000000000000024,4.400000000000004
12,Transformer-JEPA,0.2000000000000001,1.200000000000001,3.200000000000003,2.6000000000000023
16,Mamba-AR,0.4000000000000003,0.4000000000000003,2.6000000000000023,3.0000000000000027
16,Mamba-JEPA,-0.3000000000000002,0.1,1.3000000000000012,0.0
16,Transformer-AR,-0.9000000000000008,2.400000000000002,3.0000000000000027,2.8000000000000025
16,Transformer-JEPA,-0.1,-0.3000000000000002,-0.1,0.9000000000000008
